Copyright 1986-2022 Xilinx, Inc. All Rights Reserved. Copyright 2022-2026 Advanced Micro Devices, Inc. All Rights Reserved.
------------------------------------------------------------------------------------------------------------------------------------------------------------------------------------------------------------------------------------------
| Tool Version : Vivado v.2026.1 (win64) Build 6511674 Tue Jun 16 11:02:23 MDT 2026
| Date         : Wed Aug  5 16:09:24 2026
| Host         : DESKTOP-3RVCKQ3 running 64-bit major release  (build 9200)
| Command      : report_timing_summary -max_paths 10 -routable_nets -report_unconstrained -file phase1_top_timing_summary_routed.rpt -pb phase1_top_timing_summary_routed.pb -rpx phase1_top_timing_summary_routed.rpx -warn_on_violation
| Design       : phase1_top
| Device       : 7z020-clg400
| Speed File   : -1  PRODUCTION 1.12 2019-11-22
| Design State : Routed
------------------------------------------------------------------------------------------------------------------------------------------------------------------------------------------------------------------------------------------

Timing Summary Report

------------------------------------------------------------------------------------------------
| Timer Settings
| --------------
------------------------------------------------------------------------------------------------

  Enable Multi Corner Analysis               :  Yes
  Enable Pessimism Removal                   :  Yes
  Pessimism Removal Resolution               :  Nearest Common Node
  Enable Input Delay Default Clock           :  No
  Enable Preset / Clear Arcs                 :  No
  Disable Flight Delays                      :  No
  Ignore I/O Paths                           :  No
  Timing Early Launch at Borrowing Latches   :  No
  Borrow Time for Max Delay Exceptions       :  Yes
  Merge Timing Exceptions                    :  Yes
  Inter-SLR Compensation                     :  Conservative

  Corner  Analyze    Analyze    
  Name    Max Paths  Min Paths  
  ------  ---------  ---------  
  Slow    Yes        Yes        
  Fast    Yes        Yes        


------------------------------------------------------------------------------------------------
| Report Methodology
| ------------------
------------------------------------------------------------------------------------------------

Rule       Severity          Description                                                       Violations  
---------  ----------------  ----------------------------------------------------------------  ----------  
TIMING-6   Critical Warning  No common primary clock between related clocks                    2           
TIMING-56  Warning           Missing logically or physically excluded clock groups constraint  2           

Note: This report is based on the most recent report_methodology run and may not be up-to-date. Run report_methodology on the current design for the latest report.



check_timing report

Table of Contents
-----------------
1. checking no_clock (0)
2. checking constant_clock (0)
3. checking pulse_width_clock (0)
4. checking unconstrained_internal_endpoints (0)
5. checking no_input_delay (0)
6. checking no_output_delay (4)
7. checking multiple_clock (8)
8. checking generated_clocks (0)
9. checking loops (0)
10. checking partial_input_delay (0)
11. checking partial_output_delay (0)
12. checking latch_loops (0)

1. checking no_clock (0)
------------------------
 There are 0 register/latch pins with no clock.


2. checking constant_clock (0)
------------------------------
 There are 0 register/latch pins with constant_clock.


3. checking pulse_width_clock (0)
---------------------------------
 There are 0 register/latch pins which need pulse_width check


4. checking unconstrained_internal_endpoints (0)
------------------------------------------------
 There are 0 pins that are not constrained for maximum delay.

 There are 0 pins that are not constrained for maximum delay due to constant clock.


5. checking no_input_delay (0)
------------------------------
 There are 0 input ports with no input delay specified.

 There are 0 input ports with no input delay but user has a false path constraint.


6. checking no_output_delay (4)
-------------------------------
 There are 4 ports with no output delay specified. (HIGH)

 There are 0 ports with no output delay but user has a false path constraint

 There are 0 ports with no output delay but with a timing clock defined on it or propagating through it


7. checking multiple_clock (8)
------------------------------
 There are 8 register/latch pins with multiple clocks. (HIGH)


8. checking generated_clocks (0)
--------------------------------
 There are 0 generated clocks that are not connected to a clock source.


9. checking loops (0)
---------------------
 There are 0 combinational loops in the design.


10. checking partial_input_delay (0)
------------------------------------
 There are 0 input ports with partial input delay specified.


11. checking partial_output_delay (0)
-------------------------------------
 There are 0 ports with partial output delay specified.


12. checking latch_loops (0)
----------------------------
 There are 0 combinational latch loops in the design through latch input



------------------------------------------------------------------------------------------------
| Design Timing Summary
| ---------------------
------------------------------------------------------------------------------------------------

    WNS(ns)      TNS(ns)  TNS Failing Endpoints  TNS Total Endpoints      WHS(ns)      THS(ns)  THS Failing Endpoints  THS Total Endpoints     WPWS(ns)     TPWS(ns)  TPWS Failing Endpoints  TPWS Total Endpoints  
    -------      -------  ---------------------  -------------------      -------      -------  ---------------------  -------------------     --------     --------  ----------------------  --------------------  
     78.316        0.000                      0                    8        0.028        0.000                      0                    8        2.000        0.000                       0                    14  


All user specified timing constraints are met.


------------------------------------------------------------------------------------------------
| Clock Summary
| -------------
------------------------------------------------------------------------------------------------

Clock                       Waveform(ns)         Period(ns)      Frequency(MHz)
-----                       ------------         ----------      --------------
sys_clk_pin                 {0.000 4.000}        8.000           125.000         
  clk_out1_clk_wiz_audio_1  {0.000 40.690}       81.380          12.288          
  clkfbout_clk_wiz_audio_1  {0.000 28.000}       56.000          17.857          
sysclk                      {0.000 4.000}        8.000           125.000         
  clk_out1_clk_wiz_audio    {0.000 40.690}       81.380          12.288          
  clkfbout_clk_wiz_audio    {0.000 28.000}       56.000          17.857          


------------------------------------------------------------------------------------------------
| Intra Clock Table
| -----------------
------------------------------------------------------------------------------------------------

Clock                           WNS(ns)      TNS(ns)  TNS Failing Endpoints  TNS Total Endpoints      WHS(ns)      THS(ns)  THS Failing Endpoints  THS Total Endpoints     WPWS(ns)     TPWS(ns)  TPWS Failing Endpoints  TPWS Total Endpoints  
-----                           -------      -------  ---------------------  -------------------      -------      -------  ---------------------  -------------------     --------     --------  ----------------------  --------------------  
sys_clk_pin                                                                                                                                                                   2.000        0.000                       0                     1  
  clk_out1_clk_wiz_audio_1       78.327        0.000                      0                    8        0.268        0.000                      0                    8       40.190        0.000                       0                    10  
  clkfbout_clk_wiz_audio_1                                                                                                                                                   44.000        0.000                       0                     3  
sysclk                                                                                                                                                                        2.000        0.000                       0                     1  
  clk_out1_clk_wiz_audio         78.316        0.000                      0                    8        0.268        0.000                      0                    8       40.190        0.000                       0                    10  
  clkfbout_clk_wiz_audio                                                                                                                                                     44.000        0.000                       0                     3  


------------------------------------------------------------------------------------------------
| Inter Clock Table
| -----------------
------------------------------------------------------------------------------------------------

From Clock                To Clock                      WNS(ns)      TNS(ns)  TNS Failing Endpoints  TNS Total Endpoints      WHS(ns)      THS(ns)  THS Failing Endpoints  THS Total Endpoints  
----------                --------                      -------      -------  ---------------------  -------------------      -------      -------  ---------------------  -------------------  
clk_out1_clk_wiz_audio    clk_out1_clk_wiz_audio_1       78.316        0.000                      0                    8        0.028        0.000                      0                    8  
clk_out1_clk_wiz_audio_1  clk_out1_clk_wiz_audio         78.316        0.000                      0                    8        0.028        0.000                      0                    8  


------------------------------------------------------------------------------------------------
| Other Path Groups Table
| -----------------------
------------------------------------------------------------------------------------------------

Path Group    From Clock    To Clock          WNS(ns)      TNS(ns)  TNS Failing Endpoints  TNS Total Endpoints      WHS(ns)      THS(ns)  THS Failing Endpoints  THS Total Endpoints  
----------    ----------    --------          -------      -------  ---------------------  -------------------      -------      -------  ---------------------  -------------------  


------------------------------------------------------------------------------------------------
| User Ignored Path Table
| -----------------------
------------------------------------------------------------------------------------------------

Path Group    From Clock    To Clock    
----------    ----------    --------    


------------------------------------------------------------------------------------------------
| Unconstrained Path Table
| ------------------------
------------------------------------------------------------------------------------------------

Path Group                From Clock                To Clock                
----------                ----------                --------                
(none)                                                                        
(none)                    clk_out1_clk_wiz_audio                              
(none)                    clk_out1_clk_wiz_audio_1                            


------------------------------------------------------------------------------------------------
| Timing Details
| --------------
------------------------------------------------------------------------------------------------


---------------------------------------------------------------------------------------------------
From Clock:  sys_clk_pin
  To Clock:  sys_clk_pin

Setup :           NA  Failing Endpoints,  Worst Slack           NA  ,  Total Violation           NA
Hold  :           NA  Failing Endpoints,  Worst Slack           NA  ,  Total Violation           NA
PW    :            0  Failing Endpoints,  Worst Slack        2.000ns,  Total Violation        0.000ns
---------------------------------------------------------------------------------------------------


Pulse Width Checks
--------------------------------------------------------------------------------------
Clock Name:         sys_clk_pin
Waveform(ns):       { 0.000 4.000 }
Period(ns):         8.000
Sources:            { sysclk }

Check Type        Corner  Lib Pin            Reference Pin  Required(ns)  Actual(ns)  Slack(ns)  Location         Pin
Min Period        n/a     MMCME2_ADV/CLKIN1  n/a            1.249         8.000       6.751      MMCME2_ADV_X1Y2  u_mmcm/inst/mmcm_adv_inst/CLKIN1
Max Period        n/a     MMCME2_ADV/CLKIN1  n/a            100.000       8.000       92.000     MMCME2_ADV_X1Y2  u_mmcm/inst/mmcm_adv_inst/CLKIN1
Low Pulse Width   Slow    MMCME2_ADV/CLKIN1  n/a            2.000         4.000       2.000      MMCME2_ADV_X1Y2  u_mmcm/inst/mmcm_adv_inst/CLKIN1
Low Pulse Width   Fast    MMCME2_ADV/CLKIN1  n/a            2.000         4.000       2.000      MMCME2_ADV_X1Y2  u_mmcm/inst/mmcm_adv_inst/CLKIN1
High Pulse Width  Slow    MMCME2_ADV/CLKIN1  n/a            2.000         4.000       2.000      MMCME2_ADV_X1Y2  u_mmcm/inst/mmcm_adv_inst/CLKIN1
High Pulse Width  Fast    MMCME2_ADV/CLKIN1  n/a            2.000         4.000       2.000      MMCME2_ADV_X1Y2  u_mmcm/inst/mmcm_adv_inst/CLKIN1



---------------------------------------------------------------------------------------------------
From Clock:  clk_out1_clk_wiz_audio_1
  To Clock:  clk_out1_clk_wiz_audio_1

Setup :            0  Failing Endpoints,  Worst Slack       78.327ns,  Total Violation        0.000ns
Hold  :            0  Failing Endpoints,  Worst Slack        0.268ns,  Total Violation        0.000ns
PW    :            0  Failing Endpoints,  Worst Slack       40.190ns,  Total Violation        0.000ns
---------------------------------------------------------------------------------------------------


Max Delay Paths
--------------------------------------------------------------------------------------
Slack (MET) :             78.327ns  (required time - arrival time)
  Source:                 u_div/cnt_reg[1]/C
                            (rising edge-triggered cell FDCE clocked by clk_out1_clk_wiz_audio_1  {rise@0.000ns fall@40.690ns period=81.380ns})
  Destination:            u_div/cnt_reg[6]/D
                            (rising edge-triggered cell FDCE clocked by clk_out1_clk_wiz_audio_1  {rise@0.000ns fall@40.690ns period=81.380ns})
  Path Group:             clk_out1_clk_wiz_audio_1
  Path Type:              Setup (Max at Slow Process Corner)
  Requirement:            81.380ns  (clk_out1_clk_wiz_audio_1 rise@81.380ns - clk_out1_clk_wiz_audio_1 rise@0.000ns)
  Data Path Delay:        2.833ns  (logic 0.766ns (27.036%)  route 2.067ns (72.964%))
  Logic Levels:           2  (LUT2=1 LUT6=1)
  Clock Path Skew:        -0.022ns (DCD - SCD + CPR)
    Destination Clock Delay (DCD):    -1.497ns = ( 79.883 - 81.380 ) 
    Source Clock Delay      (SCD):    -0.868ns
    Clock Pessimism Removal (CPR):    0.607ns
  Clock Uncertainty:      0.228ns  ((TSJ^2 + DJ^2)^1/2) / 2 + PE
    Total System Jitter     (TSJ):    0.071ns
    Discrete Jitter          (DJ):    0.451ns
    Phase Error              (PE):    0.000ns

    Location             Delay type                Incr(ns)  Path(ns)    Netlist Resource(s)
  -------------------------------------------------------------------    -------------------
                         (clock clk_out1_clk_wiz_audio_1 rise edge)
                                                      0.000     0.000 r  <hidden>
    H16                                               0.000     0.000 r  sysclk
                         net (fo=0)                   0.000     0.000    u_mmcm/inst/clk_in1
    H16                  IBUF (Prop_ibuf_I_O)         1.451     1.451 r  u_mmcm/inst/clkin1_ibufg/O
                         net (fo=1, routed)           1.285     2.736    u_mmcm/inst/clk_in1_clk_wiz_audio
    MMCME2_ADV_X1Y2      MMCME2_ADV (Prop_mmcme2_adv_CLKIN1_CLKOUT0)
                                                     -7.759    -5.023 r  u_mmcm/inst/mmcm_adv_inst/CLKOUT0
                         net (fo=1, routed)           2.206    -2.817    u_mmcm/inst/clk_out1_clk_wiz_audio
    BUFGCTRL_X0Y16       BUFG (Prop_bufg_I_O)         0.101    -2.716 r  u_mmcm/inst/clkout1_buf/O
                         net (fo=10, routed)          1.848    -0.868    u_div/clk
    SLICE_X112Y72        FDCE                                         r  u_div/cnt_reg[1]/C
  -------------------------------------------------------------------    -------------------
    SLICE_X112Y72        FDCE (Prop_fdce_C_Q)         0.518    -0.350 r  u_div/cnt_reg[1]/Q
                         net (fo=8, routed)           1.660     1.310    u_div/out[0]
    SLICE_X113Y72        LUT6 (Prop_lut6_I2_O)        0.124     1.434 r  u_div/cnt[7]_i_3/O
                         net (fo=2, routed)           0.407     1.841    u_div/cnt[7]_i_3_n_0
    SLICE_X113Y72        LUT2 (Prop_lut2_I0_O)        0.124     1.965 r  u_div/cnt[6]_i_1/O
                         net (fo=1, routed)           0.000     1.965    u_div/p_0_in[6]
    SLICE_X113Y72        FDCE                                         r  u_div/cnt_reg[6]/D
  -------------------------------------------------------------------    -------------------

                         (clock clk_out1_clk_wiz_audio_1 rise edge)
                                                     81.380    81.380 r  <hidden>
    H16                                               0.000    81.380 r  sysclk
                         net (fo=0)                   0.000    81.380    u_mmcm/inst/clk_in1
    H16                  IBUF (Prop_ibuf_I_O)         1.380    82.760 r  u_mmcm/inst/clkin1_ibufg/O
                         net (fo=1, routed)           1.162    83.922    u_mmcm/inst/clk_in1_clk_wiz_audio
    MMCME2_ADV_X1Y2      MMCME2_ADV (Prop_mmcme2_adv_CLKIN1_CLKOUT0)
                                                     -7.814    76.108 r  u_mmcm/inst/mmcm_adv_inst/CLKOUT0
                         net (fo=1, routed)           2.012    78.120    u_mmcm/inst/clk_out1_clk_wiz_audio
    BUFGCTRL_X0Y16       BUFG (Prop_bufg_I_O)         0.091    78.211 r  u_mmcm/inst/clkout1_buf/O
                         net (fo=10, routed)          1.672    79.883    u_div/clk
    SLICE_X113Y72        FDCE                                         r  u_div/cnt_reg[6]/C
                         clock pessimism              0.607    80.490    <hidden>
                         clock uncertainty           -0.228    80.261    <hidden>
    SLICE_X113Y72        FDCE (Setup_fdce_C_D)        0.031    80.292    u_div/cnt_reg[6]
  -------------------------------------------------------------------
                         required time                         80.292    <hidden>
                         arrival time                          -1.965    <hidden>
  -------------------------------------------------------------------
                         slack                                 78.327    <hidden>

Slack (MET) :             78.376ns  (required time - arrival time)
  Source:                 u_div/cnt_reg[1]/C
                            (rising edge-triggered cell FDCE clocked by clk_out1_clk_wiz_audio_1  {rise@0.000ns fall@40.690ns period=81.380ns})
  Destination:            u_div/cnt_reg[7]/D
                            (rising edge-triggered cell FDCE clocked by clk_out1_clk_wiz_audio_1  {rise@0.000ns fall@40.690ns period=81.380ns})
  Path Group:             clk_out1_clk_wiz_audio_1
  Path Type:              Setup (Max at Slow Process Corner)
  Requirement:            81.380ns  (clk_out1_clk_wiz_audio_1 rise@81.380ns - clk_out1_clk_wiz_audio_1 rise@0.000ns)
  Data Path Delay:        2.828ns  (logic 0.761ns (26.907%)  route 2.067ns (73.093%))
  Logic Levels:           2  (LUT3=1 LUT6=1)
  Clock Path Skew:        -0.022ns (DCD - SCD + CPR)
    Destination Clock Delay (DCD):    -1.497ns = ( 79.883 - 81.380 ) 
    Source Clock Delay      (SCD):    -0.868ns
    Clock Pessimism Removal (CPR):    0.607ns
  Clock Uncertainty:      0.228ns  ((TSJ^2 + DJ^2)^1/2) / 2 + PE
    Total System Jitter     (TSJ):    0.071ns
    Discrete Jitter          (DJ):    0.451ns
    Phase Error              (PE):    0.000ns

    Location             Delay type                Incr(ns)  Path(ns)    Netlist Resource(s)
  -------------------------------------------------------------------    -------------------
                         (clock clk_out1_clk_wiz_audio_1 rise edge)
                                                      0.000     0.000 r  <hidden>
    H16                                               0.000     0.000 r  sysclk
                         net (fo=0)                   0.000     0.000    u_mmcm/inst/clk_in1
    H16                  IBUF (Prop_ibuf_I_O)         1.451     1.451 r  u_mmcm/inst/clkin1_ibufg/O
                         net (fo=1, routed)           1.285     2.736    u_mmcm/inst/clk_in1_clk_wiz_audio
    MMCME2_ADV_X1Y2      MMCME2_ADV (Prop_mmcme2_adv_CLKIN1_CLKOUT0)
                                                     -7.759    -5.023 r  u_mmcm/inst/mmcm_adv_inst/CLKOUT0
                         net (fo=1, routed)           2.206    -2.817    u_mmcm/inst/clk_out1_clk_wiz_audio
    BUFGCTRL_X0Y16       BUFG (Prop_bufg_I_O)         0.101    -2.716 r  u_mmcm/inst/clkout1_buf/O
                         net (fo=10, routed)          1.848    -0.868    u_div/clk
    SLICE_X112Y72        FDCE                                         r  u_div/cnt_reg[1]/C
  -------------------------------------------------------------------    -------------------
    SLICE_X112Y72        FDCE (Prop_fdce_C_Q)         0.518    -0.350 r  u_div/cnt_reg[1]/Q
                         net (fo=8, routed)           1.660     1.310    u_div/out[0]
    SLICE_X113Y72        LUT6 (Prop_lut6_I2_O)        0.124     1.434 r  u_div/cnt[7]_i_3/O
                         net (fo=2, routed)           0.407     1.841    u_div/cnt[7]_i_3_n_0
    SLICE_X113Y72        LUT3 (Prop_lut3_I0_O)        0.119     1.960 r  u_div/cnt[7]_i_1/O
                         net (fo=1, routed)           0.000     1.960    u_div/p_0_in[7]
    SLICE_X113Y72        FDCE                                         r  u_div/cnt_reg[7]/D
  -------------------------------------------------------------------    -------------------

                         (clock clk_out1_clk_wiz_audio_1 rise edge)
                                                     81.380    81.380 r  <hidden>
    H16                                               0.000    81.380 r  sysclk
                         net (fo=0)                   0.000    81.380    u_mmcm/inst/clk_in1
    H16                  IBUF (Prop_ibuf_I_O)         1.380    82.760 r  u_mmcm/inst/clkin1_ibufg/O
                         net (fo=1, routed)           1.162    83.922    u_mmcm/inst/clk_in1_clk_wiz_audio
    MMCME2_ADV_X1Y2      MMCME2_ADV (Prop_mmcme2_adv_CLKIN1_CLKOUT0)
                                                     -7.814    76.108 r  u_mmcm/inst/mmcm_adv_inst/CLKOUT0
                         net (fo=1, routed)           2.012    78.120    u_mmcm/inst/clk_out1_clk_wiz_audio
    BUFGCTRL_X0Y16       BUFG (Prop_bufg_I_O)         0.091    78.211 r  u_mmcm/inst/clkout1_buf/O
                         net (fo=10, routed)          1.672    79.883    u_div/clk
    SLICE_X113Y72        FDCE                                         r  u_div/cnt_reg[7]/C
                         clock pessimism              0.607    80.490    <hidden>
                         clock uncertainty           -0.228    80.261    <hidden>
    SLICE_X113Y72        FDCE (Setup_fdce_C_D)        0.075    80.336    u_div/cnt_reg[7]
  -------------------------------------------------------------------
                         required time                         80.336    <hidden>
                         arrival time                          -1.960    <hidden>
  -------------------------------------------------------------------
                         slack                                 78.376    <hidden>

Slack (MET) :             78.853ns  (required time - arrival time)
  Source:                 u_div/cnt_reg[1]/C
                            (rising edge-triggered cell FDCE clocked by clk_out1_clk_wiz_audio_1  {rise@0.000ns fall@40.690ns period=81.380ns})
  Destination:            u_div/cnt_reg[5]/D
                            (rising edge-triggered cell FDCE clocked by clk_out1_clk_wiz_audio_1  {rise@0.000ns fall@40.690ns period=81.380ns})
  Path Group:             clk_out1_clk_wiz_audio_1
  Path Type:              Setup (Max at Slow Process Corner)
  Requirement:            81.380ns  (clk_out1_clk_wiz_audio_1 rise@81.380ns - clk_out1_clk_wiz_audio_1 rise@0.000ns)
  Data Path Delay:        2.307ns  (logic 0.642ns (27.825%)  route 1.665ns (72.175%))
  Logic Levels:           1  (LUT6=1)
  Clock Path Skew:        -0.022ns (DCD - SCD + CPR)
    Destination Clock Delay (DCD):    -1.497ns = ( 79.883 - 81.380 ) 
    Source Clock Delay      (SCD):    -0.868ns
    Clock Pessimism Removal (CPR):    0.607ns
  Clock Uncertainty:      0.228ns  ((TSJ^2 + DJ^2)^1/2) / 2 + PE
    Total System Jitter     (TSJ):    0.071ns
    Discrete Jitter          (DJ):    0.451ns
    Phase Error              (PE):    0.000ns

    Location             Delay type                Incr(ns)  Path(ns)    Netlist Resource(s)
  -------------------------------------------------------------------    -------------------
                         (clock clk_out1_clk_wiz_audio_1 rise edge)
                                                      0.000     0.000 r  <hidden>
    H16                                               0.000     0.000 r  sysclk
                         net (fo=0)                   0.000     0.000    u_mmcm/inst/clk_in1
    H16                  IBUF (Prop_ibuf_I_O)         1.451     1.451 r  u_mmcm/inst/clkin1_ibufg/O
                         net (fo=1, routed)           1.285     2.736    u_mmcm/inst/clk_in1_clk_wiz_audio
    MMCME2_ADV_X1Y2      MMCME2_ADV (Prop_mmcme2_adv_CLKIN1_CLKOUT0)
                                                     -7.759    -5.023 r  u_mmcm/inst/mmcm_adv_inst/CLKOUT0
                         net (fo=1, routed)           2.206    -2.817    u_mmcm/inst/clk_out1_clk_wiz_audio
    BUFGCTRL_X0Y16       BUFG (Prop_bufg_I_O)         0.101    -2.716 r  u_mmcm/inst/clkout1_buf/O
                         net (fo=10, routed)          1.848    -0.868    u_div/clk
    SLICE_X112Y72        FDCE                                         r  u_div/cnt_reg[1]/C
  -------------------------------------------------------------------    -------------------
    SLICE_X112Y72        FDCE (Prop_fdce_C_Q)         0.518    -0.350 r  u_div/cnt_reg[1]/Q
                         net (fo=8, routed)           1.665     1.315    u_div/out[0]
    SLICE_X113Y72        LUT6 (Prop_lut6_I1_O)        0.124     1.439 r  u_div/cnt[5]_i_1/O
                         net (fo=1, routed)           0.000     1.439    u_div/p_0_in[5]
    SLICE_X113Y72        FDCE                                         r  u_div/cnt_reg[5]/D
  -------------------------------------------------------------------    -------------------

                         (clock clk_out1_clk_wiz_audio_1 rise edge)
                                                     81.380    81.380 r  <hidden>
    H16                                               0.000    81.380 r  sysclk
                         net (fo=0)                   0.000    81.380    u_mmcm/inst/clk_in1
    H16                  IBUF (Prop_ibuf_I_O)         1.380    82.760 r  u_mmcm/inst/clkin1_ibufg/O
                         net (fo=1, routed)           1.162    83.922    u_mmcm/inst/clk_in1_clk_wiz_audio
    MMCME2_ADV_X1Y2      MMCME2_ADV (Prop_mmcme2_adv_CLKIN1_CLKOUT0)
                                                     -7.814    76.108 r  u_mmcm/inst/mmcm_adv_inst/CLKOUT0
                         net (fo=1, routed)           2.012    78.120    u_mmcm/inst/clk_out1_clk_wiz_audio
    BUFGCTRL_X0Y16       BUFG (Prop_bufg_I_O)         0.091    78.211 r  u_mmcm/inst/clkout1_buf/O
                         net (fo=10, routed)          1.672    79.883    u_div/clk
    SLICE_X113Y72        FDCE                                         r  u_div/cnt_reg[5]/C
                         clock pessimism              0.607    80.490    <hidden>
                         clock uncertainty           -0.228    80.261    <hidden>
    SLICE_X113Y72        FDCE (Setup_fdce_C_D)        0.031    80.292    u_div/cnt_reg[5]
  -------------------------------------------------------------------
                         required time                         80.292    <hidden>
                         arrival time                          -1.439    <hidden>
  -------------------------------------------------------------------
                         slack                                 78.853    <hidden>

Slack (MET) :             79.076ns  (required time - arrival time)
  Source:                 u_div/cnt_reg[0]/C
                            (rising edge-triggered cell FDCE clocked by clk_out1_clk_wiz_audio_1  {rise@0.000ns fall@40.690ns period=81.380ns})
  Destination:            u_div/cnt_reg[0]/D
                            (rising edge-triggered cell FDCE clocked by clk_out1_clk_wiz_audio_1  {rise@0.000ns fall@40.690ns period=81.380ns})
  Path Group:             clk_out1_clk_wiz_audio_1
  Path Type:              Setup (Max at Slow Process Corner)
  Requirement:            81.380ns  (clk_out1_clk_wiz_audio_1 rise@81.380ns - clk_out1_clk_wiz_audio_1 rise@0.000ns)
  Data Path Delay:        2.157ns  (logic 0.642ns (29.770%)  route 1.515ns (70.230%))
  Logic Levels:           1  (LUT1=1)
  Clock Path Skew:        0.000ns (DCD - SCD + CPR)
    Destination Clock Delay (DCD):    -1.497ns = ( 79.883 - 81.380 ) 
    Source Clock Delay      (SCD):    -0.868ns
    Clock Pessimism Removal (CPR):    0.629ns
  Clock Uncertainty:      0.228ns  ((TSJ^2 + DJ^2)^1/2) / 2 + PE
    Total System Jitter     (TSJ):    0.071ns
    Discrete Jitter          (DJ):    0.451ns
    Phase Error              (PE):    0.000ns

    Location             Delay type                Incr(ns)  Path(ns)    Netlist Resource(s)
  -------------------------------------------------------------------    -------------------
                         (clock clk_out1_clk_wiz_audio_1 rise edge)
                                                      0.000     0.000 r  <hidden>
    H16                                               0.000     0.000 r  sysclk
                         net (fo=0)                   0.000     0.000    u_mmcm/inst/clk_in1
    H16                  IBUF (Prop_ibuf_I_O)         1.451     1.451 r  u_mmcm/inst/clkin1_ibufg/O
                         net (fo=1, routed)           1.285     2.736    u_mmcm/inst/clk_in1_clk_wiz_audio
    MMCME2_ADV_X1Y2      MMCME2_ADV (Prop_mmcme2_adv_CLKIN1_CLKOUT0)
                                                     -7.759    -5.023 r  u_mmcm/inst/mmcm_adv_inst/CLKOUT0
                         net (fo=1, routed)           2.206    -2.817    u_mmcm/inst/clk_out1_clk_wiz_audio
    BUFGCTRL_X0Y16       BUFG (Prop_bufg_I_O)         0.101    -2.716 r  u_mmcm/inst/clkout1_buf/O
                         net (fo=10, routed)          1.848    -0.868    u_div/clk
    SLICE_X112Y72        FDCE                                         r  u_div/cnt_reg[0]/C
  -------------------------------------------------------------------    -------------------
    SLICE_X112Y72        FDCE (Prop_fdce_C_Q)         0.518    -0.350 f  u_div/cnt_reg[0]/Q
                         net (fo=7, routed)           1.515     1.164    u_div/cnt_reg_n_0_[0]
    SLICE_X112Y72        LUT1 (Prop_lut1_I0_O)        0.124     1.288 r  u_div/cnt[0]_i_1/O
                         net (fo=1, routed)           0.000     1.288    u_div/p_0_in[0]
    SLICE_X112Y72        FDCE                                         r  u_div/cnt_reg[0]/D
  -------------------------------------------------------------------    -------------------

                         (clock clk_out1_clk_wiz_audio_1 rise edge)
                                                     81.380    81.380 r  <hidden>
    H16                                               0.000    81.380 r  sysclk
                         net (fo=0)                   0.000    81.380    u_mmcm/inst/clk_in1
    H16                  IBUF (Prop_ibuf_I_O)         1.380    82.760 r  u_mmcm/inst/clkin1_ibufg/O
                         net (fo=1, routed)           1.162    83.922    u_mmcm/inst/clk_in1_clk_wiz_audio
    MMCME2_ADV_X1Y2      MMCME2_ADV (Prop_mmcme2_adv_CLKIN1_CLKOUT0)
                                                     -7.814    76.108 r  u_mmcm/inst/mmcm_adv_inst/CLKOUT0
                         net (fo=1, routed)           2.012    78.120    u_mmcm/inst/clk_out1_clk_wiz_audio
    BUFGCTRL_X0Y16       BUFG (Prop_bufg_I_O)         0.091    78.211 r  u_mmcm/inst/clkout1_buf/O
                         net (fo=10, routed)          1.672    79.883    u_div/clk
    SLICE_X112Y72        FDCE                                         r  u_div/cnt_reg[0]/C
                         clock pessimism              0.629    80.512    <hidden>
                         clock uncertainty           -0.228    80.283    <hidden>
    SLICE_X112Y72        FDCE (Setup_fdce_C_D)        0.081    80.364    u_div/cnt_reg[0]
  -------------------------------------------------------------------
                         required time                         80.364    <hidden>
                         arrival time                          -1.288    <hidden>
  -------------------------------------------------------------------
                         slack                                 79.076    <hidden>

Slack (MET) :             79.097ns  (required time - arrival time)
  Source:                 u_div/cnt_reg[1]/C
                            (rising edge-triggered cell FDCE clocked by clk_out1_clk_wiz_audio_1  {rise@0.000ns fall@40.690ns period=81.380ns})
  Destination:            u_div/cnt_reg[3]/D
                            (rising edge-triggered cell FDCE clocked by clk_out1_clk_wiz_audio_1  {rise@0.000ns fall@40.690ns period=81.380ns})
  Path Group:             clk_out1_clk_wiz_audio_1
  Path Type:              Setup (Max at Slow Process Corner)
  Requirement:            81.380ns  (clk_out1_clk_wiz_audio_1 rise@81.380ns - clk_out1_clk_wiz_audio_1 rise@0.000ns)
  Data Path Delay:        2.061ns  (logic 0.642ns (31.143%)  route 1.419ns (68.857%))
  Logic Levels:           1  (LUT4=1)
  Clock Path Skew:        -0.022ns (DCD - SCD + CPR)
    Destination Clock Delay (DCD):    -1.497ns = ( 79.883 - 81.380 ) 
    Source Clock Delay      (SCD):    -0.868ns
    Clock Pessimism Removal (CPR):    0.607ns
  Clock Uncertainty:      0.228ns  ((TSJ^2 + DJ^2)^1/2) / 2 + PE
    Total System Jitter     (TSJ):    0.071ns
    Discrete Jitter          (DJ):    0.451ns
    Phase Error              (PE):    0.000ns

    Location             Delay type                Incr(ns)  Path(ns)    Netlist Resource(s)
  -------------------------------------------------------------------    -------------------
                         (clock clk_out1_clk_wiz_audio_1 rise edge)
                                                      0.000     0.000 r  <hidden>
    H16                                               0.000     0.000 r  sysclk
                         net (fo=0)                   0.000     0.000    u_mmcm/inst/clk_in1
    H16                  IBUF (Prop_ibuf_I_O)         1.451     1.451 r  u_mmcm/inst/clkin1_ibufg/O
                         net (fo=1, routed)           1.285     2.736    u_mmcm/inst/clk_in1_clk_wiz_audio
    MMCME2_ADV_X1Y2      MMCME2_ADV (Prop_mmcme2_adv_CLKIN1_CLKOUT0)
                                                     -7.759    -5.023 r  u_mmcm/inst/mmcm_adv_inst/CLKOUT0
                         net (fo=1, routed)           2.206    -2.817    u_mmcm/inst/clk_out1_clk_wiz_audio
    BUFGCTRL_X0Y16       BUFG (Prop_bufg_I_O)         0.101    -2.716 r  u_mmcm/inst/clkout1_buf/O
                         net (fo=10, routed)          1.848    -0.868    u_div/clk
    SLICE_X112Y72        FDCE                                         r  u_div/cnt_reg[1]/C
  -------------------------------------------------------------------    -------------------
    SLICE_X112Y72        FDCE (Prop_fdce_C_Q)         0.518    -0.350 r  u_div/cnt_reg[1]/Q
                         net (fo=8, routed)           1.419     1.069    u_div/out[0]
    SLICE_X113Y72        LUT4 (Prop_lut4_I0_O)        0.124     1.193 r  u_div/cnt[3]_i_1/O
                         net (fo=1, routed)           0.000     1.193    u_div/p_0_in[3]
    SLICE_X113Y72        FDCE                                         r  u_div/cnt_reg[3]/D
  -------------------------------------------------------------------    -------------------

                         (clock clk_out1_clk_wiz_audio_1 rise edge)
                                                     81.380    81.380 r  <hidden>
    H16                                               0.000    81.380 r  sysclk
                         net (fo=0)                   0.000    81.380    u_mmcm/inst/clk_in1
    H16                  IBUF (Prop_ibuf_I_O)         1.380    82.760 r  u_mmcm/inst/clkin1_ibufg/O
                         net (fo=1, routed)           1.162    83.922    u_mmcm/inst/clk_in1_clk_wiz_audio
    MMCME2_ADV_X1Y2      MMCME2_ADV (Prop_mmcme2_adv_CLKIN1_CLKOUT0)
                                                     -7.814    76.108 r  u_mmcm/inst/mmcm_adv_inst/CLKOUT0
                         net (fo=1, routed)           2.012    78.120    u_mmcm/inst/clk_out1_clk_wiz_audio
    BUFGCTRL_X0Y16       BUFG (Prop_bufg_I_O)         0.091    78.211 r  u_mmcm/inst/clkout1_buf/O
                         net (fo=10, routed)          1.672    79.883    u_div/clk
    SLICE_X113Y72        FDCE                                         r  u_div/cnt_reg[3]/C
                         clock pessimism              0.607    80.490    <hidden>
                         clock uncertainty           -0.228    80.261    <hidden>
    SLICE_X113Y72        FDCE (Setup_fdce_C_D)        0.029    80.290    u_div/cnt_reg[3]
  -------------------------------------------------------------------
                         required time                         80.290    <hidden>
                         arrival time                          -1.193    <hidden>
  -------------------------------------------------------------------
                         slack                                 79.097    <hidden>

Slack (MET) :             79.149ns  (required time - arrival time)
  Source:                 u_div/cnt_reg[1]/C
                            (rising edge-triggered cell FDCE clocked by clk_out1_clk_wiz_audio_1  {rise@0.000ns fall@40.690ns period=81.380ns})
  Destination:            u_div/cnt_reg[4]/D
                            (rising edge-triggered cell FDCE clocked by clk_out1_clk_wiz_audio_1  {rise@0.000ns fall@40.690ns period=81.380ns})
  Path Group:             clk_out1_clk_wiz_audio_1
  Path Type:              Setup (Max at Slow Process Corner)
  Requirement:            81.380ns  (clk_out1_clk_wiz_audio_1 rise@81.380ns - clk_out1_clk_wiz_audio_1 rise@0.000ns)
  Data Path Delay:        2.055ns  (logic 0.636ns (30.942%)  route 1.419ns (69.058%))
  Logic Levels:           1  (LUT5=1)
  Clock Path Skew:        -0.022ns (DCD - SCD + CPR)
    Destination Clock Delay (DCD):    -1.497ns = ( 79.883 - 81.380 ) 
    Source Clock Delay      (SCD):    -0.868ns
    Clock Pessimism Removal (CPR):    0.607ns
  Clock Uncertainty:      0.228ns  ((TSJ^2 + DJ^2)^1/2) / 2 + PE
    Total System Jitter     (TSJ):    0.071ns
    Discrete Jitter          (DJ):    0.451ns
    Phase Error              (PE):    0.000ns

    Location             Delay type                Incr(ns)  Path(ns)    Netlist Resource(s)
  -------------------------------------------------------------------    -------------------
                         (clock clk_out1_clk_wiz_audio_1 rise edge)
                                                      0.000     0.000 r  <hidden>
    H16                                               0.000     0.000 r  sysclk
                         net (fo=0)                   0.000     0.000    u_mmcm/inst/clk_in1
    H16                  IBUF (Prop_ibuf_I_O)         1.451     1.451 r  u_mmcm/inst/clkin1_ibufg/O
                         net (fo=1, routed)           1.285     2.736    u_mmcm/inst/clk_in1_clk_wiz_audio
    MMCME2_ADV_X1Y2      MMCME2_ADV (Prop_mmcme2_adv_CLKIN1_CLKOUT0)
                                                     -7.759    -5.023 r  u_mmcm/inst/mmcm_adv_inst/CLKOUT0
                         net (fo=1, routed)           2.206    -2.817    u_mmcm/inst/clk_out1_clk_wiz_audio
    BUFGCTRL_X0Y16       BUFG (Prop_bufg_I_O)         0.101    -2.716 r  u_mmcm/inst/clkout1_buf/O
                         net (fo=10, routed)          1.848    -0.868    u_div/clk
    SLICE_X112Y72        FDCE                                         r  u_div/cnt_reg[1]/C
  -------------------------------------------------------------------    -------------------
    SLICE_X112Y72        FDCE (Prop_fdce_C_Q)         0.518    -0.350 r  u_div/cnt_reg[1]/Q
                         net (fo=8, routed)           1.419     1.069    u_div/out[0]
    SLICE_X113Y72        LUT5 (Prop_lut5_I2_O)        0.118     1.187 r  u_div/cnt[4]_i_1/O
                         net (fo=1, routed)           0.000     1.187    u_div/p_0_in[4]
    SLICE_X113Y72        FDCE                                         r  u_div/cnt_reg[4]/D
  -------------------------------------------------------------------    -------------------

                         (clock clk_out1_clk_wiz_audio_1 rise edge)
                                                     81.380    81.380 r  <hidden>
    H16                                               0.000    81.380 r  sysclk
                         net (fo=0)                   0.000    81.380    u_mmcm/inst/clk_in1
    H16                  IBUF (Prop_ibuf_I_O)         1.380    82.760 r  u_mmcm/inst/clkin1_ibufg/O
                         net (fo=1, routed)           1.162    83.922    u_mmcm/inst/clk_in1_clk_wiz_audio
    MMCME2_ADV_X1Y2      MMCME2_ADV (Prop_mmcme2_adv_CLKIN1_CLKOUT0)
                                                     -7.814    76.108 r  u_mmcm/inst/mmcm_adv_inst/CLKOUT0
                         net (fo=1, routed)           2.012    78.120    u_mmcm/inst/clk_out1_clk_wiz_audio
    BUFGCTRL_X0Y16       BUFG (Prop_bufg_I_O)         0.091    78.211 r  u_mmcm/inst/clkout1_buf/O
                         net (fo=10, routed)          1.672    79.883    u_div/clk
    SLICE_X113Y72        FDCE                                         r  u_div/cnt_reg[4]/C
                         clock pessimism              0.607    80.490    <hidden>
                         clock uncertainty           -0.228    80.261    <hidden>
    SLICE_X113Y72        FDCE (Setup_fdce_C_D)        0.075    80.336    u_div/cnt_reg[4]
  -------------------------------------------------------------------
                         required time                         80.336    <hidden>
                         arrival time                          -1.187    <hidden>
  -------------------------------------------------------------------
                         slack                                 79.149    <hidden>

Slack (MET) :             79.598ns  (required time - arrival time)
  Source:                 u_div/cnt_reg[2]/C
                            (rising edge-triggered cell FDCE clocked by clk_out1_clk_wiz_audio_1  {rise@0.000ns fall@40.690ns period=81.380ns})
  Destination:            u_div/cnt_reg[2]/D
                            (rising edge-triggered cell FDCE clocked by clk_out1_clk_wiz_audio_1  {rise@0.000ns fall@40.690ns period=81.380ns})
  Path Group:             clk_out1_clk_wiz_audio_1
  Path Type:              Setup (Max at Slow Process Corner)
  Requirement:            81.380ns  (clk_out1_clk_wiz_audio_1 rise@81.380ns - clk_out1_clk_wiz_audio_1 rise@0.000ns)
  Data Path Delay:        1.671ns  (logic 0.795ns (47.570%)  route 0.876ns (52.430%))
  Logic Levels:           1  (LUT3=1)
  Clock Path Skew:        0.000ns (DCD - SCD + CPR)
    Destination Clock Delay (DCD):    -1.497ns = ( 79.883 - 81.380 ) 
    Source Clock Delay      (SCD):    -0.868ns
    Clock Pessimism Removal (CPR):    0.629ns
  Clock Uncertainty:      0.228ns  ((TSJ^2 + DJ^2)^1/2) / 2 + PE
    Total System Jitter     (TSJ):    0.071ns
    Discrete Jitter          (DJ):    0.451ns
    Phase Error              (PE):    0.000ns

    Location             Delay type                Incr(ns)  Path(ns)    Netlist Resource(s)
  -------------------------------------------------------------------    -------------------
                         (clock clk_out1_clk_wiz_audio_1 rise edge)
                                                      0.000     0.000 r  <hidden>
    H16                                               0.000     0.000 r  sysclk
                         net (fo=0)                   0.000     0.000    u_mmcm/inst/clk_in1
    H16                  IBUF (Prop_ibuf_I_O)         1.451     1.451 r  u_mmcm/inst/clkin1_ibufg/O
                         net (fo=1, routed)           1.285     2.736    u_mmcm/inst/clk_in1_clk_wiz_audio
    MMCME2_ADV_X1Y2      MMCME2_ADV (Prop_mmcme2_adv_CLKIN1_CLKOUT0)
                                                     -7.759    -5.023 r  u_mmcm/inst/mmcm_adv_inst/CLKOUT0
                         net (fo=1, routed)           2.206    -2.817    u_mmcm/inst/clk_out1_clk_wiz_audio
    BUFGCTRL_X0Y16       BUFG (Prop_bufg_I_O)         0.101    -2.716 r  u_mmcm/inst/clkout1_buf/O
                         net (fo=10, routed)          1.848    -0.868    u_div/clk
    SLICE_X112Y72        FDCE                                         r  u_div/cnt_reg[2]/C
  -------------------------------------------------------------------    -------------------
    SLICE_X112Y72        FDCE (Prop_fdce_C_Q)         0.478    -0.390 r  u_div/cnt_reg[2]/Q
                         net (fo=5, routed)           0.876     0.486    u_div/cnt_reg_n_0_[2]
    SLICE_X112Y72        LUT3 (Prop_lut3_I2_O)        0.317     0.803 r  u_div/cnt[2]_i_1/O
                         net (fo=1, routed)           0.000     0.803    u_div/p_0_in[2]
    SLICE_X112Y72        FDCE                                         r  u_div/cnt_reg[2]/D
  -------------------------------------------------------------------    -------------------

                         (clock clk_out1_clk_wiz_audio_1 rise edge)
                                                     81.380    81.380 r  <hidden>
    H16                                               0.000    81.380 r  sysclk
                         net (fo=0)                   0.000    81.380    u_mmcm/inst/clk_in1
    H16                  IBUF (Prop_ibuf_I_O)         1.380    82.760 r  u_mmcm/inst/clkin1_ibufg/O
                         net (fo=1, routed)           1.162    83.922    u_mmcm/inst/clk_in1_clk_wiz_audio
    MMCME2_ADV_X1Y2      MMCME2_ADV (Prop_mmcme2_adv_CLKIN1_CLKOUT0)
                                                     -7.814    76.108 r  u_mmcm/inst/mmcm_adv_inst/CLKOUT0
                         net (fo=1, routed)           2.012    78.120    u_mmcm/inst/clk_out1_clk_wiz_audio
    BUFGCTRL_X0Y16       BUFG (Prop_bufg_I_O)         0.091    78.211 r  u_mmcm/inst/clkout1_buf/O
                         net (fo=10, routed)          1.672    79.883    u_div/clk
    SLICE_X112Y72        FDCE                                         r  u_div/cnt_reg[2]/C
                         clock pessimism              0.629    80.512    <hidden>
                         clock uncertainty           -0.228    80.283    <hidden>
    SLICE_X112Y72        FDCE (Setup_fdce_C_D)        0.118    80.401    u_div/cnt_reg[2]
  -------------------------------------------------------------------
                         required time                         80.401    <hidden>
                         arrival time                          -0.803    <hidden>
  -------------------------------------------------------------------
                         slack                                 79.598    <hidden>

Slack (MET) :             79.806ns  (required time - arrival time)
  Source:                 u_div/cnt_reg[0]/C
                            (rising edge-triggered cell FDCE clocked by clk_out1_clk_wiz_audio_1  {rise@0.000ns fall@40.690ns period=81.380ns})
  Destination:            u_div/cnt_reg[1]/D
                            (rising edge-triggered cell FDCE clocked by clk_out1_clk_wiz_audio_1  {rise@0.000ns fall@40.690ns period=81.380ns})
  Path Group:             clk_out1_clk_wiz_audio_1
  Path Type:              Setup (Max at Slow Process Corner)
  Requirement:            81.380ns  (clk_out1_clk_wiz_audio_1 rise@81.380ns - clk_out1_clk_wiz_audio_1 rise@0.000ns)
  Data Path Delay:        1.423ns  (logic 0.642ns (45.111%)  route 0.781ns (54.889%))
  Logic Levels:           1  (LUT2=1)
  Clock Path Skew:        0.000ns (DCD - SCD + CPR)
    Destination Clock Delay (DCD):    -1.497ns = ( 79.883 - 81.380 ) 
    Source Clock Delay      (SCD):    -0.868ns
    Clock Pessimism Removal (CPR):    0.629ns
  Clock Uncertainty:      0.228ns  ((TSJ^2 + DJ^2)^1/2) / 2 + PE
    Total System Jitter     (TSJ):    0.071ns
    Discrete Jitter          (DJ):    0.451ns
    Phase Error              (PE):    0.000ns

    Location             Delay type                Incr(ns)  Path(ns)    Netlist Resource(s)
  -------------------------------------------------------------------    -------------------
                         (clock clk_out1_clk_wiz_audio_1 rise edge)
                                                      0.000     0.000 r  <hidden>
    H16                                               0.000     0.000 r  sysclk
                         net (fo=0)                   0.000     0.000    u_mmcm/inst/clk_in1
    H16                  IBUF (Prop_ibuf_I_O)         1.451     1.451 r  u_mmcm/inst/clkin1_ibufg/O
                         net (fo=1, routed)           1.285     2.736    u_mmcm/inst/clk_in1_clk_wiz_audio
    MMCME2_ADV_X1Y2      MMCME2_ADV (Prop_mmcme2_adv_CLKIN1_CLKOUT0)
                                                     -7.759    -5.023 r  u_mmcm/inst/mmcm_adv_inst/CLKOUT0
                         net (fo=1, routed)           2.206    -2.817    u_mmcm/inst/clk_out1_clk_wiz_audio
    BUFGCTRL_X0Y16       BUFG (Prop_bufg_I_O)         0.101    -2.716 r  u_mmcm/inst/clkout1_buf/O
                         net (fo=10, routed)          1.848    -0.868    u_div/clk
    SLICE_X112Y72        FDCE                                         r  u_div/cnt_reg[0]/C
  -------------------------------------------------------------------    -------------------
    SLICE_X112Y72        FDCE (Prop_fdce_C_Q)         0.518    -0.350 r  u_div/cnt_reg[0]/Q
                         net (fo=7, routed)           0.781     0.431    u_div/cnt_reg_n_0_[0]
    SLICE_X112Y72        LUT2 (Prop_lut2_I0_O)        0.124     0.555 r  u_div/cnt[1]_i_1/O
                         net (fo=1, routed)           0.000     0.555    u_div/p_0_in[1]
    SLICE_X112Y72        FDCE                                         r  u_div/cnt_reg[1]/D
  -------------------------------------------------------------------    -------------------

                         (clock clk_out1_clk_wiz_audio_1 rise edge)
                                                     81.380    81.380 r  <hidden>
    H16                                               0.000    81.380 r  sysclk
                         net (fo=0)                   0.000    81.380    u_mmcm/inst/clk_in1
    H16                  IBUF (Prop_ibuf_I_O)         1.380    82.760 r  u_mmcm/inst/clkin1_ibufg/O
                         net (fo=1, routed)           1.162    83.922    u_mmcm/inst/clk_in1_clk_wiz_audio
    MMCME2_ADV_X1Y2      MMCME2_ADV (Prop_mmcme2_adv_CLKIN1_CLKOUT0)
                                                     -7.814    76.108 r  u_mmcm/inst/mmcm_adv_inst/CLKOUT0
                         net (fo=1, routed)           2.012    78.120    u_mmcm/inst/clk_out1_clk_wiz_audio
    BUFGCTRL_X0Y16       BUFG (Prop_bufg_I_O)         0.091    78.211 r  u_mmcm/inst/clkout1_buf/O
                         net (fo=10, routed)          1.672    79.883    u_div/clk
    SLICE_X112Y72        FDCE                                         r  u_div/cnt_reg[1]/C
                         clock pessimism              0.629    80.512    <hidden>
                         clock uncertainty           -0.228    80.283    <hidden>
    SLICE_X112Y72        FDCE (Setup_fdce_C_D)        0.077    80.360    u_div/cnt_reg[1]
  -------------------------------------------------------------------
                         required time                         80.360    <hidden>
                         arrival time                          -0.555    <hidden>
  -------------------------------------------------------------------
                         slack                                 79.806    <hidden>





Min Delay Paths
--------------------------------------------------------------------------------------
Slack (MET) :             0.268ns  (arrival time - required time)
  Source:                 u_div/cnt_reg[1]/C
                            (rising edge-triggered cell FDCE clocked by clk_out1_clk_wiz_audio_1  {rise@0.000ns fall@40.690ns period=81.380ns})
  Destination:            u_div/cnt_reg[2]/D
                            (rising edge-triggered cell FDCE clocked by clk_out1_clk_wiz_audio_1  {rise@0.000ns fall@40.690ns period=81.380ns})
  Path Group:             clk_out1_clk_wiz_audio_1
  Path Type:              Hold (Min at Fast Process Corner)
  Requirement:            0.000ns  (clk_out1_clk_wiz_audio_1 rise@0.000ns - clk_out1_clk_wiz_audio_1 rise@0.000ns)
  Data Path Delay:        0.399ns  (logic 0.207ns (51.901%)  route 0.192ns (48.099%))
  Logic Levels:           1  (LUT3=1)
  Clock Path Skew:        0.000ns (DCD - SCD - CPR)
    Destination Clock Delay (DCD):    -0.845ns
    Source Clock Delay      (SCD):    -0.605ns
    Clock Pessimism Removal (CPR):    -0.239ns

    Location             Delay type                Incr(ns)  Path(ns)    Netlist Resource(s)
  -------------------------------------------------------------------    -------------------
                         (clock clk_out1_clk_wiz_audio_1 rise edge)
                                                      0.000     0.000 r  <hidden>
    H16                                               0.000     0.000 r  sysclk
                         net (fo=0)                   0.000     0.000    u_mmcm/inst/clk_in1
    H16                  IBUF (Prop_ibuf_I_O)         0.219     0.219 r  u_mmcm/inst/clkin1_ibufg/O
                         net (fo=1, routed)           0.440     0.659    u_mmcm/inst/clk_in1_clk_wiz_audio
    MMCME2_ADV_X1Y2      MMCME2_ADV (Prop_mmcme2_adv_CLKIN1_CLKOUT0)
                                                     -2.613    -1.954 r  u_mmcm/inst/mmcm_adv_inst/CLKOUT0
                         net (fo=1, routed)           0.696    -1.257    u_mmcm/inst/clk_out1_clk_wiz_audio
    BUFGCTRL_X0Y16       BUFG (Prop_bufg_I_O)         0.026    -1.231 r  u_mmcm/inst/clkout1_buf/O
                         net (fo=10, routed)          0.626    -0.605    u_div/clk
    SLICE_X112Y72        FDCE                                         r  u_div/cnt_reg[1]/C
  -------------------------------------------------------------------    -------------------
    SLICE_X112Y72        FDCE (Prop_fdce_C_Q)         0.164    -0.441 r  u_div/cnt_reg[1]/Q
                         net (fo=8, routed)           0.192    -0.250    u_div/out[0]
    SLICE_X112Y72        LUT3 (Prop_lut3_I1_O)        0.043    -0.207 r  u_div/cnt[2]_i_1/O
                         net (fo=1, routed)           0.000    -0.207    u_div/p_0_in[2]
    SLICE_X112Y72        FDCE                                         r  u_div/cnt_reg[2]/D
  -------------------------------------------------------------------    -------------------

                         (clock clk_out1_clk_wiz_audio_1 rise edge)
                                                      0.000     0.000 r  <hidden>
    H16                                               0.000     0.000 r  sysclk
                         net (fo=0)                   0.000     0.000    u_mmcm/inst/clk_in1
    H16                  IBUF (Prop_ibuf_I_O)         0.406     0.406 r  u_mmcm/inst/clkin1_ibufg/O
                         net (fo=1, routed)           0.480     0.886    u_mmcm/inst/clk_in1_clk_wiz_audio
    MMCME2_ADV_X1Y2      MMCME2_ADV (Prop_mmcme2_adv_CLKIN1_CLKOUT0)
                                                     -3.407    -2.521 r  u_mmcm/inst/mmcm_adv_inst/CLKOUT0
                         net (fo=1, routed)           0.752    -1.769    u_mmcm/inst/clk_out1_clk_wiz_audio
    BUFGCTRL_X0Y16       BUFG (Prop_bufg_I_O)         0.029    -1.740 r  u_mmcm/inst/clkout1_buf/O
                         net (fo=10, routed)          0.895    -0.845    u_div/clk
    SLICE_X112Y72        FDCE                                         r  u_div/cnt_reg[2]/C
                         clock pessimism              0.239    -0.605    <hidden>
    SLICE_X112Y72        FDCE (Hold_fdce_C_D)         0.131    -0.474    u_div/cnt_reg[2]
  -------------------------------------------------------------------
                         required time                          0.474    <hidden>
                         arrival time                          -0.207    <hidden>
  -------------------------------------------------------------------
                         slack                                  0.268    <hidden>

Slack (MET) :             0.281ns  (arrival time - required time)
  Source:                 u_div/cnt_reg[1]/C
                            (rising edge-triggered cell FDCE clocked by clk_out1_clk_wiz_audio_1  {rise@0.000ns fall@40.690ns period=81.380ns})
  Destination:            u_div/cnt_reg[1]/D
                            (rising edge-triggered cell FDCE clocked by clk_out1_clk_wiz_audio_1  {rise@0.000ns fall@40.690ns period=81.380ns})
  Path Group:             clk_out1_clk_wiz_audio_1
  Path Type:              Hold (Min at Fast Process Corner)
  Requirement:            0.000ns  (clk_out1_clk_wiz_audio_1 rise@0.000ns - clk_out1_clk_wiz_audio_1 rise@0.000ns)
  Data Path Delay:        0.401ns  (logic 0.209ns (52.141%)  route 0.192ns (47.859%))
  Logic Levels:           1  (LUT2=1)
  Clock Path Skew:        0.000ns (DCD - SCD - CPR)
    Destination Clock Delay (DCD):    -0.845ns
    Source Clock Delay      (SCD):    -0.605ns
    Clock Pessimism Removal (CPR):    -0.239ns

    Location             Delay type                Incr(ns)  Path(ns)    Netlist Resource(s)
  -------------------------------------------------------------------    -------------------
                         (clock clk_out1_clk_wiz_audio_1 rise edge)
                                                      0.000     0.000 r  <hidden>
    H16                                               0.000     0.000 r  sysclk
                         net (fo=0)                   0.000     0.000    u_mmcm/inst/clk_in1
    H16                  IBUF (Prop_ibuf_I_O)         0.219     0.219 r  u_mmcm/inst/clkin1_ibufg/O
                         net (fo=1, routed)           0.440     0.659    u_mmcm/inst/clk_in1_clk_wiz_audio
    MMCME2_ADV_X1Y2      MMCME2_ADV (Prop_mmcme2_adv_CLKIN1_CLKOUT0)
                                                     -2.613    -1.954 r  u_mmcm/inst/mmcm_adv_inst/CLKOUT0
                         net (fo=1, routed)           0.696    -1.257    u_mmcm/inst/clk_out1_clk_wiz_audio
    BUFGCTRL_X0Y16       BUFG (Prop_bufg_I_O)         0.026    -1.231 r  u_mmcm/inst/clkout1_buf/O
                         net (fo=10, routed)          0.626    -0.605    u_div/clk
    SLICE_X112Y72        FDCE                                         r  u_div/cnt_reg[1]/C
  -------------------------------------------------------------------    -------------------
    SLICE_X112Y72        FDCE (Prop_fdce_C_Q)         0.164    -0.441 r  u_div/cnt_reg[1]/Q
                         net (fo=8, routed)           0.192    -0.250    u_div/out[0]
    SLICE_X112Y72        LUT2 (Prop_lut2_I1_O)        0.045    -0.205 r  u_div/cnt[1]_i_1/O
                         net (fo=1, routed)           0.000    -0.205    u_div/p_0_in[1]
    SLICE_X112Y72        FDCE                                         r  u_div/cnt_reg[1]/D
  -------------------------------------------------------------------    -------------------

                         (clock clk_out1_clk_wiz_audio_1 rise edge)
                                                      0.000     0.000 r  <hidden>
    H16                                               0.000     0.000 r  sysclk
                         net (fo=0)                   0.000     0.000    u_mmcm/inst/clk_in1
    H16                  IBUF (Prop_ibuf_I_O)         0.406     0.406 r  u_mmcm/inst/clkin1_ibufg/O
                         net (fo=1, routed)           0.480     0.886    u_mmcm/inst/clk_in1_clk_wiz_audio
    MMCME2_ADV_X1Y2      MMCME2_ADV (Prop_mmcme2_adv_CLKIN1_CLKOUT0)
                                                     -3.407    -2.521 r  u_mmcm/inst/mmcm_adv_inst/CLKOUT0
                         net (fo=1, routed)           0.752    -1.769    u_mmcm/inst/clk_out1_clk_wiz_audio
    BUFGCTRL_X0Y16       BUFG (Prop_bufg_I_O)         0.029    -1.740 r  u_mmcm/inst/clkout1_buf/O
                         net (fo=10, routed)          0.895    -0.845    u_div/clk
    SLICE_X112Y72        FDCE                                         r  u_div/cnt_reg[1]/C
                         clock pessimism              0.239    -0.605    <hidden>
    SLICE_X112Y72        FDCE (Hold_fdce_C_D)         0.120    -0.485    u_div/cnt_reg[1]
  -------------------------------------------------------------------
                         required time                          0.485    <hidden>
                         arrival time                          -0.205    <hidden>
  -------------------------------------------------------------------
                         slack                                  0.281    <hidden>

Slack (MET) :             0.303ns  (arrival time - required time)
  Source:                 u_div/cnt_reg[4]/C
                            (rising edge-triggered cell FDCE clocked by clk_out1_clk_wiz_audio_1  {rise@0.000ns fall@40.690ns period=81.380ns})
  Destination:            u_div/cnt_reg[5]/D
                            (rising edge-triggered cell FDCE clocked by clk_out1_clk_wiz_audio_1  {rise@0.000ns fall@40.690ns period=81.380ns})
  Path Group:             clk_out1_clk_wiz_audio_1
  Path Type:              Hold (Min at Fast Process Corner)
  Requirement:            0.000ns  (clk_out1_clk_wiz_audio_1 rise@0.000ns - clk_out1_clk_wiz_audio_1 rise@0.000ns)
  Data Path Delay:        0.395ns  (logic 0.227ns (57.474%)  route 0.168ns (42.526%))
  Logic Levels:           1  (LUT6=1)
  Clock Path Skew:        0.000ns (DCD - SCD - CPR)
    Destination Clock Delay (DCD):    -0.845ns
    Source Clock Delay      (SCD):    -0.605ns
    Clock Pessimism Removal (CPR):    -0.239ns

    Location             Delay type                Incr(ns)  Path(ns)    Netlist Resource(s)
  -------------------------------------------------------------------    -------------------
                         (clock clk_out1_clk_wiz_audio_1 rise edge)
                                                      0.000     0.000 r  <hidden>
    H16                                               0.000     0.000 r  sysclk
                         net (fo=0)                   0.000     0.000    u_mmcm/inst/clk_in1
    H16                  IBUF (Prop_ibuf_I_O)         0.219     0.219 r  u_mmcm/inst/clkin1_ibufg/O
                         net (fo=1, routed)           0.440     0.659    u_mmcm/inst/clk_in1_clk_wiz_audio
    MMCME2_ADV_X1Y2      MMCME2_ADV (Prop_mmcme2_adv_CLKIN1_CLKOUT0)
                                                     -2.613    -1.954 r  u_mmcm/inst/mmcm_adv_inst/CLKOUT0
                         net (fo=1, routed)           0.696    -1.257    u_mmcm/inst/clk_out1_clk_wiz_audio
    BUFGCTRL_X0Y16       BUFG (Prop_bufg_I_O)         0.026    -1.231 r  u_mmcm/inst/clkout1_buf/O
                         net (fo=10, routed)          0.626    -0.605    u_div/clk
    SLICE_X113Y72        FDCE                                         r  u_div/cnt_reg[4]/C
  -------------------------------------------------------------------    -------------------
    SLICE_X113Y72        FDCE (Prop_fdce_C_Q)         0.128    -0.477 r  u_div/cnt_reg[4]/Q
                         net (fo=3, routed)           0.168    -0.309    u_div/cnt_reg_n_0_[4]
    SLICE_X113Y72        LUT6 (Prop_lut6_I4_O)        0.099    -0.210 r  u_div/cnt[5]_i_1/O
                         net (fo=1, routed)           0.000    -0.210    u_div/p_0_in[5]
    SLICE_X113Y72        FDCE                                         r  u_div/cnt_reg[5]/D
  -------------------------------------------------------------------    -------------------

                         (clock clk_out1_clk_wiz_audio_1 rise edge)
                                                      0.000     0.000 r  <hidden>
    H16                                               0.000     0.000 r  sysclk
                         net (fo=0)                   0.000     0.000    u_mmcm/inst/clk_in1
    H16                  IBUF (Prop_ibuf_I_O)         0.406     0.406 r  u_mmcm/inst/clkin1_ibufg/O
                         net (fo=1, routed)           0.480     0.886    u_mmcm/inst/clk_in1_clk_wiz_audio
    MMCME2_ADV_X1Y2      MMCME2_ADV (Prop_mmcme2_adv_CLKIN1_CLKOUT0)
                                                     -3.407    -2.521 r  u_mmcm/inst/mmcm_adv_inst/CLKOUT0
                         net (fo=1, routed)           0.752    -1.769    u_mmcm/inst/clk_out1_clk_wiz_audio
    BUFGCTRL_X0Y16       BUFG (Prop_bufg_I_O)         0.029    -1.740 r  u_mmcm/inst/clkout1_buf/O
                         net (fo=10, routed)          0.895    -0.845    u_div/clk
    SLICE_X113Y72        FDCE                                         r  u_div/cnt_reg[5]/C
                         clock pessimism              0.239    -0.605    <hidden>
    SLICE_X113Y72        FDCE (Hold_fdce_C_D)         0.092    -0.513    u_div/cnt_reg[5]
  -------------------------------------------------------------------
                         required time                          0.513    <hidden>
                         arrival time                          -0.210    <hidden>
  -------------------------------------------------------------------
                         slack                                  0.303    <hidden>

Slack (MET) :             0.343ns  (arrival time - required time)
  Source:                 u_div/cnt_reg[0]/C
                            (rising edge-triggered cell FDCE clocked by clk_out1_clk_wiz_audio_1  {rise@0.000ns fall@40.690ns period=81.380ns})
  Destination:            u_div/cnt_reg[7]/D
                            (rising edge-triggered cell FDCE clocked by clk_out1_clk_wiz_audio_1  {rise@0.000ns fall@40.690ns period=81.380ns})
  Path Group:             clk_out1_clk_wiz_audio_1
  Path Type:              Hold (Min at Fast Process Corner)
  Requirement:            0.000ns  (clk_out1_clk_wiz_audio_1 rise@0.000ns - clk_out1_clk_wiz_audio_1 rise@0.000ns)
  Data Path Delay:        0.463ns  (logic 0.258ns (55.766%)  route 0.205ns (44.234%))
  Logic Levels:           2  (LUT3=1 LUT6=1)
  Clock Path Skew:        0.013ns (DCD - SCD - CPR)
    Destination Clock Delay (DCD):    -0.845ns
    Source Clock Delay      (SCD):    -0.605ns
    Clock Pessimism Removal (CPR):    -0.252ns

    Location             Delay type                Incr(ns)  Path(ns)    Netlist Resource(s)
  -------------------------------------------------------------------    -------------------
                         (clock clk_out1_clk_wiz_audio_1 rise edge)
                                                      0.000     0.000 r  <hidden>
    H16                                               0.000     0.000 r  sysclk
                         net (fo=0)                   0.000     0.000    u_mmcm/inst/clk_in1
    H16                  IBUF (Prop_ibuf_I_O)         0.219     0.219 r  u_mmcm/inst/clkin1_ibufg/O
                         net (fo=1, routed)           0.440     0.659    u_mmcm/inst/clk_in1_clk_wiz_audio
    MMCME2_ADV_X1Y2      MMCME2_ADV (Prop_mmcme2_adv_CLKIN1_CLKOUT0)
                                                     -2.613    -1.954 r  u_mmcm/inst/mmcm_adv_inst/CLKOUT0
                         net (fo=1, routed)           0.696    -1.257    u_mmcm/inst/clk_out1_clk_wiz_audio
    BUFGCTRL_X0Y16       BUFG (Prop_bufg_I_O)         0.026    -1.231 r  u_mmcm/inst/clkout1_buf/O
                         net (fo=10, routed)          0.626    -0.605    u_div/clk
    SLICE_X112Y72        FDCE                                         r  u_div/cnt_reg[0]/C
  -------------------------------------------------------------------    -------------------
    SLICE_X112Y72        FDCE (Prop_fdce_C_Q)         0.164    -0.441 r  u_div/cnt_reg[0]/Q
                         net (fo=7, routed)           0.066    -0.376    u_div/cnt_reg_n_0_[0]
    SLICE_X113Y72        LUT6 (Prop_lut6_I3_O)        0.045    -0.331 r  u_div/cnt[7]_i_3/O
                         net (fo=2, routed)           0.139    -0.192    u_div/cnt[7]_i_3_n_0
    SLICE_X113Y72        LUT3 (Prop_lut3_I0_O)        0.049    -0.143 r  u_div/cnt[7]_i_1/O
                         net (fo=1, routed)           0.000    -0.143    u_div/p_0_in[7]
    SLICE_X113Y72        FDCE                                         r  u_div/cnt_reg[7]/D
  -------------------------------------------------------------------    -------------------

                         (clock clk_out1_clk_wiz_audio_1 rise edge)
                                                      0.000     0.000 r  <hidden>
    H16                                               0.000     0.000 r  sysclk
                         net (fo=0)                   0.000     0.000    u_mmcm/inst/clk_in1
    H16                  IBUF (Prop_ibuf_I_O)         0.406     0.406 r  u_mmcm/inst/clkin1_ibufg/O
                         net (fo=1, routed)           0.480     0.886    u_mmcm/inst/clk_in1_clk_wiz_audio
    MMCME2_ADV_X1Y2      MMCME2_ADV (Prop_mmcme2_adv_CLKIN1_CLKOUT0)
                                                     -3.407    -2.521 r  u_mmcm/inst/mmcm_adv_inst/CLKOUT0
                         net (fo=1, routed)           0.752    -1.769    u_mmcm/inst/clk_out1_clk_wiz_audio
    BUFGCTRL_X0Y16       BUFG (Prop_bufg_I_O)         0.029    -1.740 r  u_mmcm/inst/clkout1_buf/O
                         net (fo=10, routed)          0.895    -0.845    u_div/clk
    SLICE_X113Y72        FDCE                                         r  u_div/cnt_reg[7]/C
                         clock pessimism              0.252    -0.592    <hidden>
    SLICE_X113Y72        FDCE (Hold_fdce_C_D)         0.107    -0.485    u_div/cnt_reg[7]
  -------------------------------------------------------------------
                         required time                          0.485    <hidden>
                         arrival time                          -0.143    <hidden>
  -------------------------------------------------------------------
                         slack                                  0.343    <hidden>

Slack (MET) :             0.348ns  (arrival time - required time)
  Source:                 u_div/cnt_reg[2]/C
                            (rising edge-triggered cell FDCE clocked by clk_out1_clk_wiz_audio_1  {rise@0.000ns fall@40.690ns period=81.380ns})
  Destination:            u_div/cnt_reg[4]/D
                            (rising edge-triggered cell FDCE clocked by clk_out1_clk_wiz_audio_1  {rise@0.000ns fall@40.690ns period=81.380ns})
  Path Group:             clk_out1_clk_wiz_audio_1
  Path Type:              Hold (Min at Fast Process Corner)
  Requirement:            0.000ns  (clk_out1_clk_wiz_audio_1 rise@0.000ns - clk_out1_clk_wiz_audio_1 rise@0.000ns)
  Data Path Delay:        0.468ns  (logic 0.247ns (52.753%)  route 0.221ns (47.247%))
  Logic Levels:           1  (LUT5=1)
  Clock Path Skew:        0.013ns (DCD - SCD - CPR)
    Destination Clock Delay (DCD):    -0.845ns
    Source Clock Delay      (SCD):    -0.605ns
    Clock Pessimism Removal (CPR):    -0.252ns

    Location             Delay type                Incr(ns)  Path(ns)    Netlist Resource(s)
  -------------------------------------------------------------------    -------------------
                         (clock clk_out1_clk_wiz_audio_1 rise edge)
                                                      0.000     0.000 r  <hidden>
    H16                                               0.000     0.000 r  sysclk
                         net (fo=0)                   0.000     0.000    u_mmcm/inst/clk_in1
    H16                  IBUF (Prop_ibuf_I_O)         0.219     0.219 r  u_mmcm/inst/clkin1_ibufg/O
                         net (fo=1, routed)           0.440     0.659    u_mmcm/inst/clk_in1_clk_wiz_audio
    MMCME2_ADV_X1Y2      MMCME2_ADV (Prop_mmcme2_adv_CLKIN1_CLKOUT0)
                                                     -2.613    -1.954 r  u_mmcm/inst/mmcm_adv_inst/CLKOUT0
                         net (fo=1, routed)           0.696    -1.257    u_mmcm/inst/clk_out1_clk_wiz_audio
    BUFGCTRL_X0Y16       BUFG (Prop_bufg_I_O)         0.026    -1.231 r  u_mmcm/inst/clkout1_buf/O
                         net (fo=10, routed)          0.626    -0.605    u_div/clk
    SLICE_X112Y72        FDCE                                         r  u_div/cnt_reg[2]/C
  -------------------------------------------------------------------    -------------------
    SLICE_X112Y72        FDCE (Prop_fdce_C_Q)         0.148    -0.457 r  u_div/cnt_reg[2]/Q
                         net (fo=5, routed)           0.221    -0.236    u_div/cnt_reg_n_0_[2]
    SLICE_X113Y72        LUT5 (Prop_lut5_I0_O)        0.099    -0.137 r  u_div/cnt[4]_i_1/O
                         net (fo=1, routed)           0.000    -0.137    u_div/p_0_in[4]
    SLICE_X113Y72        FDCE                                         r  u_div/cnt_reg[4]/D
  -------------------------------------------------------------------    -------------------

                         (clock clk_out1_clk_wiz_audio_1 rise edge)
                                                      0.000     0.000 r  <hidden>
    H16                                               0.000     0.000 r  sysclk
                         net (fo=0)                   0.000     0.000    u_mmcm/inst/clk_in1
    H16                  IBUF (Prop_ibuf_I_O)         0.406     0.406 r  u_mmcm/inst/clkin1_ibufg/O
                         net (fo=1, routed)           0.480     0.886    u_mmcm/inst/clk_in1_clk_wiz_audio
    MMCME2_ADV_X1Y2      MMCME2_ADV (Prop_mmcme2_adv_CLKIN1_CLKOUT0)
                                                     -3.407    -2.521 r  u_mmcm/inst/mmcm_adv_inst/CLKOUT0
                         net (fo=1, routed)           0.752    -1.769    u_mmcm/inst/clk_out1_clk_wiz_audio
    BUFGCTRL_X0Y16       BUFG (Prop_bufg_I_O)         0.029    -1.740 r  u_mmcm/inst/clkout1_buf/O
                         net (fo=10, routed)          0.895    -0.845    u_div/clk
    SLICE_X113Y72        FDCE                                         r  u_div/cnt_reg[4]/C
                         clock pessimism              0.252    -0.592    <hidden>
    SLICE_X113Y72        FDCE (Hold_fdce_C_D)         0.107    -0.485    u_div/cnt_reg[4]
  -------------------------------------------------------------------
                         required time                          0.485    <hidden>
                         arrival time                          -0.137    <hidden>
  -------------------------------------------------------------------
                         slack                                  0.348    <hidden>

Slack (MET) :             0.354ns  (arrival time - required time)
  Source:                 u_div/cnt_reg[0]/C
                            (rising edge-triggered cell FDCE clocked by clk_out1_clk_wiz_audio_1  {rise@0.000ns fall@40.690ns period=81.380ns})
  Destination:            u_div/cnt_reg[6]/D
                            (rising edge-triggered cell FDCE clocked by clk_out1_clk_wiz_audio_1  {rise@0.000ns fall@40.690ns period=81.380ns})
  Path Group:             clk_out1_clk_wiz_audio_1
  Path Type:              Hold (Min at Fast Process Corner)
  Requirement:            0.000ns  (clk_out1_clk_wiz_audio_1 rise@0.000ns - clk_out1_clk_wiz_audio_1 rise@0.000ns)
  Data Path Delay:        0.459ns  (logic 0.254ns (55.381%)  route 0.205ns (44.620%))
  Logic Levels:           2  (LUT2=1 LUT6=1)
  Clock Path Skew:        0.013ns (DCD - SCD - CPR)
    Destination Clock Delay (DCD):    -0.845ns
    Source Clock Delay      (SCD):    -0.605ns
    Clock Pessimism Removal (CPR):    -0.252ns

    Location             Delay type                Incr(ns)  Path(ns)    Netlist Resource(s)
  -------------------------------------------------------------------    -------------------
                         (clock clk_out1_clk_wiz_audio_1 rise edge)
                                                      0.000     0.000 r  <hidden>
    H16                                               0.000     0.000 r  sysclk
                         net (fo=0)                   0.000     0.000    u_mmcm/inst/clk_in1
    H16                  IBUF (Prop_ibuf_I_O)         0.219     0.219 r  u_mmcm/inst/clkin1_ibufg/O
                         net (fo=1, routed)           0.440     0.659    u_mmcm/inst/clk_in1_clk_wiz_audio
    MMCME2_ADV_X1Y2      MMCME2_ADV (Prop_mmcme2_adv_CLKIN1_CLKOUT0)
                                                     -2.613    -1.954 r  u_mmcm/inst/mmcm_adv_inst/CLKOUT0
                         net (fo=1, routed)           0.696    -1.257    u_mmcm/inst/clk_out1_clk_wiz_audio
    BUFGCTRL_X0Y16       BUFG (Prop_bufg_I_O)         0.026    -1.231 r  u_mmcm/inst/clkout1_buf/O
                         net (fo=10, routed)          0.626    -0.605    u_div/clk
    SLICE_X112Y72        FDCE                                         r  u_div/cnt_reg[0]/C
  -------------------------------------------------------------------    -------------------
    SLICE_X112Y72        FDCE (Prop_fdce_C_Q)         0.164    -0.441 r  u_div/cnt_reg[0]/Q
                         net (fo=7, routed)           0.066    -0.376    u_div/cnt_reg_n_0_[0]
    SLICE_X113Y72        LUT6 (Prop_lut6_I3_O)        0.045    -0.331 r  u_div/cnt[7]_i_3/O
                         net (fo=2, routed)           0.139    -0.192    u_div/cnt[7]_i_3_n_0
    SLICE_X113Y72        LUT2 (Prop_lut2_I0_O)        0.045    -0.147 r  u_div/cnt[6]_i_1/O
                         net (fo=1, routed)           0.000    -0.147    u_div/p_0_in[6]
    SLICE_X113Y72        FDCE                                         r  u_div/cnt_reg[6]/D
  -------------------------------------------------------------------    -------------------

                         (clock clk_out1_clk_wiz_audio_1 rise edge)
                                                      0.000     0.000 r  <hidden>
    H16                                               0.000     0.000 r  sysclk
                         net (fo=0)                   0.000     0.000    u_mmcm/inst/clk_in1
    H16                  IBUF (Prop_ibuf_I_O)         0.406     0.406 r  u_mmcm/inst/clkin1_ibufg/O
                         net (fo=1, routed)           0.480     0.886    u_mmcm/inst/clk_in1_clk_wiz_audio
    MMCME2_ADV_X1Y2      MMCME2_ADV (Prop_mmcme2_adv_CLKIN1_CLKOUT0)
                                                     -3.407    -2.521 r  u_mmcm/inst/mmcm_adv_inst/CLKOUT0
                         net (fo=1, routed)           0.752    -1.769    u_mmcm/inst/clk_out1_clk_wiz_audio
    BUFGCTRL_X0Y16       BUFG (Prop_bufg_I_O)         0.029    -1.740 r  u_mmcm/inst/clkout1_buf/O
                         net (fo=10, routed)          0.895    -0.845    u_div/clk
    SLICE_X113Y72        FDCE                                         r  u_div/cnt_reg[6]/C
                         clock pessimism              0.252    -0.592    <hidden>
    SLICE_X113Y72        FDCE (Hold_fdce_C_D)         0.092    -0.500    u_div/cnt_reg[6]
  -------------------------------------------------------------------
                         required time                          0.500    <hidden>
                         arrival time                          -0.147    <hidden>
  -------------------------------------------------------------------
                         slack                                  0.354    <hidden>

Slack (MET) :             0.363ns  (arrival time - required time)
  Source:                 u_div/cnt_reg[2]/C
                            (rising edge-triggered cell FDCE clocked by clk_out1_clk_wiz_audio_1  {rise@0.000ns fall@40.690ns period=81.380ns})
  Destination:            u_div/cnt_reg[3]/D
                            (rising edge-triggered cell FDCE clocked by clk_out1_clk_wiz_audio_1  {rise@0.000ns fall@40.690ns period=81.380ns})
  Path Group:             clk_out1_clk_wiz_audio_1
  Path Type:              Hold (Min at Fast Process Corner)
  Requirement:            0.000ns  (clk_out1_clk_wiz_audio_1 rise@0.000ns - clk_out1_clk_wiz_audio_1 rise@0.000ns)
  Data Path Delay:        0.467ns  (logic 0.246ns (52.651%)  route 0.221ns (47.349%))
  Logic Levels:           1  (LUT4=1)
  Clock Path Skew:        0.013ns (DCD - SCD - CPR)
    Destination Clock Delay (DCD):    -0.845ns
    Source Clock Delay      (SCD):    -0.605ns
    Clock Pessimism Removal (CPR):    -0.252ns

    Location             Delay type                Incr(ns)  Path(ns)    Netlist Resource(s)
  -------------------------------------------------------------------    -------------------
                         (clock clk_out1_clk_wiz_audio_1 rise edge)
                                                      0.000     0.000 r  <hidden>
    H16                                               0.000     0.000 r  sysclk
                         net (fo=0)                   0.000     0.000    u_mmcm/inst/clk_in1
    H16                  IBUF (Prop_ibuf_I_O)         0.219     0.219 r  u_mmcm/inst/clkin1_ibufg/O
                         net (fo=1, routed)           0.440     0.659    u_mmcm/inst/clk_in1_clk_wiz_audio
    MMCME2_ADV_X1Y2      MMCME2_ADV (Prop_mmcme2_adv_CLKIN1_CLKOUT0)
                                                     -2.613    -1.954 r  u_mmcm/inst/mmcm_adv_inst/CLKOUT0
                         net (fo=1, routed)           0.696    -1.257    u_mmcm/inst/clk_out1_clk_wiz_audio
    BUFGCTRL_X0Y16       BUFG (Prop_bufg_I_O)         0.026    -1.231 r  u_mmcm/inst/clkout1_buf/O
                         net (fo=10, routed)          0.626    -0.605    u_div/clk
    SLICE_X112Y72        FDCE                                         r  u_div/cnt_reg[2]/C
  -------------------------------------------------------------------    -------------------
    SLICE_X112Y72        FDCE (Prop_fdce_C_Q)         0.148    -0.457 r  u_div/cnt_reg[2]/Q
                         net (fo=5, routed)           0.221    -0.236    u_div/cnt_reg_n_0_[2]
    SLICE_X113Y72        LUT4 (Prop_lut4_I2_O)        0.098    -0.138 r  u_div/cnt[3]_i_1/O
                         net (fo=1, routed)           0.000    -0.138    u_div/p_0_in[3]
    SLICE_X113Y72        FDCE                                         r  u_div/cnt_reg[3]/D
  -------------------------------------------------------------------    -------------------

                         (clock clk_out1_clk_wiz_audio_1 rise edge)
                                                      0.000     0.000 r  <hidden>
    H16                                               0.000     0.000 r  sysclk
                         net (fo=0)                   0.000     0.000    u_mmcm/inst/clk_in1
    H16                  IBUF (Prop_ibuf_I_O)         0.406     0.406 r  u_mmcm/inst/clkin1_ibufg/O
                         net (fo=1, routed)           0.480     0.886    u_mmcm/inst/clk_in1_clk_wiz_audio
    MMCME2_ADV_X1Y2      MMCME2_ADV (Prop_mmcme2_adv_CLKIN1_CLKOUT0)
                                                     -3.407    -2.521 r  u_mmcm/inst/mmcm_adv_inst/CLKOUT0
                         net (fo=1, routed)           0.752    -1.769    u_mmcm/inst/clk_out1_clk_wiz_audio
    BUFGCTRL_X0Y16       BUFG (Prop_bufg_I_O)         0.029    -1.740 r  u_mmcm/inst/clkout1_buf/O
                         net (fo=10, routed)          0.895    -0.845    u_div/clk
    SLICE_X113Y72        FDCE                                         r  u_div/cnt_reg[3]/C
                         clock pessimism              0.252    -0.592    <hidden>
    SLICE_X113Y72        FDCE (Hold_fdce_C_D)         0.091    -0.501    u_div/cnt_reg[3]
  -------------------------------------------------------------------
                         required time                          0.501    <hidden>
                         arrival time                          -0.138    <hidden>
  -------------------------------------------------------------------
                         slack                                  0.363    <hidden>

Slack (MET) :             0.743ns  (arrival time - required time)
  Source:                 u_div/cnt_reg[0]/C
                            (rising edge-triggered cell FDCE clocked by clk_out1_clk_wiz_audio_1  {rise@0.000ns fall@40.690ns period=81.380ns})
  Destination:            u_div/cnt_reg[0]/D
                            (rising edge-triggered cell FDCE clocked by clk_out1_clk_wiz_audio_1  {rise@0.000ns fall@40.690ns period=81.380ns})
  Path Group:             clk_out1_clk_wiz_audio_1
  Path Type:              Hold (Min at Fast Process Corner)
  Requirement:            0.000ns  (clk_out1_clk_wiz_audio_1 rise@0.000ns - clk_out1_clk_wiz_audio_1 rise@0.000ns)
  Data Path Delay:        0.864ns  (logic 0.209ns (24.203%)  route 0.655ns (75.797%))
  Logic Levels:           1  (LUT1=1)
  Clock Path Skew:        0.000ns (DCD - SCD - CPR)
    Destination Clock Delay (DCD):    -0.845ns
    Source Clock Delay      (SCD):    -0.605ns
    Clock Pessimism Removal (CPR):    -0.239ns

    Location             Delay type                Incr(ns)  Path(ns)    Netlist Resource(s)
  -------------------------------------------------------------------    -------------------
                         (clock clk_out1_clk_wiz_audio_1 rise edge)
                                                      0.000     0.000 r  <hidden>
    H16                                               0.000     0.000 r  sysclk
                         net (fo=0)                   0.000     0.000    u_mmcm/inst/clk_in1
    H16                  IBUF (Prop_ibuf_I_O)         0.219     0.219 r  u_mmcm/inst/clkin1_ibufg/O
                         net (fo=1, routed)           0.440     0.659    u_mmcm/inst/clk_in1_clk_wiz_audio
    MMCME2_ADV_X1Y2      MMCME2_ADV (Prop_mmcme2_adv_CLKIN1_CLKOUT0)
                                                     -2.613    -1.954 r  u_mmcm/inst/mmcm_adv_inst/CLKOUT0
                         net (fo=1, routed)           0.696    -1.257    u_mmcm/inst/clk_out1_clk_wiz_audio
    BUFGCTRL_X0Y16       BUFG (Prop_bufg_I_O)         0.026    -1.231 r  u_mmcm/inst/clkout1_buf/O
                         net (fo=10, routed)          0.626    -0.605    u_div/clk
    SLICE_X112Y72        FDCE                                         r  u_div/cnt_reg[0]/C
  -------------------------------------------------------------------    -------------------
    SLICE_X112Y72        FDCE (Prop_fdce_C_Q)         0.164    -0.441 f  u_div/cnt_reg[0]/Q
                         net (fo=7, routed)           0.655     0.213    u_div/cnt_reg_n_0_[0]
    SLICE_X112Y72        LUT1 (Prop_lut1_I0_O)        0.045     0.258 r  u_div/cnt[0]_i_1/O
                         net (fo=1, routed)           0.000     0.258    u_div/p_0_in[0]
    SLICE_X112Y72        FDCE                                         r  u_div/cnt_reg[0]/D
  -------------------------------------------------------------------    -------------------

                         (clock clk_out1_clk_wiz_audio_1 rise edge)
                                                      0.000     0.000 r  <hidden>
    H16                                               0.000     0.000 r  sysclk
                         net (fo=0)                   0.000     0.000    u_mmcm/inst/clk_in1
    H16                  IBUF (Prop_ibuf_I_O)         0.406     0.406 r  u_mmcm/inst/clkin1_ibufg/O
                         net (fo=1, routed)           0.480     0.886    u_mmcm/inst/clk_in1_clk_wiz_audio
    MMCME2_ADV_X1Y2      MMCME2_ADV (Prop_mmcme2_adv_CLKIN1_CLKOUT0)
                                                     -3.407    -2.521 r  u_mmcm/inst/mmcm_adv_inst/CLKOUT0
                         net (fo=1, routed)           0.752    -1.769    u_mmcm/inst/clk_out1_clk_wiz_audio
    BUFGCTRL_X0Y16       BUFG (Prop_bufg_I_O)         0.029    -1.740 r  u_mmcm/inst/clkout1_buf/O
                         net (fo=10, routed)          0.895    -0.845    u_div/clk
    SLICE_X112Y72        FDCE                                         r  u_div/cnt_reg[0]/C
                         clock pessimism              0.239    -0.605    <hidden>
    SLICE_X112Y72        FDCE (Hold_fdce_C_D)         0.121    -0.484    u_div/cnt_reg[0]
  -------------------------------------------------------------------
                         required time                          0.484    <hidden>
                         arrival time                           0.258    <hidden>
  -------------------------------------------------------------------
                         slack                                  0.743    <hidden>





Pulse Width Checks
--------------------------------------------------------------------------------------
Clock Name:         clk_out1_clk_wiz_audio_1
Waveform(ns):       { 0.000 40.690 }
Period(ns):         81.380
Sources:            { u_mmcm/inst/mmcm_adv_inst/CLKOUT0 }

Check Type        Corner  Lib Pin             Reference Pin  Required(ns)  Actual(ns)  Slack(ns)  Location         Pin
Min Period        n/a     BUFG/I              n/a            2.155         81.380      79.225     BUFGCTRL_X0Y16   u_mmcm/inst/clkout1_buf/I
Min Period        n/a     MMCME2_ADV/CLKOUT0  n/a            1.249         81.380      80.131     MMCME2_ADV_X1Y2  u_mmcm/inst/mmcm_adv_inst/CLKOUT0
Min Period        n/a     FDCE/C              n/a            1.000         81.380      80.380     SLICE_X112Y72    u_div/cnt_reg[0]/C
Min Period        n/a     FDCE/C              n/a            1.000         81.380      80.380     SLICE_X112Y72    u_div/cnt_reg[1]/C
Min Period        n/a     FDCE/C              n/a            1.000         81.380      80.380     SLICE_X112Y72    u_div/cnt_reg[2]/C
Min Period        n/a     FDCE/C              n/a            1.000         81.380      80.380     SLICE_X113Y72    u_div/cnt_reg[3]/C
Min Period        n/a     FDCE/C              n/a            1.000         81.380      80.380     SLICE_X113Y72    u_div/cnt_reg[4]/C
Min Period        n/a     FDCE/C              n/a            1.000         81.380      80.380     SLICE_X113Y72    u_div/cnt_reg[5]/C
Min Period        n/a     FDCE/C              n/a            1.000         81.380      80.380     SLICE_X113Y72    u_div/cnt_reg[6]/C
Min Period        n/a     FDCE/C              n/a            1.000         81.380      80.380     SLICE_X113Y72    u_div/cnt_reg[7]/C
Max Period        n/a     MMCME2_ADV/CLKOUT0  n/a            213.360       81.380      131.980    MMCME2_ADV_X1Y2  u_mmcm/inst/mmcm_adv_inst/CLKOUT0
Low Pulse Width   Slow    FDCE/C              n/a            0.500         40.690      40.190     SLICE_X112Y72    u_div/cnt_reg[0]/C
Low Pulse Width   Fast    FDCE/C              n/a            0.500         40.690      40.190     SLICE_X112Y72    u_div/cnt_reg[0]/C
Low Pulse Width   Slow    FDCE/C              n/a            0.500         40.690      40.190     SLICE_X112Y72    u_div/cnt_reg[1]/C
Low Pulse Width   Fast    FDCE/C              n/a            0.500         40.690      40.190     SLICE_X112Y72    u_div/cnt_reg[1]/C
Low Pulse Width   Slow    FDCE/C              n/a            0.500         40.690      40.190     SLICE_X112Y72    u_div/cnt_reg[2]/C
Low Pulse Width   Fast    FDCE/C              n/a            0.500         40.690      40.190     SLICE_X112Y72    u_div/cnt_reg[2]/C
Low Pulse Width   Slow    FDCE/C              n/a            0.500         40.690      40.190     SLICE_X113Y72    u_div/cnt_reg[3]/C
Low Pulse Width   Fast    FDCE/C              n/a            0.500         40.690      40.190     SLICE_X113Y72    u_div/cnt_reg[3]/C
Low Pulse Width   Slow    FDCE/C              n/a            0.500         40.690      40.190     SLICE_X113Y72    u_div/cnt_reg[4]/C
Low Pulse Width   Fast    FDCE/C              n/a            0.500         40.690      40.190     SLICE_X113Y72    u_div/cnt_reg[4]/C
High Pulse Width  Slow    FDCE/C              n/a            0.500         40.690      40.190     SLICE_X112Y72    u_div/cnt_reg[0]/C
High Pulse Width  Fast    FDCE/C              n/a            0.500         40.690      40.190     SLICE_X112Y72    u_div/cnt_reg[0]/C
High Pulse Width  Slow    FDCE/C              n/a            0.500         40.690      40.190     SLICE_X112Y72    u_div/cnt_reg[1]/C
High Pulse Width  Fast    FDCE/C              n/a            0.500         40.690      40.190     SLICE_X112Y72    u_div/cnt_reg[1]/C
High Pulse Width  Slow    FDCE/C              n/a            0.500         40.690      40.190     SLICE_X112Y72    u_div/cnt_reg[2]/C
High Pulse Width  Fast    FDCE/C              n/a            0.500         40.690      40.190     SLICE_X112Y72    u_div/cnt_reg[2]/C
High Pulse Width  Slow    FDCE/C              n/a            0.500         40.690      40.190     SLICE_X113Y72    u_div/cnt_reg[3]/C
High Pulse Width  Fast    FDCE/C              n/a            0.500         40.690      40.190     SLICE_X113Y72    u_div/cnt_reg[3]/C
High Pulse Width  Slow    FDCE/C              n/a            0.500         40.690      40.190     SLICE_X113Y72    u_div/cnt_reg[4]/C
High Pulse Width  Fast    FDCE/C              n/a            0.500         40.690      40.190     SLICE_X113Y72    u_div/cnt_reg[4]/C



---------------------------------------------------------------------------------------------------
From Clock:  clkfbout_clk_wiz_audio_1
  To Clock:  clkfbout_clk_wiz_audio_1

Setup :           NA  Failing Endpoints,  Worst Slack           NA  ,  Total Violation           NA
Hold  :           NA  Failing Endpoints,  Worst Slack           NA  ,  Total Violation           NA
PW    :            0  Failing Endpoints,  Worst Slack       44.000ns,  Total Violation        0.000ns
---------------------------------------------------------------------------------------------------


Pulse Width Checks
--------------------------------------------------------------------------------------
Clock Name:         clkfbout_clk_wiz_audio_1
Waveform(ns):       { 0.000 28.000 }
Period(ns):         56.000
Sources:            { u_mmcm/inst/mmcm_adv_inst/CLKFBOUT }

Check Type  Corner  Lib Pin              Reference Pin  Required(ns)  Actual(ns)  Slack(ns)  Location         Pin
Min Period  n/a     BUFG/I               n/a            2.155         56.000      53.845     BUFGCTRL_X0Y17   u_mmcm/inst/clkf_buf/I
Min Period  n/a     MMCME2_ADV/CLKFBOUT  n/a            1.249         56.000      54.751     MMCME2_ADV_X1Y2  u_mmcm/inst/mmcm_adv_inst/CLKFBOUT
Min Period  n/a     MMCME2_ADV/CLKFBIN   n/a            1.249         56.000      54.751     MMCME2_ADV_X1Y2  u_mmcm/inst/mmcm_adv_inst/CLKFBIN
Max Period  n/a     MMCME2_ADV/CLKFBIN   n/a            100.000       56.000      44.000     MMCME2_ADV_X1Y2  u_mmcm/inst/mmcm_adv_inst/CLKFBIN
Max Period  n/a     MMCME2_ADV/CLKFBOUT  n/a            213.360       56.000      157.360    MMCME2_ADV_X1Y2  u_mmcm/inst/mmcm_adv_inst/CLKFBOUT



---------------------------------------------------------------------------------------------------
From Clock:  sysclk
  To Clock:  sysclk

Setup :           NA  Failing Endpoints,  Worst Slack           NA  ,  Total Violation           NA
Hold  :           NA  Failing Endpoints,  Worst Slack           NA  ,  Total Violation           NA
PW    :            0  Failing Endpoints,  Worst Slack        2.000ns,  Total Violation        0.000ns
---------------------------------------------------------------------------------------------------


Pulse Width Checks
--------------------------------------------------------------------------------------
Clock Name:         sysclk
Waveform(ns):       { 0.000 4.000 }
Period(ns):         8.000
Sources:            { sysclk }

Check Type        Corner  Lib Pin            Reference Pin  Required(ns)  Actual(ns)  Slack(ns)  Location         Pin
Min Period        n/a     MMCME2_ADV/CLKIN1  n/a            1.249         8.000       6.751      MMCME2_ADV_X1Y2  u_mmcm/inst/mmcm_adv_inst/CLKIN1
Max Period        n/a     MMCME2_ADV/CLKIN1  n/a            100.000       8.000       92.000     MMCME2_ADV_X1Y2  u_mmcm/inst/mmcm_adv_inst/CLKIN1
Low Pulse Width   Slow    MMCME2_ADV/CLKIN1  n/a            2.000         4.000       2.000      MMCME2_ADV_X1Y2  u_mmcm/inst/mmcm_adv_inst/CLKIN1
Low Pulse Width   Fast    MMCME2_ADV/CLKIN1  n/a            2.000         4.000       2.000      MMCME2_ADV_X1Y2  u_mmcm/inst/mmcm_adv_inst/CLKIN1
High Pulse Width  Slow    MMCME2_ADV/CLKIN1  n/a            2.000         4.000       2.000      MMCME2_ADV_X1Y2  u_mmcm/inst/mmcm_adv_inst/CLKIN1
High Pulse Width  Fast    MMCME2_ADV/CLKIN1  n/a            2.000         4.000       2.000      MMCME2_ADV_X1Y2  u_mmcm/inst/mmcm_adv_inst/CLKIN1



---------------------------------------------------------------------------------------------------
From Clock:  clk_out1_clk_wiz_audio
  To Clock:  clk_out1_clk_wiz_audio

Setup :            0  Failing Endpoints,  Worst Slack       78.316ns,  Total Violation        0.000ns
Hold  :            0  Failing Endpoints,  Worst Slack        0.268ns,  Total Violation        0.000ns
PW    :            0  Failing Endpoints,  Worst Slack       40.190ns,  Total Violation        0.000ns
---------------------------------------------------------------------------------------------------


Max Delay Paths
--------------------------------------------------------------------------------------
Slack (MET) :             78.316ns  (required time - arrival time)
  Source:                 u_div/cnt_reg[1]/C
                            (rising edge-triggered cell FDCE clocked by clk_out1_clk_wiz_audio  {rise@0.000ns fall@40.690ns period=81.380ns})
  Destination:            u_div/cnt_reg[6]/D
                            (rising edge-triggered cell FDCE clocked by clk_out1_clk_wiz_audio  {rise@0.000ns fall@40.690ns period=81.380ns})
  Path Group:             clk_out1_clk_wiz_audio
  Path Type:              Setup (Max at Slow Process Corner)
  Requirement:            81.380ns  (clk_out1_clk_wiz_audio rise@81.380ns - clk_out1_clk_wiz_audio rise@0.000ns)
  Data Path Delay:        2.833ns  (logic 0.766ns (27.036%)  route 2.067ns (72.964%))
  Logic Levels:           2  (LUT2=1 LUT6=1)
  Clock Path Skew:        -0.022ns (DCD - SCD + CPR)
    Destination Clock Delay (DCD):    -1.497ns = ( 79.883 - 81.380 ) 
    Source Clock Delay      (SCD):    -0.868ns
    Clock Pessimism Removal (CPR):    0.607ns
  Clock Uncertainty:      0.240ns  ((TSJ^2 + DJ^2)^1/2) / 2 + PE
    Total System Jitter     (TSJ):    0.071ns
    Discrete Jitter          (DJ):    0.474ns
    Phase Error              (PE):    0.000ns

    Location             Delay type                Incr(ns)  Path(ns)    Netlist Resource(s)
  -------------------------------------------------------------------    -------------------
                         (clock clk_out1_clk_wiz_audio rise edge)
                                                      0.000     0.000 r  <hidden>
    H16                                               0.000     0.000 r  sysclk
                         net (fo=0)                   0.000     0.000    u_mmcm/inst/clk_in1
    H16                  IBUF (Prop_ibuf_I_O)         1.451     1.451 r  u_mmcm/inst/clkin1_ibufg/O
                         net (fo=1, routed)           1.285     2.736    u_mmcm/inst/clk_in1_clk_wiz_audio
    MMCME2_ADV_X1Y2      MMCME2_ADV (Prop_mmcme2_adv_CLKIN1_CLKOUT0)
                                                     -7.759    -5.023 r  u_mmcm/inst/mmcm_adv_inst/CLKOUT0
                         net (fo=1, routed)           2.206    -2.817    u_mmcm/inst/clk_out1_clk_wiz_audio
    BUFGCTRL_X0Y16       BUFG (Prop_bufg_I_O)         0.101    -2.716 r  u_mmcm/inst/clkout1_buf/O
                         net (fo=10, routed)          1.848    -0.868    u_div/clk
    SLICE_X112Y72        FDCE                                         r  u_div/cnt_reg[1]/C
  -------------------------------------------------------------------    -------------------
    SLICE_X112Y72        FDCE (Prop_fdce_C_Q)         0.518    -0.350 r  u_div/cnt_reg[1]/Q
                         net (fo=8, routed)           1.660     1.310    u_div/out[0]
    SLICE_X113Y72        LUT6 (Prop_lut6_I2_O)        0.124     1.434 r  u_div/cnt[7]_i_3/O
                         net (fo=2, routed)           0.407     1.841    u_div/cnt[7]_i_3_n_0
    SLICE_X113Y72        LUT2 (Prop_lut2_I0_O)        0.124     1.965 r  u_div/cnt[6]_i_1/O
                         net (fo=1, routed)           0.000     1.965    u_div/p_0_in[6]
    SLICE_X113Y72        FDCE                                         r  u_div/cnt_reg[6]/D
  -------------------------------------------------------------------    -------------------

                         (clock clk_out1_clk_wiz_audio rise edge)
                                                     81.380    81.380 r  <hidden>
    H16                                               0.000    81.380 r  sysclk
                         net (fo=0)                   0.000    81.380    u_mmcm/inst/clk_in1
    H16                  IBUF (Prop_ibuf_I_O)         1.380    82.760 r  u_mmcm/inst/clkin1_ibufg/O
                         net (fo=1, routed)           1.162    83.922    u_mmcm/inst/clk_in1_clk_wiz_audio
    MMCME2_ADV_X1Y2      MMCME2_ADV (Prop_mmcme2_adv_CLKIN1_CLKOUT0)
                                                     -7.814    76.108 r  u_mmcm/inst/mmcm_adv_inst/CLKOUT0
                         net (fo=1, routed)           2.012    78.120    u_mmcm/inst/clk_out1_clk_wiz_audio
    BUFGCTRL_X0Y16       BUFG (Prop_bufg_I_O)         0.091    78.211 r  u_mmcm/inst/clkout1_buf/O
                         net (fo=10, routed)          1.672    79.883    u_div/clk
    SLICE_X113Y72        FDCE                                         r  u_div/cnt_reg[6]/C
                         clock pessimism              0.607    80.490    <hidden>
                         clock uncertainty           -0.240    80.250    <hidden>
    SLICE_X113Y72        FDCE (Setup_fdce_C_D)        0.031    80.281    u_div/cnt_reg[6]
  -------------------------------------------------------------------
                         required time                         80.281    <hidden>
                         arrival time                          -1.965    <hidden>
  -------------------------------------------------------------------
                         slack                                 78.316    <hidden>

Slack (MET) :             78.365ns  (required time - arrival time)
  Source:                 u_div/cnt_reg[1]/C
                            (rising edge-triggered cell FDCE clocked by clk_out1_clk_wiz_audio  {rise@0.000ns fall@40.690ns period=81.380ns})
  Destination:            u_div/cnt_reg[7]/D
                            (rising edge-triggered cell FDCE clocked by clk_out1_clk_wiz_audio  {rise@0.000ns fall@40.690ns period=81.380ns})
  Path Group:             clk_out1_clk_wiz_audio
  Path Type:              Setup (Max at Slow Process Corner)
  Requirement:            81.380ns  (clk_out1_clk_wiz_audio rise@81.380ns - clk_out1_clk_wiz_audio rise@0.000ns)
  Data Path Delay:        2.828ns  (logic 0.761ns (26.907%)  route 2.067ns (73.093%))
  Logic Levels:           2  (LUT3=1 LUT6=1)
  Clock Path Skew:        -0.022ns (DCD - SCD + CPR)
    Destination Clock Delay (DCD):    -1.497ns = ( 79.883 - 81.380 ) 
    Source Clock Delay      (SCD):    -0.868ns
    Clock Pessimism Removal (CPR):    0.607ns
  Clock Uncertainty:      0.240ns  ((TSJ^2 + DJ^2)^1/2) / 2 + PE
    Total System Jitter     (TSJ):    0.071ns
    Discrete Jitter          (DJ):    0.474ns
    Phase Error              (PE):    0.000ns

    Location             Delay type                Incr(ns)  Path(ns)    Netlist Resource(s)
  -------------------------------------------------------------------    -------------------
                         (clock clk_out1_clk_wiz_audio rise edge)
                                                      0.000     0.000 r  <hidden>
    H16                                               0.000     0.000 r  sysclk
                         net (fo=0)                   0.000     0.000    u_mmcm/inst/clk_in1
    H16                  IBUF (Prop_ibuf_I_O)         1.451     1.451 r  u_mmcm/inst/clkin1_ibufg/O
                         net (fo=1, routed)           1.285     2.736    u_mmcm/inst/clk_in1_clk_wiz_audio
    MMCME2_ADV_X1Y2      MMCME2_ADV (Prop_mmcme2_adv_CLKIN1_CLKOUT0)
                                                     -7.759    -5.023 r  u_mmcm/inst/mmcm_adv_inst/CLKOUT0
                         net (fo=1, routed)           2.206    -2.817    u_mmcm/inst/clk_out1_clk_wiz_audio
    BUFGCTRL_X0Y16       BUFG (Prop_bufg_I_O)         0.101    -2.716 r  u_mmcm/inst/clkout1_buf/O
                         net (fo=10, routed)          1.848    -0.868    u_div/clk
    SLICE_X112Y72        FDCE                                         r  u_div/cnt_reg[1]/C
  -------------------------------------------------------------------    -------------------
    SLICE_X112Y72        FDCE (Prop_fdce_C_Q)         0.518    -0.350 r  u_div/cnt_reg[1]/Q
                         net (fo=8, routed)           1.660     1.310    u_div/out[0]
    SLICE_X113Y72        LUT6 (Prop_lut6_I2_O)        0.124     1.434 r  u_div/cnt[7]_i_3/O
                         net (fo=2, routed)           0.407     1.841    u_div/cnt[7]_i_3_n_0
    SLICE_X113Y72        LUT3 (Prop_lut3_I0_O)        0.119     1.960 r  u_div/cnt[7]_i_1/O
                         net (fo=1, routed)           0.000     1.960    u_div/p_0_in[7]
    SLICE_X113Y72        FDCE                                         r  u_div/cnt_reg[7]/D
  -------------------------------------------------------------------    -------------------

                         (clock clk_out1_clk_wiz_audio rise edge)
                                                     81.380    81.380 r  <hidden>
    H16                                               0.000    81.380 r  sysclk
                         net (fo=0)                   0.000    81.380    u_mmcm/inst/clk_in1
    H16                  IBUF (Prop_ibuf_I_O)         1.380    82.760 r  u_mmcm/inst/clkin1_ibufg/O
                         net (fo=1, routed)           1.162    83.922    u_mmcm/inst/clk_in1_clk_wiz_audio
    MMCME2_ADV_X1Y2      MMCME2_ADV (Prop_mmcme2_adv_CLKIN1_CLKOUT0)
                                                     -7.814    76.108 r  u_mmcm/inst/mmcm_adv_inst/CLKOUT0
                         net (fo=1, routed)           2.012    78.120    u_mmcm/inst/clk_out1_clk_wiz_audio
    BUFGCTRL_X0Y16       BUFG (Prop_bufg_I_O)         0.091    78.211 r  u_mmcm/inst/clkout1_buf/O
                         net (fo=10, routed)          1.672    79.883    u_div/clk
    SLICE_X113Y72        FDCE                                         r  u_div/cnt_reg[7]/C
                         clock pessimism              0.607    80.490    <hidden>
                         clock uncertainty           -0.240    80.250    <hidden>
    SLICE_X113Y72        FDCE (Setup_fdce_C_D)        0.075    80.325    u_div/cnt_reg[7]
  -------------------------------------------------------------------
                         required time                         80.325    <hidden>
                         arrival time                          -1.960    <hidden>
  -------------------------------------------------------------------
                         slack                                 78.365    <hidden>

Slack (MET) :             78.842ns  (required time - arrival time)
  Source:                 u_div/cnt_reg[1]/C
                            (rising edge-triggered cell FDCE clocked by clk_out1_clk_wiz_audio  {rise@0.000ns fall@40.690ns period=81.380ns})
  Destination:            u_div/cnt_reg[5]/D
                            (rising edge-triggered cell FDCE clocked by clk_out1_clk_wiz_audio  {rise@0.000ns fall@40.690ns period=81.380ns})
  Path Group:             clk_out1_clk_wiz_audio
  Path Type:              Setup (Max at Slow Process Corner)
  Requirement:            81.380ns  (clk_out1_clk_wiz_audio rise@81.380ns - clk_out1_clk_wiz_audio rise@0.000ns)
  Data Path Delay:        2.307ns  (logic 0.642ns (27.825%)  route 1.665ns (72.175%))
  Logic Levels:           1  (LUT6=1)
  Clock Path Skew:        -0.022ns (DCD - SCD + CPR)
    Destination Clock Delay (DCD):    -1.497ns = ( 79.883 - 81.380 ) 
    Source Clock Delay      (SCD):    -0.868ns
    Clock Pessimism Removal (CPR):    0.607ns
  Clock Uncertainty:      0.240ns  ((TSJ^2 + DJ^2)^1/2) / 2 + PE
    Total System Jitter     (TSJ):    0.071ns
    Discrete Jitter          (DJ):    0.474ns
    Phase Error              (PE):    0.000ns

    Location             Delay type                Incr(ns)  Path(ns)    Netlist Resource(s)
  -------------------------------------------------------------------    -------------------
                         (clock clk_out1_clk_wiz_audio rise edge)
                                                      0.000     0.000 r  <hidden>
    H16                                               0.000     0.000 r  sysclk
                         net (fo=0)                   0.000     0.000    u_mmcm/inst/clk_in1
    H16                  IBUF (Prop_ibuf_I_O)         1.451     1.451 r  u_mmcm/inst/clkin1_ibufg/O
                         net (fo=1, routed)           1.285     2.736    u_mmcm/inst/clk_in1_clk_wiz_audio
    MMCME2_ADV_X1Y2      MMCME2_ADV (Prop_mmcme2_adv_CLKIN1_CLKOUT0)
                                                     -7.759    -5.023 r  u_mmcm/inst/mmcm_adv_inst/CLKOUT0
                         net (fo=1, routed)           2.206    -2.817    u_mmcm/inst/clk_out1_clk_wiz_audio
    BUFGCTRL_X0Y16       BUFG (Prop_bufg_I_O)         0.101    -2.716 r  u_mmcm/inst/clkout1_buf/O
                         net (fo=10, routed)          1.848    -0.868    u_div/clk
    SLICE_X112Y72        FDCE                                         r  u_div/cnt_reg[1]/C
  -------------------------------------------------------------------    -------------------
    SLICE_X112Y72        FDCE (Prop_fdce_C_Q)         0.518    -0.350 r  u_div/cnt_reg[1]/Q
                         net (fo=8, routed)           1.665     1.315    u_div/out[0]
    SLICE_X113Y72        LUT6 (Prop_lut6_I1_O)        0.124     1.439 r  u_div/cnt[5]_i_1/O
                         net (fo=1, routed)           0.000     1.439    u_div/p_0_in[5]
    SLICE_X113Y72        FDCE                                         r  u_div/cnt_reg[5]/D
  -------------------------------------------------------------------    -------------------

                         (clock clk_out1_clk_wiz_audio rise edge)
                                                     81.380    81.380 r  <hidden>
    H16                                               0.000    81.380 r  sysclk
                         net (fo=0)                   0.000    81.380    u_mmcm/inst/clk_in1
    H16                  IBUF (Prop_ibuf_I_O)         1.380    82.760 r  u_mmcm/inst/clkin1_ibufg/O
                         net (fo=1, routed)           1.162    83.922    u_mmcm/inst/clk_in1_clk_wiz_audio
    MMCME2_ADV_X1Y2      MMCME2_ADV (Prop_mmcme2_adv_CLKIN1_CLKOUT0)
                                                     -7.814    76.108 r  u_mmcm/inst/mmcm_adv_inst/CLKOUT0
                         net (fo=1, routed)           2.012    78.120    u_mmcm/inst/clk_out1_clk_wiz_audio
    BUFGCTRL_X0Y16       BUFG (Prop_bufg_I_O)         0.091    78.211 r  u_mmcm/inst/clkout1_buf/O
                         net (fo=10, routed)          1.672    79.883    u_div/clk
    SLICE_X113Y72        FDCE                                         r  u_div/cnt_reg[5]/C
                         clock pessimism              0.607    80.490    <hidden>
                         clock uncertainty           -0.240    80.250    <hidden>
    SLICE_X113Y72        FDCE (Setup_fdce_C_D)        0.031    80.281    u_div/cnt_reg[5]
  -------------------------------------------------------------------
                         required time                         80.281    <hidden>
                         arrival time                          -1.439    <hidden>
  -------------------------------------------------------------------
                         slack                                 78.842    <hidden>

Slack (MET) :             79.065ns  (required time - arrival time)
  Source:                 u_div/cnt_reg[0]/C
                            (rising edge-triggered cell FDCE clocked by clk_out1_clk_wiz_audio  {rise@0.000ns fall@40.690ns period=81.380ns})
  Destination:            u_div/cnt_reg[0]/D
                            (rising edge-triggered cell FDCE clocked by clk_out1_clk_wiz_audio  {rise@0.000ns fall@40.690ns period=81.380ns})
  Path Group:             clk_out1_clk_wiz_audio
  Path Type:              Setup (Max at Slow Process Corner)
  Requirement:            81.380ns  (clk_out1_clk_wiz_audio rise@81.380ns - clk_out1_clk_wiz_audio rise@0.000ns)
  Data Path Delay:        2.157ns  (logic 0.642ns (29.770%)  route 1.515ns (70.230%))
  Logic Levels:           1  (LUT1=1)
  Clock Path Skew:        0.000ns (DCD - SCD + CPR)
    Destination Clock Delay (DCD):    -1.497ns = ( 79.883 - 81.380 ) 
    Source Clock Delay      (SCD):    -0.868ns
    Clock Pessimism Removal (CPR):    0.629ns
  Clock Uncertainty:      0.240ns  ((TSJ^2 + DJ^2)^1/2) / 2 + PE
    Total System Jitter     (TSJ):    0.071ns
    Discrete Jitter          (DJ):    0.474ns
    Phase Error              (PE):    0.000ns

    Location             Delay type                Incr(ns)  Path(ns)    Netlist Resource(s)
  -------------------------------------------------------------------    -------------------
                         (clock clk_out1_clk_wiz_audio rise edge)
                                                      0.000     0.000 r  <hidden>
    H16                                               0.000     0.000 r  sysclk
                         net (fo=0)                   0.000     0.000    u_mmcm/inst/clk_in1
    H16                  IBUF (Prop_ibuf_I_O)         1.451     1.451 r  u_mmcm/inst/clkin1_ibufg/O
                         net (fo=1, routed)           1.285     2.736    u_mmcm/inst/clk_in1_clk_wiz_audio
    MMCME2_ADV_X1Y2      MMCME2_ADV (Prop_mmcme2_adv_CLKIN1_CLKOUT0)
                                                     -7.759    -5.023 r  u_mmcm/inst/mmcm_adv_inst/CLKOUT0
                         net (fo=1, routed)           2.206    -2.817    u_mmcm/inst/clk_out1_clk_wiz_audio
    BUFGCTRL_X0Y16       BUFG (Prop_bufg_I_O)         0.101    -2.716 r  u_mmcm/inst/clkout1_buf/O
                         net (fo=10, routed)          1.848    -0.868    u_div/clk
    SLICE_X112Y72        FDCE                                         r  u_div/cnt_reg[0]/C
  -------------------------------------------------------------------    -------------------
    SLICE_X112Y72        FDCE (Prop_fdce_C_Q)         0.518    -0.350 f  u_div/cnt_reg[0]/Q
                         net (fo=7, routed)           1.515     1.164    u_div/cnt_reg_n_0_[0]
    SLICE_X112Y72        LUT1 (Prop_lut1_I0_O)        0.124     1.288 r  u_div/cnt[0]_i_1/O
                         net (fo=1, routed)           0.000     1.288    u_div/p_0_in[0]
    SLICE_X112Y72        FDCE                                         r  u_div/cnt_reg[0]/D
  -------------------------------------------------------------------    -------------------

                         (clock clk_out1_clk_wiz_audio rise edge)
                                                     81.380    81.380 r  <hidden>
    H16                                               0.000    81.380 r  sysclk
                         net (fo=0)                   0.000    81.380    u_mmcm/inst/clk_in1
    H16                  IBUF (Prop_ibuf_I_O)         1.380    82.760 r  u_mmcm/inst/clkin1_ibufg/O
                         net (fo=1, routed)           1.162    83.922    u_mmcm/inst/clk_in1_clk_wiz_audio
    MMCME2_ADV_X1Y2      MMCME2_ADV (Prop_mmcme2_adv_CLKIN1_CLKOUT0)
                                                     -7.814    76.108 r  u_mmcm/inst/mmcm_adv_inst/CLKOUT0
                         net (fo=1, routed)           2.012    78.120    u_mmcm/inst/clk_out1_clk_wiz_audio
    BUFGCTRL_X0Y16       BUFG (Prop_bufg_I_O)         0.091    78.211 r  u_mmcm/inst/clkout1_buf/O
                         net (fo=10, routed)          1.672    79.883    u_div/clk
    SLICE_X112Y72        FDCE                                         r  u_div/cnt_reg[0]/C
                         clock pessimism              0.629    80.512    <hidden>
                         clock uncertainty           -0.240    80.272    <hidden>
    SLICE_X112Y72        FDCE (Setup_fdce_C_D)        0.081    80.353    u_div/cnt_reg[0]
  -------------------------------------------------------------------
                         required time                         80.353    <hidden>
                         arrival time                          -1.288    <hidden>
  -------------------------------------------------------------------
                         slack                                 79.065    <hidden>

Slack (MET) :             79.086ns  (required time - arrival time)
  Source:                 u_div/cnt_reg[1]/C
                            (rising edge-triggered cell FDCE clocked by clk_out1_clk_wiz_audio  {rise@0.000ns fall@40.690ns period=81.380ns})
  Destination:            u_div/cnt_reg[3]/D
                            (rising edge-triggered cell FDCE clocked by clk_out1_clk_wiz_audio  {rise@0.000ns fall@40.690ns period=81.380ns})
  Path Group:             clk_out1_clk_wiz_audio
  Path Type:              Setup (Max at Slow Process Corner)
  Requirement:            81.380ns  (clk_out1_clk_wiz_audio rise@81.380ns - clk_out1_clk_wiz_audio rise@0.000ns)
  Data Path Delay:        2.061ns  (logic 0.642ns (31.143%)  route 1.419ns (68.857%))
  Logic Levels:           1  (LUT4=1)
  Clock Path Skew:        -0.022ns (DCD - SCD + CPR)
    Destination Clock Delay (DCD):    -1.497ns = ( 79.883 - 81.380 ) 
    Source Clock Delay      (SCD):    -0.868ns
    Clock Pessimism Removal (CPR):    0.607ns
  Clock Uncertainty:      0.240ns  ((TSJ^2 + DJ^2)^1/2) / 2 + PE
    Total System Jitter     (TSJ):    0.071ns
    Discrete Jitter          (DJ):    0.474ns
    Phase Error              (PE):    0.000ns

    Location             Delay type                Incr(ns)  Path(ns)    Netlist Resource(s)
  -------------------------------------------------------------------    -------------------
                         (clock clk_out1_clk_wiz_audio rise edge)
                                                      0.000     0.000 r  <hidden>
    H16                                               0.000     0.000 r  sysclk
                         net (fo=0)                   0.000     0.000    u_mmcm/inst/clk_in1
    H16                  IBUF (Prop_ibuf_I_O)         1.451     1.451 r  u_mmcm/inst/clkin1_ibufg/O
                         net (fo=1, routed)           1.285     2.736    u_mmcm/inst/clk_in1_clk_wiz_audio
    MMCME2_ADV_X1Y2      MMCME2_ADV (Prop_mmcme2_adv_CLKIN1_CLKOUT0)
                                                     -7.759    -5.023 r  u_mmcm/inst/mmcm_adv_inst/CLKOUT0
                         net (fo=1, routed)           2.206    -2.817    u_mmcm/inst/clk_out1_clk_wiz_audio
    BUFGCTRL_X0Y16       BUFG (Prop_bufg_I_O)         0.101    -2.716 r  u_mmcm/inst/clkout1_buf/O
                         net (fo=10, routed)          1.848    -0.868    u_div/clk
    SLICE_X112Y72        FDCE                                         r  u_div/cnt_reg[1]/C
  -------------------------------------------------------------------    -------------------
    SLICE_X112Y72        FDCE (Prop_fdce_C_Q)         0.518    -0.350 r  u_div/cnt_reg[1]/Q
                         net (fo=8, routed)           1.419     1.069    u_div/out[0]
    SLICE_X113Y72        LUT4 (Prop_lut4_I0_O)        0.124     1.193 r  u_div/cnt[3]_i_1/O
                         net (fo=1, routed)           0.000     1.193    u_div/p_0_in[3]
    SLICE_X113Y72        FDCE                                         r  u_div/cnt_reg[3]/D
  -------------------------------------------------------------------    -------------------

                         (clock clk_out1_clk_wiz_audio rise edge)
                                                     81.380    81.380 r  <hidden>
    H16                                               0.000    81.380 r  sysclk
                         net (fo=0)                   0.000    81.380    u_mmcm/inst/clk_in1
    H16                  IBUF (Prop_ibuf_I_O)         1.380    82.760 r  u_mmcm/inst/clkin1_ibufg/O
                         net (fo=1, routed)           1.162    83.922    u_mmcm/inst/clk_in1_clk_wiz_audio
    MMCME2_ADV_X1Y2      MMCME2_ADV (Prop_mmcme2_adv_CLKIN1_CLKOUT0)
                                                     -7.814    76.108 r  u_mmcm/inst/mmcm_adv_inst/CLKOUT0
                         net (fo=1, routed)           2.012    78.120    u_mmcm/inst/clk_out1_clk_wiz_audio
    BUFGCTRL_X0Y16       BUFG (Prop_bufg_I_O)         0.091    78.211 r  u_mmcm/inst/clkout1_buf/O
                         net (fo=10, routed)          1.672    79.883    u_div/clk
    SLICE_X113Y72        FDCE                                         r  u_div/cnt_reg[3]/C
                         clock pessimism              0.607    80.490    <hidden>
                         clock uncertainty           -0.240    80.250    <hidden>
    SLICE_X113Y72        FDCE (Setup_fdce_C_D)        0.029    80.279    u_div/cnt_reg[3]
  -------------------------------------------------------------------
                         required time                         80.279    <hidden>
                         arrival time                          -1.193    <hidden>
  -------------------------------------------------------------------
                         slack                                 79.086    <hidden>

Slack (MET) :             79.138ns  (required time - arrival time)
  Source:                 u_div/cnt_reg[1]/C
                            (rising edge-triggered cell FDCE clocked by clk_out1_clk_wiz_audio  {rise@0.000ns fall@40.690ns period=81.380ns})
  Destination:            u_div/cnt_reg[4]/D
                            (rising edge-triggered cell FDCE clocked by clk_out1_clk_wiz_audio  {rise@0.000ns fall@40.690ns period=81.380ns})
  Path Group:             clk_out1_clk_wiz_audio
  Path Type:              Setup (Max at Slow Process Corner)
  Requirement:            81.380ns  (clk_out1_clk_wiz_audio rise@81.380ns - clk_out1_clk_wiz_audio rise@0.000ns)
  Data Path Delay:        2.055ns  (logic 0.636ns (30.942%)  route 1.419ns (69.058%))
  Logic Levels:           1  (LUT5=1)
  Clock Path Skew:        -0.022ns (DCD - SCD + CPR)
    Destination Clock Delay (DCD):    -1.497ns = ( 79.883 - 81.380 ) 
    Source Clock Delay      (SCD):    -0.868ns
    Clock Pessimism Removal (CPR):    0.607ns
  Clock Uncertainty:      0.240ns  ((TSJ^2 + DJ^2)^1/2) / 2 + PE
    Total System Jitter     (TSJ):    0.071ns
    Discrete Jitter          (DJ):    0.474ns
    Phase Error              (PE):    0.000ns

    Location             Delay type                Incr(ns)  Path(ns)    Netlist Resource(s)
  -------------------------------------------------------------------    -------------------
                         (clock clk_out1_clk_wiz_audio rise edge)
                                                      0.000     0.000 r  <hidden>
    H16                                               0.000     0.000 r  sysclk
                         net (fo=0)                   0.000     0.000    u_mmcm/inst/clk_in1
    H16                  IBUF (Prop_ibuf_I_O)         1.451     1.451 r  u_mmcm/inst/clkin1_ibufg/O
                         net (fo=1, routed)           1.285     2.736    u_mmcm/inst/clk_in1_clk_wiz_audio
    MMCME2_ADV_X1Y2      MMCME2_ADV (Prop_mmcme2_adv_CLKIN1_CLKOUT0)
                                                     -7.759    -5.023 r  u_mmcm/inst/mmcm_adv_inst/CLKOUT0
                         net (fo=1, routed)           2.206    -2.817    u_mmcm/inst/clk_out1_clk_wiz_audio
    BUFGCTRL_X0Y16       BUFG (Prop_bufg_I_O)         0.101    -2.716 r  u_mmcm/inst/clkout1_buf/O
                         net (fo=10, routed)          1.848    -0.868    u_div/clk
    SLICE_X112Y72        FDCE                                         r  u_div/cnt_reg[1]/C
  -------------------------------------------------------------------    -------------------
    SLICE_X112Y72        FDCE (Prop_fdce_C_Q)         0.518    -0.350 r  u_div/cnt_reg[1]/Q
                         net (fo=8, routed)           1.419     1.069    u_div/out[0]
    SLICE_X113Y72        LUT5 (Prop_lut5_I2_O)        0.118     1.187 r  u_div/cnt[4]_i_1/O
                         net (fo=1, routed)           0.000     1.187    u_div/p_0_in[4]
    SLICE_X113Y72        FDCE                                         r  u_div/cnt_reg[4]/D
  -------------------------------------------------------------------    -------------------

                         (clock clk_out1_clk_wiz_audio rise edge)
                                                     81.380    81.380 r  <hidden>
    H16                                               0.000    81.380 r  sysclk
                         net (fo=0)                   0.000    81.380    u_mmcm/inst/clk_in1
    H16                  IBUF (Prop_ibuf_I_O)         1.380    82.760 r  u_mmcm/inst/clkin1_ibufg/O
                         net (fo=1, routed)           1.162    83.922    u_mmcm/inst/clk_in1_clk_wiz_audio
    MMCME2_ADV_X1Y2      MMCME2_ADV (Prop_mmcme2_adv_CLKIN1_CLKOUT0)
                                                     -7.814    76.108 r  u_mmcm/inst/mmcm_adv_inst/CLKOUT0
                         net (fo=1, routed)           2.012    78.120    u_mmcm/inst/clk_out1_clk_wiz_audio
    BUFGCTRL_X0Y16       BUFG (Prop_bufg_I_O)         0.091    78.211 r  u_mmcm/inst/clkout1_buf/O
                         net (fo=10, routed)          1.672    79.883    u_div/clk
    SLICE_X113Y72        FDCE                                         r  u_div/cnt_reg[4]/C
                         clock pessimism              0.607    80.490    <hidden>
                         clock uncertainty           -0.240    80.250    <hidden>
    SLICE_X113Y72        FDCE (Setup_fdce_C_D)        0.075    80.325    u_div/cnt_reg[4]
  -------------------------------------------------------------------
                         required time                         80.325    <hidden>
                         arrival time                          -1.187    <hidden>
  -------------------------------------------------------------------
                         slack                                 79.138    <hidden>

Slack (MET) :             79.587ns  (required time - arrival time)
  Source:                 u_div/cnt_reg[2]/C
                            (rising edge-triggered cell FDCE clocked by clk_out1_clk_wiz_audio  {rise@0.000ns fall@40.690ns period=81.380ns})
  Destination:            u_div/cnt_reg[2]/D
                            (rising edge-triggered cell FDCE clocked by clk_out1_clk_wiz_audio  {rise@0.000ns fall@40.690ns period=81.380ns})
  Path Group:             clk_out1_clk_wiz_audio
  Path Type:              Setup (Max at Slow Process Corner)
  Requirement:            81.380ns  (clk_out1_clk_wiz_audio rise@81.380ns - clk_out1_clk_wiz_audio rise@0.000ns)
  Data Path Delay:        1.671ns  (logic 0.795ns (47.570%)  route 0.876ns (52.430%))
  Logic Levels:           1  (LUT3=1)
  Clock Path Skew:        0.000ns (DCD - SCD + CPR)
    Destination Clock Delay (DCD):    -1.497ns = ( 79.883 - 81.380 ) 
    Source Clock Delay      (SCD):    -0.868ns
    Clock Pessimism Removal (CPR):    0.629ns
  Clock Uncertainty:      0.240ns  ((TSJ^2 + DJ^2)^1/2) / 2 + PE
    Total System Jitter     (TSJ):    0.071ns
    Discrete Jitter          (DJ):    0.474ns
    Phase Error              (PE):    0.000ns

    Location             Delay type                Incr(ns)  Path(ns)    Netlist Resource(s)
  -------------------------------------------------------------------    -------------------
                         (clock clk_out1_clk_wiz_audio rise edge)
                                                      0.000     0.000 r  <hidden>
    H16                                               0.000     0.000 r  sysclk
                         net (fo=0)                   0.000     0.000    u_mmcm/inst/clk_in1
    H16                  IBUF (Prop_ibuf_I_O)         1.451     1.451 r  u_mmcm/inst/clkin1_ibufg/O
                         net (fo=1, routed)           1.285     2.736    u_mmcm/inst/clk_in1_clk_wiz_audio
    MMCME2_ADV_X1Y2      MMCME2_ADV (Prop_mmcme2_adv_CLKIN1_CLKOUT0)
                                                     -7.759    -5.023 r  u_mmcm/inst/mmcm_adv_inst/CLKOUT0
                         net (fo=1, routed)           2.206    -2.817    u_mmcm/inst/clk_out1_clk_wiz_audio
    BUFGCTRL_X0Y16       BUFG (Prop_bufg_I_O)         0.101    -2.716 r  u_mmcm/inst/clkout1_buf/O
                         net (fo=10, routed)          1.848    -0.868    u_div/clk
    SLICE_X112Y72        FDCE                                         r  u_div/cnt_reg[2]/C
  -------------------------------------------------------------------    -------------------
    SLICE_X112Y72        FDCE (Prop_fdce_C_Q)         0.478    -0.390 r  u_div/cnt_reg[2]/Q
                         net (fo=5, routed)           0.876     0.486    u_div/cnt_reg_n_0_[2]
    SLICE_X112Y72        LUT3 (Prop_lut3_I2_O)        0.317     0.803 r  u_div/cnt[2]_i_1/O
                         net (fo=1, routed)           0.000     0.803    u_div/p_0_in[2]
    SLICE_X112Y72        FDCE                                         r  u_div/cnt_reg[2]/D
  -------------------------------------------------------------------    -------------------

                         (clock clk_out1_clk_wiz_audio rise edge)
                                                     81.380    81.380 r  <hidden>
    H16                                               0.000    81.380 r  sysclk
                         net (fo=0)                   0.000    81.380    u_mmcm/inst/clk_in1
    H16                  IBUF (Prop_ibuf_I_O)         1.380    82.760 r  u_mmcm/inst/clkin1_ibufg/O
                         net (fo=1, routed)           1.162    83.922    u_mmcm/inst/clk_in1_clk_wiz_audio
    MMCME2_ADV_X1Y2      MMCME2_ADV (Prop_mmcme2_adv_CLKIN1_CLKOUT0)
                                                     -7.814    76.108 r  u_mmcm/inst/mmcm_adv_inst/CLKOUT0
                         net (fo=1, routed)           2.012    78.120    u_mmcm/inst/clk_out1_clk_wiz_audio
    BUFGCTRL_X0Y16       BUFG (Prop_bufg_I_O)         0.091    78.211 r  u_mmcm/inst/clkout1_buf/O
                         net (fo=10, routed)          1.672    79.883    u_div/clk
    SLICE_X112Y72        FDCE                                         r  u_div/cnt_reg[2]/C
                         clock pessimism              0.629    80.512    <hidden>
                         clock uncertainty           -0.240    80.272    <hidden>
    SLICE_X112Y72        FDCE (Setup_fdce_C_D)        0.118    80.390    u_div/cnt_reg[2]
  -------------------------------------------------------------------
                         required time                         80.390    <hidden>
                         arrival time                          -0.803    <hidden>
  -------------------------------------------------------------------
                         slack                                 79.587    <hidden>

Slack (MET) :             79.794ns  (required time - arrival time)
  Source:                 u_div/cnt_reg[0]/C
                            (rising edge-triggered cell FDCE clocked by clk_out1_clk_wiz_audio  {rise@0.000ns fall@40.690ns period=81.380ns})
  Destination:            u_div/cnt_reg[1]/D
                            (rising edge-triggered cell FDCE clocked by clk_out1_clk_wiz_audio  {rise@0.000ns fall@40.690ns period=81.380ns})
  Path Group:             clk_out1_clk_wiz_audio
  Path Type:              Setup (Max at Slow Process Corner)
  Requirement:            81.380ns  (clk_out1_clk_wiz_audio rise@81.380ns - clk_out1_clk_wiz_audio rise@0.000ns)
  Data Path Delay:        1.423ns  (logic 0.642ns (45.111%)  route 0.781ns (54.889%))
  Logic Levels:           1  (LUT2=1)
  Clock Path Skew:        0.000ns (DCD - SCD + CPR)
    Destination Clock Delay (DCD):    -1.497ns = ( 79.883 - 81.380 ) 
    Source Clock Delay      (SCD):    -0.868ns
    Clock Pessimism Removal (CPR):    0.629ns
  Clock Uncertainty:      0.240ns  ((TSJ^2 + DJ^2)^1/2) / 2 + PE
    Total System Jitter     (TSJ):    0.071ns
    Discrete Jitter          (DJ):    0.474ns
    Phase Error              (PE):    0.000ns

    Location             Delay type                Incr(ns)  Path(ns)    Netlist Resource(s)
  -------------------------------------------------------------------    -------------------
                         (clock clk_out1_clk_wiz_audio rise edge)
                                                      0.000     0.000 r  <hidden>
    H16                                               0.000     0.000 r  sysclk
                         net (fo=0)                   0.000     0.000    u_mmcm/inst/clk_in1
    H16                  IBUF (Prop_ibuf_I_O)         1.451     1.451 r  u_mmcm/inst/clkin1_ibufg/O
                         net (fo=1, routed)           1.285     2.736    u_mmcm/inst/clk_in1_clk_wiz_audio
    MMCME2_ADV_X1Y2      MMCME2_ADV (Prop_mmcme2_adv_CLKIN1_CLKOUT0)
                                                     -7.759    -5.023 r  u_mmcm/inst/mmcm_adv_inst/CLKOUT0
                         net (fo=1, routed)           2.206    -2.817    u_mmcm/inst/clk_out1_clk_wiz_audio
    BUFGCTRL_X0Y16       BUFG (Prop_bufg_I_O)         0.101    -2.716 r  u_mmcm/inst/clkout1_buf/O
                         net (fo=10, routed)          1.848    -0.868    u_div/clk
    SLICE_X112Y72        FDCE                                         r  u_div/cnt_reg[0]/C
  -------------------------------------------------------------------    -------------------
    SLICE_X112Y72        FDCE (Prop_fdce_C_Q)         0.518    -0.350 r  u_div/cnt_reg[0]/Q
                         net (fo=7, routed)           0.781     0.431    u_div/cnt_reg_n_0_[0]
    SLICE_X112Y72        LUT2 (Prop_lut2_I0_O)        0.124     0.555 r  u_div/cnt[1]_i_1/O
                         net (fo=1, routed)           0.000     0.555    u_div/p_0_in[1]
    SLICE_X112Y72        FDCE                                         r  u_div/cnt_reg[1]/D
  -------------------------------------------------------------------    -------------------

                         (clock clk_out1_clk_wiz_audio rise edge)
                                                     81.380    81.380 r  <hidden>
    H16                                               0.000    81.380 r  sysclk
                         net (fo=0)                   0.000    81.380    u_mmcm/inst/clk_in1
    H16                  IBUF (Prop_ibuf_I_O)         1.380    82.760 r  u_mmcm/inst/clkin1_ibufg/O
                         net (fo=1, routed)           1.162    83.922    u_mmcm/inst/clk_in1_clk_wiz_audio
    MMCME2_ADV_X1Y2      MMCME2_ADV (Prop_mmcme2_adv_CLKIN1_CLKOUT0)
                                                     -7.814    76.108 r  u_mmcm/inst/mmcm_adv_inst/CLKOUT0
                         net (fo=1, routed)           2.012    78.120    u_mmcm/inst/clk_out1_clk_wiz_audio
    BUFGCTRL_X0Y16       BUFG (Prop_bufg_I_O)         0.091    78.211 r  u_mmcm/inst/clkout1_buf/O
                         net (fo=10, routed)          1.672    79.883    u_div/clk
    SLICE_X112Y72        FDCE                                         r  u_div/cnt_reg[1]/C
                         clock pessimism              0.629    80.512    <hidden>
                         clock uncertainty           -0.240    80.272    <hidden>
    SLICE_X112Y72        FDCE (Setup_fdce_C_D)        0.077    80.349    u_div/cnt_reg[1]
  -------------------------------------------------------------------
                         required time                         80.349    <hidden>
                         arrival time                          -0.555    <hidden>
  -------------------------------------------------------------------
                         slack                                 79.794    <hidden>





Min Delay Paths
--------------------------------------------------------------------------------------
Slack (MET) :             0.268ns  (arrival time - required time)
  Source:                 u_div/cnt_reg[1]/C
                            (rising edge-triggered cell FDCE clocked by clk_out1_clk_wiz_audio  {rise@0.000ns fall@40.690ns period=81.380ns})
  Destination:            u_div/cnt_reg[2]/D
                            (rising edge-triggered cell FDCE clocked by clk_out1_clk_wiz_audio  {rise@0.000ns fall@40.690ns period=81.380ns})
  Path Group:             clk_out1_clk_wiz_audio
  Path Type:              Hold (Min at Fast Process Corner)
  Requirement:            0.000ns  (clk_out1_clk_wiz_audio rise@0.000ns - clk_out1_clk_wiz_audio rise@0.000ns)
  Data Path Delay:        0.399ns  (logic 0.207ns (51.901%)  route 0.192ns (48.099%))
  Logic Levels:           1  (LUT3=1)
  Clock Path Skew:        0.000ns (DCD - SCD - CPR)
    Destination Clock Delay (DCD):    -0.845ns
    Source Clock Delay      (SCD):    -0.605ns
    Clock Pessimism Removal (CPR):    -0.239ns

    Location             Delay type                Incr(ns)  Path(ns)    Netlist Resource(s)
  -------------------------------------------------------------------    -------------------
                         (clock clk_out1_clk_wiz_audio rise edge)
                                                      0.000     0.000 r  <hidden>
    H16                                               0.000     0.000 r  sysclk
                         net (fo=0)                   0.000     0.000    u_mmcm/inst/clk_in1
    H16                  IBUF (Prop_ibuf_I_O)         0.219     0.219 r  u_mmcm/inst/clkin1_ibufg/O
                         net (fo=1, routed)           0.440     0.659    u_mmcm/inst/clk_in1_clk_wiz_audio
    MMCME2_ADV_X1Y2      MMCME2_ADV (Prop_mmcme2_adv_CLKIN1_CLKOUT0)
                                                     -2.613    -1.954 r  u_mmcm/inst/mmcm_adv_inst/CLKOUT0
                         net (fo=1, routed)           0.696    -1.257    u_mmcm/inst/clk_out1_clk_wiz_audio
    BUFGCTRL_X0Y16       BUFG (Prop_bufg_I_O)         0.026    -1.231 r  u_mmcm/inst/clkout1_buf/O
                         net (fo=10, routed)          0.626    -0.605    u_div/clk
    SLICE_X112Y72        FDCE                                         r  u_div/cnt_reg[1]/C
  -------------------------------------------------------------------    -------------------
    SLICE_X112Y72        FDCE (Prop_fdce_C_Q)         0.164    -0.441 r  u_div/cnt_reg[1]/Q
                         net (fo=8, routed)           0.192    -0.250    u_div/out[0]
    SLICE_X112Y72        LUT3 (Prop_lut3_I1_O)        0.043    -0.207 r  u_div/cnt[2]_i_1/O
                         net (fo=1, routed)           0.000    -0.207    u_div/p_0_in[2]
    SLICE_X112Y72        FDCE                                         r  u_div/cnt_reg[2]/D
  -------------------------------------------------------------------    -------------------

                         (clock clk_out1_clk_wiz_audio rise edge)
                                                      0.000     0.000 r  <hidden>
    H16                                               0.000     0.000 r  sysclk
                         net (fo=0)                   0.000     0.000    u_mmcm/inst/clk_in1
    H16                  IBUF (Prop_ibuf_I_O)         0.406     0.406 r  u_mmcm/inst/clkin1_ibufg/O
                         net (fo=1, routed)           0.480     0.886    u_mmcm/inst/clk_in1_clk_wiz_audio
    MMCME2_ADV_X1Y2      MMCME2_ADV (Prop_mmcme2_adv_CLKIN1_CLKOUT0)
                                                     -3.407    -2.521 r  u_mmcm/inst/mmcm_adv_inst/CLKOUT0
                         net (fo=1, routed)           0.752    -1.769    u_mmcm/inst/clk_out1_clk_wiz_audio
    BUFGCTRL_X0Y16       BUFG (Prop_bufg_I_O)         0.029    -1.740 r  u_mmcm/inst/clkout1_buf/O
                         net (fo=10, routed)          0.895    -0.845    u_div/clk
    SLICE_X112Y72        FDCE                                         r  u_div/cnt_reg[2]/C
                         clock pessimism              0.239    -0.605    <hidden>
    SLICE_X112Y72        FDCE (Hold_fdce_C_D)         0.131    -0.474    u_div/cnt_reg[2]
  -------------------------------------------------------------------
                         required time                          0.474    <hidden>
                         arrival time                          -0.207    <hidden>
  -------------------------------------------------------------------
                         slack                                  0.268    <hidden>

Slack (MET) :             0.281ns  (arrival time - required time)
  Source:                 u_div/cnt_reg[1]/C
                            (rising edge-triggered cell FDCE clocked by clk_out1_clk_wiz_audio  {rise@0.000ns fall@40.690ns period=81.380ns})
  Destination:            u_div/cnt_reg[1]/D
                            (rising edge-triggered cell FDCE clocked by clk_out1_clk_wiz_audio  {rise@0.000ns fall@40.690ns period=81.380ns})
  Path Group:             clk_out1_clk_wiz_audio
  Path Type:              Hold (Min at Fast Process Corner)
  Requirement:            0.000ns  (clk_out1_clk_wiz_audio rise@0.000ns - clk_out1_clk_wiz_audio rise@0.000ns)
  Data Path Delay:        0.401ns  (logic 0.209ns (52.141%)  route 0.192ns (47.859%))
  Logic Levels:           1  (LUT2=1)
  Clock Path Skew:        0.000ns (DCD - SCD - CPR)
    Destination Clock Delay (DCD):    -0.845ns
    Source Clock Delay      (SCD):    -0.605ns
    Clock Pessimism Removal (CPR):    -0.239ns

    Location             Delay type                Incr(ns)  Path(ns)    Netlist Resource(s)
  -------------------------------------------------------------------    -------------------
                         (clock clk_out1_clk_wiz_audio rise edge)
                                                      0.000     0.000 r  <hidden>
    H16                                               0.000     0.000 r  sysclk
                         net (fo=0)                   0.000     0.000    u_mmcm/inst/clk_in1
    H16                  IBUF (Prop_ibuf_I_O)         0.219     0.219 r  u_mmcm/inst/clkin1_ibufg/O
                         net (fo=1, routed)           0.440     0.659    u_mmcm/inst/clk_in1_clk_wiz_audio
    MMCME2_ADV_X1Y2      MMCME2_ADV (Prop_mmcme2_adv_CLKIN1_CLKOUT0)
                                                     -2.613    -1.954 r  u_mmcm/inst/mmcm_adv_inst/CLKOUT0
                         net (fo=1, routed)           0.696    -1.257    u_mmcm/inst/clk_out1_clk_wiz_audio
    BUFGCTRL_X0Y16       BUFG (Prop_bufg_I_O)         0.026    -1.231 r  u_mmcm/inst/clkout1_buf/O
                         net (fo=10, routed)          0.626    -0.605    u_div/clk
    SLICE_X112Y72        FDCE                                         r  u_div/cnt_reg[1]/C
  -------------------------------------------------------------------    -------------------
    SLICE_X112Y72        FDCE (Prop_fdce_C_Q)         0.164    -0.441 r  u_div/cnt_reg[1]/Q
                         net (fo=8, routed)           0.192    -0.250    u_div/out[0]
    SLICE_X112Y72        LUT2 (Prop_lut2_I1_O)        0.045    -0.205 r  u_div/cnt[1]_i_1/O
                         net (fo=1, routed)           0.000    -0.205    u_div/p_0_in[1]
    SLICE_X112Y72        FDCE                                         r  u_div/cnt_reg[1]/D
  -------------------------------------------------------------------    -------------------

                         (clock clk_out1_clk_wiz_audio rise edge)
                                                      0.000     0.000 r  <hidden>
    H16                                               0.000     0.000 r  sysclk
                         net (fo=0)                   0.000     0.000    u_mmcm/inst/clk_in1
    H16                  IBUF (Prop_ibuf_I_O)         0.406     0.406 r  u_mmcm/inst/clkin1_ibufg/O
                         net (fo=1, routed)           0.480     0.886    u_mmcm/inst/clk_in1_clk_wiz_audio
    MMCME2_ADV_X1Y2      MMCME2_ADV (Prop_mmcme2_adv_CLKIN1_CLKOUT0)
                                                     -3.407    -2.521 r  u_mmcm/inst/mmcm_adv_inst/CLKOUT0
                         net (fo=1, routed)           0.752    -1.769    u_mmcm/inst/clk_out1_clk_wiz_audio
    BUFGCTRL_X0Y16       BUFG (Prop_bufg_I_O)         0.029    -1.740 r  u_mmcm/inst/clkout1_buf/O
                         net (fo=10, routed)          0.895    -0.845    u_div/clk
    SLICE_X112Y72        FDCE                                         r  u_div/cnt_reg[1]/C
                         clock pessimism              0.239    -0.605    <hidden>
    SLICE_X112Y72        FDCE (Hold_fdce_C_D)         0.120    -0.485    u_div/cnt_reg[1]
  -------------------------------------------------------------------
                         required time                          0.485    <hidden>
                         arrival time                          -0.205    <hidden>
  -------------------------------------------------------------------
                         slack                                  0.281    <hidden>

Slack (MET) :             0.303ns  (arrival time - required time)
  Source:                 u_div/cnt_reg[4]/C
                            (rising edge-triggered cell FDCE clocked by clk_out1_clk_wiz_audio  {rise@0.000ns fall@40.690ns period=81.380ns})
  Destination:            u_div/cnt_reg[5]/D
                            (rising edge-triggered cell FDCE clocked by clk_out1_clk_wiz_audio  {rise@0.000ns fall@40.690ns period=81.380ns})
  Path Group:             clk_out1_clk_wiz_audio
  Path Type:              Hold (Min at Fast Process Corner)
  Requirement:            0.000ns  (clk_out1_clk_wiz_audio rise@0.000ns - clk_out1_clk_wiz_audio rise@0.000ns)
  Data Path Delay:        0.395ns  (logic 0.227ns (57.474%)  route 0.168ns (42.526%))
  Logic Levels:           1  (LUT6=1)
  Clock Path Skew:        0.000ns (DCD - SCD - CPR)
    Destination Clock Delay (DCD):    -0.845ns
    Source Clock Delay      (SCD):    -0.605ns
    Clock Pessimism Removal (CPR):    -0.239ns

    Location             Delay type                Incr(ns)  Path(ns)    Netlist Resource(s)
  -------------------------------------------------------------------    -------------------
                         (clock clk_out1_clk_wiz_audio rise edge)
                                                      0.000     0.000 r  <hidden>
    H16                                               0.000     0.000 r  sysclk
                         net (fo=0)                   0.000     0.000    u_mmcm/inst/clk_in1
    H16                  IBUF (Prop_ibuf_I_O)         0.219     0.219 r  u_mmcm/inst/clkin1_ibufg/O
                         net (fo=1, routed)           0.440     0.659    u_mmcm/inst/clk_in1_clk_wiz_audio
    MMCME2_ADV_X1Y2      MMCME2_ADV (Prop_mmcme2_adv_CLKIN1_CLKOUT0)
                                                     -2.613    -1.954 r  u_mmcm/inst/mmcm_adv_inst/CLKOUT0
                         net (fo=1, routed)           0.696    -1.257    u_mmcm/inst/clk_out1_clk_wiz_audio
    BUFGCTRL_X0Y16       BUFG (Prop_bufg_I_O)         0.026    -1.231 r  u_mmcm/inst/clkout1_buf/O
                         net (fo=10, routed)          0.626    -0.605    u_div/clk
    SLICE_X113Y72        FDCE                                         r  u_div/cnt_reg[4]/C
  -------------------------------------------------------------------    -------------------
    SLICE_X113Y72        FDCE (Prop_fdce_C_Q)         0.128    -0.477 r  u_div/cnt_reg[4]/Q
                         net (fo=3, routed)           0.168    -0.309    u_div/cnt_reg_n_0_[4]
    SLICE_X113Y72        LUT6 (Prop_lut6_I4_O)        0.099    -0.210 r  u_div/cnt[5]_i_1/O
                         net (fo=1, routed)           0.000    -0.210    u_div/p_0_in[5]
    SLICE_X113Y72        FDCE                                         r  u_div/cnt_reg[5]/D
  -------------------------------------------------------------------    -------------------

                         (clock clk_out1_clk_wiz_audio rise edge)
                                                      0.000     0.000 r  <hidden>
    H16                                               0.000     0.000 r  sysclk
                         net (fo=0)                   0.000     0.000    u_mmcm/inst/clk_in1
    H16                  IBUF (Prop_ibuf_I_O)         0.406     0.406 r  u_mmcm/inst/clkin1_ibufg/O
                         net (fo=1, routed)           0.480     0.886    u_mmcm/inst/clk_in1_clk_wiz_audio
    MMCME2_ADV_X1Y2      MMCME2_ADV (Prop_mmcme2_adv_CLKIN1_CLKOUT0)
                                                     -3.407    -2.521 r  u_mmcm/inst/mmcm_adv_inst/CLKOUT0
                         net (fo=1, routed)           0.752    -1.769    u_mmcm/inst/clk_out1_clk_wiz_audio
    BUFGCTRL_X0Y16       BUFG (Prop_bufg_I_O)         0.029    -1.740 r  u_mmcm/inst/clkout1_buf/O
                         net (fo=10, routed)          0.895    -0.845    u_div/clk
    SLICE_X113Y72        FDCE                                         r  u_div/cnt_reg[5]/C
                         clock pessimism              0.239    -0.605    <hidden>
    SLICE_X113Y72        FDCE (Hold_fdce_C_D)         0.092    -0.513    u_div/cnt_reg[5]
  -------------------------------------------------------------------
                         required time                          0.513    <hidden>
                         arrival time                          -0.210    <hidden>
  -------------------------------------------------------------------
                         slack                                  0.303    <hidden>

Slack (MET) :             0.343ns  (arrival time - required time)
  Source:                 u_div/cnt_reg[0]/C
                            (rising edge-triggered cell FDCE clocked by clk_out1_clk_wiz_audio  {rise@0.000ns fall@40.690ns period=81.380ns})
  Destination:            u_div/cnt_reg[7]/D
                            (rising edge-triggered cell FDCE clocked by clk_out1_clk_wiz_audio  {rise@0.000ns fall@40.690ns period=81.380ns})
  Path Group:             clk_out1_clk_wiz_audio
  Path Type:              Hold (Min at Fast Process Corner)
  Requirement:            0.000ns  (clk_out1_clk_wiz_audio rise@0.000ns - clk_out1_clk_wiz_audio rise@0.000ns)
  Data Path Delay:        0.463ns  (logic 0.258ns (55.766%)  route 0.205ns (44.234%))
  Logic Levels:           2  (LUT3=1 LUT6=1)
  Clock Path Skew:        0.013ns (DCD - SCD - CPR)
    Destination Clock Delay (DCD):    -0.845ns
    Source Clock Delay      (SCD):    -0.605ns
    Clock Pessimism Removal (CPR):    -0.252ns

    Location             Delay type                Incr(ns)  Path(ns)    Netlist Resource(s)
  -------------------------------------------------------------------    -------------------
                         (clock clk_out1_clk_wiz_audio rise edge)
                                                      0.000     0.000 r  <hidden>
    H16                                               0.000     0.000 r  sysclk
                         net (fo=0)                   0.000     0.000    u_mmcm/inst/clk_in1
    H16                  IBUF (Prop_ibuf_I_O)         0.219     0.219 r  u_mmcm/inst/clkin1_ibufg/O
                         net (fo=1, routed)           0.440     0.659    u_mmcm/inst/clk_in1_clk_wiz_audio
    MMCME2_ADV_X1Y2      MMCME2_ADV (Prop_mmcme2_adv_CLKIN1_CLKOUT0)
                                                     -2.613    -1.954 r  u_mmcm/inst/mmcm_adv_inst/CLKOUT0
                         net (fo=1, routed)           0.696    -1.257    u_mmcm/inst/clk_out1_clk_wiz_audio
    BUFGCTRL_X0Y16       BUFG (Prop_bufg_I_O)         0.026    -1.231 r  u_mmcm/inst/clkout1_buf/O
                         net (fo=10, routed)          0.626    -0.605    u_div/clk
    SLICE_X112Y72        FDCE                                         r  u_div/cnt_reg[0]/C
  -------------------------------------------------------------------    -------------------
    SLICE_X112Y72        FDCE (Prop_fdce_C_Q)         0.164    -0.441 r  u_div/cnt_reg[0]/Q
                         net (fo=7, routed)           0.066    -0.376    u_div/cnt_reg_n_0_[0]
    SLICE_X113Y72        LUT6 (Prop_lut6_I3_O)        0.045    -0.331 r  u_div/cnt[7]_i_3/O
                         net (fo=2, routed)           0.139    -0.192    u_div/cnt[7]_i_3_n_0
    SLICE_X113Y72        LUT3 (Prop_lut3_I0_O)        0.049    -0.143 r  u_div/cnt[7]_i_1/O
                         net (fo=1, routed)           0.000    -0.143    u_div/p_0_in[7]
    SLICE_X113Y72        FDCE                                         r  u_div/cnt_reg[7]/D
  -------------------------------------------------------------------    -------------------

                         (clock clk_out1_clk_wiz_audio rise edge)
                                                      0.000     0.000 r  <hidden>
    H16                                               0.000     0.000 r  sysclk
                         net (fo=0)                   0.000     0.000    u_mmcm/inst/clk_in1
    H16                  IBUF (Prop_ibuf_I_O)         0.406     0.406 r  u_mmcm/inst/clkin1_ibufg/O
                         net (fo=1, routed)           0.480     0.886    u_mmcm/inst/clk_in1_clk_wiz_audio
    MMCME2_ADV_X1Y2      MMCME2_ADV (Prop_mmcme2_adv_CLKIN1_CLKOUT0)
                                                     -3.407    -2.521 r  u_mmcm/inst/mmcm_adv_inst/CLKOUT0
                         net (fo=1, routed)           0.752    -1.769    u_mmcm/inst/clk_out1_clk_wiz_audio
    BUFGCTRL_X0Y16       BUFG (Prop_bufg_I_O)         0.029    -1.740 r  u_mmcm/inst/clkout1_buf/O
                         net (fo=10, routed)          0.895    -0.845    u_div/clk
    SLICE_X113Y72        FDCE                                         r  u_div/cnt_reg[7]/C
                         clock pessimism              0.252    -0.592    <hidden>
    SLICE_X113Y72        FDCE (Hold_fdce_C_D)         0.107    -0.485    u_div/cnt_reg[7]
  -------------------------------------------------------------------
                         required time                          0.485    <hidden>
                         arrival time                          -0.143    <hidden>
  -------------------------------------------------------------------
                         slack                                  0.343    <hidden>

Slack (MET) :             0.348ns  (arrival time - required time)
  Source:                 u_div/cnt_reg[2]/C
                            (rising edge-triggered cell FDCE clocked by clk_out1_clk_wiz_audio  {rise@0.000ns fall@40.690ns period=81.380ns})
  Destination:            u_div/cnt_reg[4]/D
                            (rising edge-triggered cell FDCE clocked by clk_out1_clk_wiz_audio  {rise@0.000ns fall@40.690ns period=81.380ns})
  Path Group:             clk_out1_clk_wiz_audio
  Path Type:              Hold (Min at Fast Process Corner)
  Requirement:            0.000ns  (clk_out1_clk_wiz_audio rise@0.000ns - clk_out1_clk_wiz_audio rise@0.000ns)
  Data Path Delay:        0.468ns  (logic 0.247ns (52.753%)  route 0.221ns (47.247%))
  Logic Levels:           1  (LUT5=1)
  Clock Path Skew:        0.013ns (DCD - SCD - CPR)
    Destination Clock Delay (DCD):    -0.845ns
    Source Clock Delay      (SCD):    -0.605ns
    Clock Pessimism Removal (CPR):    -0.252ns

    Location             Delay type                Incr(ns)  Path(ns)    Netlist Resource(s)
  -------------------------------------------------------------------    -------------------
                         (clock clk_out1_clk_wiz_audio rise edge)
                                                      0.000     0.000 r  <hidden>
    H16                                               0.000     0.000 r  sysclk
                         net (fo=0)                   0.000     0.000    u_mmcm/inst/clk_in1
    H16                  IBUF (Prop_ibuf_I_O)         0.219     0.219 r  u_mmcm/inst/clkin1_ibufg/O
                         net (fo=1, routed)           0.440     0.659    u_mmcm/inst/clk_in1_clk_wiz_audio
    MMCME2_ADV_X1Y2      MMCME2_ADV (Prop_mmcme2_adv_CLKIN1_CLKOUT0)
                                                     -2.613    -1.954 r  u_mmcm/inst/mmcm_adv_inst/CLKOUT0
                         net (fo=1, routed)           0.696    -1.257    u_mmcm/inst/clk_out1_clk_wiz_audio
    BUFGCTRL_X0Y16       BUFG (Prop_bufg_I_O)         0.026    -1.231 r  u_mmcm/inst/clkout1_buf/O
                         net (fo=10, routed)          0.626    -0.605    u_div/clk
    SLICE_X112Y72        FDCE                                         r  u_div/cnt_reg[2]/C
  -------------------------------------------------------------------    -------------------
    SLICE_X112Y72        FDCE (Prop_fdce_C_Q)         0.148    -0.457 r  u_div/cnt_reg[2]/Q
                         net (fo=5, routed)           0.221    -0.236    u_div/cnt_reg_n_0_[2]
    SLICE_X113Y72        LUT5 (Prop_lut5_I0_O)        0.099    -0.137 r  u_div/cnt[4]_i_1/O
                         net (fo=1, routed)           0.000    -0.137    u_div/p_0_in[4]
    SLICE_X113Y72        FDCE                                         r  u_div/cnt_reg[4]/D
  -------------------------------------------------------------------    -------------------

                         (clock clk_out1_clk_wiz_audio rise edge)
                                                      0.000     0.000 r  <hidden>
    H16                                               0.000     0.000 r  sysclk
                         net (fo=0)                   0.000     0.000    u_mmcm/inst/clk_in1
    H16                  IBUF (Prop_ibuf_I_O)         0.406     0.406 r  u_mmcm/inst/clkin1_ibufg/O
                         net (fo=1, routed)           0.480     0.886    u_mmcm/inst/clk_in1_clk_wiz_audio
    MMCME2_ADV_X1Y2      MMCME2_ADV (Prop_mmcme2_adv_CLKIN1_CLKOUT0)
                                                     -3.407    -2.521 r  u_mmcm/inst/mmcm_adv_inst/CLKOUT0
                         net (fo=1, routed)           0.752    -1.769    u_mmcm/inst/clk_out1_clk_wiz_audio
    BUFGCTRL_X0Y16       BUFG (Prop_bufg_I_O)         0.029    -1.740 r  u_mmcm/inst/clkout1_buf/O
                         net (fo=10, routed)          0.895    -0.845    u_div/clk
    SLICE_X113Y72        FDCE                                         r  u_div/cnt_reg[4]/C
                         clock pessimism              0.252    -0.592    <hidden>
    SLICE_X113Y72        FDCE (Hold_fdce_C_D)         0.107    -0.485    u_div/cnt_reg[4]
  -------------------------------------------------------------------
                         required time                          0.485    <hidden>
                         arrival time                          -0.137    <hidden>
  -------------------------------------------------------------------
                         slack                                  0.348    <hidden>

Slack (MET) :             0.354ns  (arrival time - required time)
  Source:                 u_div/cnt_reg[0]/C
                            (rising edge-triggered cell FDCE clocked by clk_out1_clk_wiz_audio  {rise@0.000ns fall@40.690ns period=81.380ns})
  Destination:            u_div/cnt_reg[6]/D
                            (rising edge-triggered cell FDCE clocked by clk_out1_clk_wiz_audio  {rise@0.000ns fall@40.690ns period=81.380ns})
  Path Group:             clk_out1_clk_wiz_audio
  Path Type:              Hold (Min at Fast Process Corner)
  Requirement:            0.000ns  (clk_out1_clk_wiz_audio rise@0.000ns - clk_out1_clk_wiz_audio rise@0.000ns)
  Data Path Delay:        0.459ns  (logic 0.254ns (55.381%)  route 0.205ns (44.620%))
  Logic Levels:           2  (LUT2=1 LUT6=1)
  Clock Path Skew:        0.013ns (DCD - SCD - CPR)
    Destination Clock Delay (DCD):    -0.845ns
    Source Clock Delay      (SCD):    -0.605ns
    Clock Pessimism Removal (CPR):    -0.252ns

    Location             Delay type                Incr(ns)  Path(ns)    Netlist Resource(s)
  -------------------------------------------------------------------    -------------------
                         (clock clk_out1_clk_wiz_audio rise edge)
                                                      0.000     0.000 r  <hidden>
    H16                                               0.000     0.000 r  sysclk
                         net (fo=0)                   0.000     0.000    u_mmcm/inst/clk_in1
    H16                  IBUF (Prop_ibuf_I_O)         0.219     0.219 r  u_mmcm/inst/clkin1_ibufg/O
                         net (fo=1, routed)           0.440     0.659    u_mmcm/inst/clk_in1_clk_wiz_audio
    MMCME2_ADV_X1Y2      MMCME2_ADV (Prop_mmcme2_adv_CLKIN1_CLKOUT0)
                                                     -2.613    -1.954 r  u_mmcm/inst/mmcm_adv_inst/CLKOUT0
                         net (fo=1, routed)           0.696    -1.257    u_mmcm/inst/clk_out1_clk_wiz_audio
    BUFGCTRL_X0Y16       BUFG (Prop_bufg_I_O)         0.026    -1.231 r  u_mmcm/inst/clkout1_buf/O
                         net (fo=10, routed)          0.626    -0.605    u_div/clk
    SLICE_X112Y72        FDCE                                         r  u_div/cnt_reg[0]/C
  -------------------------------------------------------------------    -------------------
    SLICE_X112Y72        FDCE (Prop_fdce_C_Q)         0.164    -0.441 r  u_div/cnt_reg[0]/Q
                         net (fo=7, routed)           0.066    -0.376    u_div/cnt_reg_n_0_[0]
    SLICE_X113Y72        LUT6 (Prop_lut6_I3_O)        0.045    -0.331 r  u_div/cnt[7]_i_3/O
                         net (fo=2, routed)           0.139    -0.192    u_div/cnt[7]_i_3_n_0
    SLICE_X113Y72        LUT2 (Prop_lut2_I0_O)        0.045    -0.147 r  u_div/cnt[6]_i_1/O
                         net (fo=1, routed)           0.000    -0.147    u_div/p_0_in[6]
    SLICE_X113Y72        FDCE                                         r  u_div/cnt_reg[6]/D
  -------------------------------------------------------------------    -------------------

                         (clock clk_out1_clk_wiz_audio rise edge)
                                                      0.000     0.000 r  <hidden>
    H16                                               0.000     0.000 r  sysclk
                         net (fo=0)                   0.000     0.000    u_mmcm/inst/clk_in1
    H16                  IBUF (Prop_ibuf_I_O)         0.406     0.406 r  u_mmcm/inst/clkin1_ibufg/O
                         net (fo=1, routed)           0.480     0.886    u_mmcm/inst/clk_in1_clk_wiz_audio
    MMCME2_ADV_X1Y2      MMCME2_ADV (Prop_mmcme2_adv_CLKIN1_CLKOUT0)
                                                     -3.407    -2.521 r  u_mmcm/inst/mmcm_adv_inst/CLKOUT0
                         net (fo=1, routed)           0.752    -1.769    u_mmcm/inst/clk_out1_clk_wiz_audio
    BUFGCTRL_X0Y16       BUFG (Prop_bufg_I_O)         0.029    -1.740 r  u_mmcm/inst/clkout1_buf/O
                         net (fo=10, routed)          0.895    -0.845    u_div/clk
    SLICE_X113Y72        FDCE                                         r  u_div/cnt_reg[6]/C
                         clock pessimism              0.252    -0.592    <hidden>
    SLICE_X113Y72        FDCE (Hold_fdce_C_D)         0.092    -0.500    u_div/cnt_reg[6]
  -------------------------------------------------------------------
                         required time                          0.500    <hidden>
                         arrival time                          -0.147    <hidden>
  -------------------------------------------------------------------
                         slack                                  0.354    <hidden>

Slack (MET) :             0.363ns  (arrival time - required time)
  Source:                 u_div/cnt_reg[2]/C
                            (rising edge-triggered cell FDCE clocked by clk_out1_clk_wiz_audio  {rise@0.000ns fall@40.690ns period=81.380ns})
  Destination:            u_div/cnt_reg[3]/D
                            (rising edge-triggered cell FDCE clocked by clk_out1_clk_wiz_audio  {rise@0.000ns fall@40.690ns period=81.380ns})
  Path Group:             clk_out1_clk_wiz_audio
  Path Type:              Hold (Min at Fast Process Corner)
  Requirement:            0.000ns  (clk_out1_clk_wiz_audio rise@0.000ns - clk_out1_clk_wiz_audio rise@0.000ns)
  Data Path Delay:        0.467ns  (logic 0.246ns (52.651%)  route 0.221ns (47.349%))
  Logic Levels:           1  (LUT4=1)
  Clock Path Skew:        0.013ns (DCD - SCD - CPR)
    Destination Clock Delay (DCD):    -0.845ns
    Source Clock Delay      (SCD):    -0.605ns
    Clock Pessimism Removal (CPR):    -0.252ns

    Location             Delay type                Incr(ns)  Path(ns)    Netlist Resource(s)
  -------------------------------------------------------------------    -------------------
                         (clock clk_out1_clk_wiz_audio rise edge)
                                                      0.000     0.000 r  <hidden>
    H16                                               0.000     0.000 r  sysclk
                         net (fo=0)                   0.000     0.000    u_mmcm/inst/clk_in1
    H16                  IBUF (Prop_ibuf_I_O)         0.219     0.219 r  u_mmcm/inst/clkin1_ibufg/O
                         net (fo=1, routed)           0.440     0.659    u_mmcm/inst/clk_in1_clk_wiz_audio
    MMCME2_ADV_X1Y2      MMCME2_ADV (Prop_mmcme2_adv_CLKIN1_CLKOUT0)
                                                     -2.613    -1.954 r  u_mmcm/inst/mmcm_adv_inst/CLKOUT0
                         net (fo=1, routed)           0.696    -1.257    u_mmcm/inst/clk_out1_clk_wiz_audio
    BUFGCTRL_X0Y16       BUFG (Prop_bufg_I_O)         0.026    -1.231 r  u_mmcm/inst/clkout1_buf/O
                         net (fo=10, routed)          0.626    -0.605    u_div/clk
    SLICE_X112Y72        FDCE                                         r  u_div/cnt_reg[2]/C
  -------------------------------------------------------------------    -------------------
    SLICE_X112Y72        FDCE (Prop_fdce_C_Q)         0.148    -0.457 r  u_div/cnt_reg[2]/Q
                         net (fo=5, routed)           0.221    -0.236    u_div/cnt_reg_n_0_[2]
    SLICE_X113Y72        LUT4 (Prop_lut4_I2_O)        0.098    -0.138 r  u_div/cnt[3]_i_1/O
                         net (fo=1, routed)           0.000    -0.138    u_div/p_0_in[3]
    SLICE_X113Y72        FDCE                                         r  u_div/cnt_reg[3]/D
  -------------------------------------------------------------------    -------------------

                         (clock clk_out1_clk_wiz_audio rise edge)
                                                      0.000     0.000 r  <hidden>
    H16                                               0.000     0.000 r  sysclk
                         net (fo=0)                   0.000     0.000    u_mmcm/inst/clk_in1
    H16                  IBUF (Prop_ibuf_I_O)         0.406     0.406 r  u_mmcm/inst/clkin1_ibufg/O
                         net (fo=1, routed)           0.480     0.886    u_mmcm/inst/clk_in1_clk_wiz_audio
    MMCME2_ADV_X1Y2      MMCME2_ADV (Prop_mmcme2_adv_CLKIN1_CLKOUT0)
                                                     -3.407    -2.521 r  u_mmcm/inst/mmcm_adv_inst/CLKOUT0
                         net (fo=1, routed)           0.752    -1.769    u_mmcm/inst/clk_out1_clk_wiz_audio
    BUFGCTRL_X0Y16       BUFG (Prop_bufg_I_O)         0.029    -1.740 r  u_mmcm/inst/clkout1_buf/O
                         net (fo=10, routed)          0.895    -0.845    u_div/clk
    SLICE_X113Y72        FDCE                                         r  u_div/cnt_reg[3]/C
                         clock pessimism              0.252    -0.592    <hidden>
    SLICE_X113Y72        FDCE (Hold_fdce_C_D)         0.091    -0.501    u_div/cnt_reg[3]
  -------------------------------------------------------------------
                         required time                          0.501    <hidden>
                         arrival time                          -0.138    <hidden>
  -------------------------------------------------------------------
                         slack                                  0.363    <hidden>

Slack (MET) :             0.743ns  (arrival time - required time)
  Source:                 u_div/cnt_reg[0]/C
                            (rising edge-triggered cell FDCE clocked by clk_out1_clk_wiz_audio  {rise@0.000ns fall@40.690ns period=81.380ns})
  Destination:            u_div/cnt_reg[0]/D
                            (rising edge-triggered cell FDCE clocked by clk_out1_clk_wiz_audio  {rise@0.000ns fall@40.690ns period=81.380ns})
  Path Group:             clk_out1_clk_wiz_audio
  Path Type:              Hold (Min at Fast Process Corner)
  Requirement:            0.000ns  (clk_out1_clk_wiz_audio rise@0.000ns - clk_out1_clk_wiz_audio rise@0.000ns)
  Data Path Delay:        0.864ns  (logic 0.209ns (24.203%)  route 0.655ns (75.797%))
  Logic Levels:           1  (LUT1=1)
  Clock Path Skew:        0.000ns (DCD - SCD - CPR)
    Destination Clock Delay (DCD):    -0.845ns
    Source Clock Delay      (SCD):    -0.605ns
    Clock Pessimism Removal (CPR):    -0.239ns

    Location             Delay type                Incr(ns)  Path(ns)    Netlist Resource(s)
  -------------------------------------------------------------------    -------------------
                         (clock clk_out1_clk_wiz_audio rise edge)
                                                      0.000     0.000 r  <hidden>
    H16                                               0.000     0.000 r  sysclk
                         net (fo=0)                   0.000     0.000    u_mmcm/inst/clk_in1
    H16                  IBUF (Prop_ibuf_I_O)         0.219     0.219 r  u_mmcm/inst/clkin1_ibufg/O
                         net (fo=1, routed)           0.440     0.659    u_mmcm/inst/clk_in1_clk_wiz_audio
    MMCME2_ADV_X1Y2      MMCME2_ADV (Prop_mmcme2_adv_CLKIN1_CLKOUT0)
                                                     -2.613    -1.954 r  u_mmcm/inst/mmcm_adv_inst/CLKOUT0
                         net (fo=1, routed)           0.696    -1.257    u_mmcm/inst/clk_out1_clk_wiz_audio
    BUFGCTRL_X0Y16       BUFG (Prop_bufg_I_O)         0.026    -1.231 r  u_mmcm/inst/clkout1_buf/O
                         net (fo=10, routed)          0.626    -0.605    u_div/clk
    SLICE_X112Y72        FDCE                                         r  u_div/cnt_reg[0]/C
  -------------------------------------------------------------------    -------------------
    SLICE_X112Y72        FDCE (Prop_fdce_C_Q)         0.164    -0.441 f  u_div/cnt_reg[0]/Q
                         net (fo=7, routed)           0.655     0.213    u_div/cnt_reg_n_0_[0]
    SLICE_X112Y72        LUT1 (Prop_lut1_I0_O)        0.045     0.258 r  u_div/cnt[0]_i_1/O
                         net (fo=1, routed)           0.000     0.258    u_div/p_0_in[0]
    SLICE_X112Y72        FDCE                                         r  u_div/cnt_reg[0]/D
  -------------------------------------------------------------------    -------------------

                         (clock clk_out1_clk_wiz_audio rise edge)
                                                      0.000     0.000 r  <hidden>
    H16                                               0.000     0.000 r  sysclk
                         net (fo=0)                   0.000     0.000    u_mmcm/inst/clk_in1
    H16                  IBUF (Prop_ibuf_I_O)         0.406     0.406 r  u_mmcm/inst/clkin1_ibufg/O
                         net (fo=1, routed)           0.480     0.886    u_mmcm/inst/clk_in1_clk_wiz_audio
    MMCME2_ADV_X1Y2      MMCME2_ADV (Prop_mmcme2_adv_CLKIN1_CLKOUT0)
                                                     -3.407    -2.521 r  u_mmcm/inst/mmcm_adv_inst/CLKOUT0
                         net (fo=1, routed)           0.752    -1.769    u_mmcm/inst/clk_out1_clk_wiz_audio
    BUFGCTRL_X0Y16       BUFG (Prop_bufg_I_O)         0.029    -1.740 r  u_mmcm/inst/clkout1_buf/O
                         net (fo=10, routed)          0.895    -0.845    u_div/clk
    SLICE_X112Y72        FDCE                                         r  u_div/cnt_reg[0]/C
                         clock pessimism              0.239    -0.605    <hidden>
    SLICE_X112Y72        FDCE (Hold_fdce_C_D)         0.121    -0.484    u_div/cnt_reg[0]
  -------------------------------------------------------------------
                         required time                          0.484    <hidden>
                         arrival time                           0.258    <hidden>
  -------------------------------------------------------------------
                         slack                                  0.743    <hidden>





Pulse Width Checks
--------------------------------------------------------------------------------------
Clock Name:         clk_out1_clk_wiz_audio
Waveform(ns):       { 0.000 40.690 }
Period(ns):         81.380
Sources:            { u_mmcm/inst/mmcm_adv_inst/CLKOUT0 }

Check Type        Corner  Lib Pin             Reference Pin  Required(ns)  Actual(ns)  Slack(ns)  Location         Pin
Min Period        n/a     BUFG/I              n/a            2.155         81.380      79.225     BUFGCTRL_X0Y16   u_mmcm/inst/clkout1_buf/I
Min Period        n/a     MMCME2_ADV/CLKOUT0  n/a            1.249         81.380      80.131     MMCME2_ADV_X1Y2  u_mmcm/inst/mmcm_adv_inst/CLKOUT0
Min Period        n/a     FDCE/C              n/a            1.000         81.380      80.380     SLICE_X112Y72    u_div/cnt_reg[0]/C
Min Period        n/a     FDCE/C              n/a            1.000         81.380      80.380     SLICE_X112Y72    u_div/cnt_reg[1]/C
Min Period        n/a     FDCE/C              n/a            1.000         81.380      80.380     SLICE_X112Y72    u_div/cnt_reg[2]/C
Min Period        n/a     FDCE/C              n/a            1.000         81.380      80.380     SLICE_X113Y72    u_div/cnt_reg[3]/C
Min Period        n/a     FDCE/C              n/a            1.000         81.380      80.380     SLICE_X113Y72    u_div/cnt_reg[4]/C
Min Period        n/a     FDCE/C              n/a            1.000         81.380      80.380     SLICE_X113Y72    u_div/cnt_reg[5]/C
Min Period        n/a     FDCE/C              n/a            1.000         81.380      80.380     SLICE_X113Y72    u_div/cnt_reg[6]/C
Min Period        n/a     FDCE/C              n/a            1.000         81.380      80.380     SLICE_X113Y72    u_div/cnt_reg[7]/C
Max Period        n/a     MMCME2_ADV/CLKOUT0  n/a            213.360       81.380      131.980    MMCME2_ADV_X1Y2  u_mmcm/inst/mmcm_adv_inst/CLKOUT0
Low Pulse Width   Slow    FDCE/C              n/a            0.500         40.690      40.190     SLICE_X112Y72    u_div/cnt_reg[0]/C
Low Pulse Width   Fast    FDCE/C              n/a            0.500         40.690      40.190     SLICE_X112Y72    u_div/cnt_reg[0]/C
Low Pulse Width   Slow    FDCE/C              n/a            0.500         40.690      40.190     SLICE_X112Y72    u_div/cnt_reg[1]/C
Low Pulse Width   Fast    FDCE/C              n/a            0.500         40.690      40.190     SLICE_X112Y72    u_div/cnt_reg[1]/C
Low Pulse Width   Slow    FDCE/C              n/a            0.500         40.690      40.190     SLICE_X112Y72    u_div/cnt_reg[2]/C
Low Pulse Width   Fast    FDCE/C              n/a            0.500         40.690      40.190     SLICE_X112Y72    u_div/cnt_reg[2]/C
Low Pulse Width   Slow    FDCE/C              n/a            0.500         40.690      40.190     SLICE_X113Y72    u_div/cnt_reg[3]/C
Low Pulse Width   Fast    FDCE/C              n/a            0.500         40.690      40.190     SLICE_X113Y72    u_div/cnt_reg[3]/C
Low Pulse Width   Slow    FDCE/C              n/a            0.500         40.690      40.190     SLICE_X113Y72    u_div/cnt_reg[4]/C
Low Pulse Width   Fast    FDCE/C              n/a            0.500         40.690      40.190     SLICE_X113Y72    u_div/cnt_reg[4]/C
High Pulse Width  Slow    FDCE/C              n/a            0.500         40.690      40.190     SLICE_X112Y72    u_div/cnt_reg[0]/C
High Pulse Width  Fast    FDCE/C              n/a            0.500         40.690      40.190     SLICE_X112Y72    u_div/cnt_reg[0]/C
High Pulse Width  Slow    FDCE/C              n/a            0.500         40.690      40.190     SLICE_X112Y72    u_div/cnt_reg[1]/C
High Pulse Width  Fast    FDCE/C              n/a            0.500         40.690      40.190     SLICE_X112Y72    u_div/cnt_reg[1]/C
High Pulse Width  Slow    FDCE/C              n/a            0.500         40.690      40.190     SLICE_X112Y72    u_div/cnt_reg[2]/C
High Pulse Width  Fast    FDCE/C              n/a            0.500         40.690      40.190     SLICE_X112Y72    u_div/cnt_reg[2]/C
High Pulse Width  Slow    FDCE/C              n/a            0.500         40.690      40.190     SLICE_X113Y72    u_div/cnt_reg[3]/C
High Pulse Width  Fast    FDCE/C              n/a            0.500         40.690      40.190     SLICE_X113Y72    u_div/cnt_reg[3]/C
High Pulse Width  Slow    FDCE/C              n/a            0.500         40.690      40.190     SLICE_X113Y72    u_div/cnt_reg[4]/C
High Pulse Width  Fast    FDCE/C              n/a            0.500         40.690      40.190     SLICE_X113Y72    u_div/cnt_reg[4]/C



---------------------------------------------------------------------------------------------------
From Clock:  clkfbout_clk_wiz_audio
  To Clock:  clkfbout_clk_wiz_audio

Setup :           NA  Failing Endpoints,  Worst Slack           NA  ,  Total Violation           NA
Hold  :           NA  Failing Endpoints,  Worst Slack           NA  ,  Total Violation           NA
PW    :            0  Failing Endpoints,  Worst Slack       44.000ns,  Total Violation        0.000ns
---------------------------------------------------------------------------------------------------


Pulse Width Checks
--------------------------------------------------------------------------------------
Clock Name:         clkfbout_clk_wiz_audio
Waveform(ns):       { 0.000 28.000 }
Period(ns):         56.000
Sources:            { u_mmcm/inst/mmcm_adv_inst/CLKFBOUT }

Check Type  Corner  Lib Pin              Reference Pin  Required(ns)  Actual(ns)  Slack(ns)  Location         Pin
Min Period  n/a     BUFG/I               n/a            2.155         56.000      53.845     BUFGCTRL_X0Y17   u_mmcm/inst/clkf_buf/I
Min Period  n/a     MMCME2_ADV/CLKFBOUT  n/a            1.249         56.000      54.751     MMCME2_ADV_X1Y2  u_mmcm/inst/mmcm_adv_inst/CLKFBOUT
Min Period  n/a     MMCME2_ADV/CLKFBIN   n/a            1.249         56.000      54.751     MMCME2_ADV_X1Y2  u_mmcm/inst/mmcm_adv_inst/CLKFBIN
Max Period  n/a     MMCME2_ADV/CLKFBIN   n/a            100.000       56.000      44.000     MMCME2_ADV_X1Y2  u_mmcm/inst/mmcm_adv_inst/CLKFBIN
Max Period  n/a     MMCME2_ADV/CLKFBOUT  n/a            213.360       56.000      157.360    MMCME2_ADV_X1Y2  u_mmcm/inst/mmcm_adv_inst/CLKFBOUT



---------------------------------------------------------------------------------------------------
From Clock:  clk_out1_clk_wiz_audio
  To Clock:  clk_out1_clk_wiz_audio_1

Setup :            0  Failing Endpoints,  Worst Slack       78.316ns,  Total Violation        0.000ns
Hold  :            0  Failing Endpoints,  Worst Slack        0.028ns,  Total Violation        0.000ns
---------------------------------------------------------------------------------------------------


Max Delay Paths
--------------------------------------------------------------------------------------
Slack (MET) :             78.316ns  (required time - arrival time)
  Source:                 u_div/cnt_reg[1]/C
                            (rising edge-triggered cell FDCE clocked by clk_out1_clk_wiz_audio  {rise@0.000ns fall@40.690ns period=81.380ns})
  Destination:            u_div/cnt_reg[6]/D
                            (rising edge-triggered cell FDCE clocked by clk_out1_clk_wiz_audio_1  {rise@0.000ns fall@40.690ns period=81.380ns})
  Path Group:             clk_out1_clk_wiz_audio_1
  Path Type:              Setup (Max at Slow Process Corner)
  Requirement:            81.380ns  (clk_out1_clk_wiz_audio_1 rise@81.380ns - clk_out1_clk_wiz_audio rise@0.000ns)
  Data Path Delay:        2.833ns  (logic 0.766ns (27.036%)  route 2.067ns (72.964%))
  Logic Levels:           2  (LUT2=1 LUT6=1)
  Clock Path Skew:        -0.022ns (DCD - SCD + CPR)
    Destination Clock Delay (DCD):    -1.497ns = ( 79.883 - 81.380 ) 
    Source Clock Delay      (SCD):    -0.868ns
    Clock Pessimism Removal (CPR):    0.607ns
  Clock Uncertainty:      0.240ns  ((TSJ^2 + DJ^2)^1/2) / 2 + PE
    Total System Jitter     (TSJ):    0.071ns
    Discrete Jitter          (DJ):    0.474ns
    Phase Error              (PE):    0.000ns
  Clock Domain Crossing:  Inter clock paths are considered valid unless explicitly excluded by timing constraints such as set_clock_groups or set_false_path.

    Location             Delay type                Incr(ns)  Path(ns)    Netlist Resource(s)
  -------------------------------------------------------------------    -------------------
                         (clock clk_out1_clk_wiz_audio rise edge)
                                                      0.000     0.000 r  <hidden>
    H16                                               0.000     0.000 r  sysclk
                         net (fo=0)                   0.000     0.000    u_mmcm/inst/clk_in1
    H16                  IBUF (Prop_ibuf_I_O)         1.451     1.451 r  u_mmcm/inst/clkin1_ibufg/O
                         net (fo=1, routed)           1.285     2.736    u_mmcm/inst/clk_in1_clk_wiz_audio
    MMCME2_ADV_X1Y2      MMCME2_ADV (Prop_mmcme2_adv_CLKIN1_CLKOUT0)
                                                     -7.759    -5.023 r  u_mmcm/inst/mmcm_adv_inst/CLKOUT0
                         net (fo=1, routed)           2.206    -2.817    u_mmcm/inst/clk_out1_clk_wiz_audio
    BUFGCTRL_X0Y16       BUFG (Prop_bufg_I_O)         0.101    -2.716 r  u_mmcm/inst/clkout1_buf/O
                         net (fo=10, routed)          1.848    -0.868    u_div/clk
    SLICE_X112Y72        FDCE                                         r  u_div/cnt_reg[1]/C
  -------------------------------------------------------------------    -------------------
    SLICE_X112Y72        FDCE (Prop_fdce_C_Q)         0.518    -0.350 r  u_div/cnt_reg[1]/Q
                         net (fo=8, routed)           1.660     1.310    u_div/out[0]
    SLICE_X113Y72        LUT6 (Prop_lut6_I2_O)        0.124     1.434 r  u_div/cnt[7]_i_3/O
                         net (fo=2, routed)           0.407     1.841    u_div/cnt[7]_i_3_n_0
    SLICE_X113Y72        LUT2 (Prop_lut2_I0_O)        0.124     1.965 r  u_div/cnt[6]_i_1/O
                         net (fo=1, routed)           0.000     1.965    u_div/p_0_in[6]
    SLICE_X113Y72        FDCE                                         r  u_div/cnt_reg[6]/D
  -------------------------------------------------------------------    -------------------

                         (clock clk_out1_clk_wiz_audio_1 rise edge)
                                                     81.380    81.380 r  <hidden>
    H16                                               0.000    81.380 r  sysclk
                         net (fo=0)                   0.000    81.380    u_mmcm/inst/clk_in1
    H16                  IBUF (Prop_ibuf_I_O)         1.380    82.760 r  u_mmcm/inst/clkin1_ibufg/O
                         net (fo=1, routed)           1.162    83.922    u_mmcm/inst/clk_in1_clk_wiz_audio
    MMCME2_ADV_X1Y2      MMCME2_ADV (Prop_mmcme2_adv_CLKIN1_CLKOUT0)
                                                     -7.814    76.108 r  u_mmcm/inst/mmcm_adv_inst/CLKOUT0
                         net (fo=1, routed)           2.012    78.120    u_mmcm/inst/clk_out1_clk_wiz_audio
    BUFGCTRL_X0Y16       BUFG (Prop_bufg_I_O)         0.091    78.211 r  u_mmcm/inst/clkout1_buf/O
                         net (fo=10, routed)          1.672    79.883    u_div/clk
    SLICE_X113Y72        FDCE                                         r  u_div/cnt_reg[6]/C
                         clock pessimism              0.607    80.490    <hidden>
                         clock uncertainty           -0.240    80.250    <hidden>
    SLICE_X113Y72        FDCE (Setup_fdce_C_D)        0.031    80.281    u_div/cnt_reg[6]
  -------------------------------------------------------------------
                         required time                         80.281    <hidden>
                         arrival time                          -1.965    <hidden>
  -------------------------------------------------------------------
                         slack                                 78.316    <hidden>

Slack (MET) :             78.365ns  (required time - arrival time)
  Source:                 u_div/cnt_reg[1]/C
                            (rising edge-triggered cell FDCE clocked by clk_out1_clk_wiz_audio  {rise@0.000ns fall@40.690ns period=81.380ns})
  Destination:            u_div/cnt_reg[7]/D
                            (rising edge-triggered cell FDCE clocked by clk_out1_clk_wiz_audio_1  {rise@0.000ns fall@40.690ns period=81.380ns})
  Path Group:             clk_out1_clk_wiz_audio_1
  Path Type:              Setup (Max at Slow Process Corner)
  Requirement:            81.380ns  (clk_out1_clk_wiz_audio_1 rise@81.380ns - clk_out1_clk_wiz_audio rise@0.000ns)
  Data Path Delay:        2.828ns  (logic 0.761ns (26.907%)  route 2.067ns (73.093%))
  Logic Levels:           2  (LUT3=1 LUT6=1)
  Clock Path Skew:        -0.022ns (DCD - SCD + CPR)
    Destination Clock Delay (DCD):    -1.497ns = ( 79.883 - 81.380 ) 
    Source Clock Delay      (SCD):    -0.868ns
    Clock Pessimism Removal (CPR):    0.607ns
  Clock Uncertainty:      0.240ns  ((TSJ^2 + DJ^2)^1/2) / 2 + PE
    Total System Jitter     (TSJ):    0.071ns
    Discrete Jitter          (DJ):    0.474ns
    Phase Error              (PE):    0.000ns
  Clock Domain Crossing:  Inter clock paths are considered valid unless explicitly excluded by timing constraints such as set_clock_groups or set_false_path.

    Location             Delay type                Incr(ns)  Path(ns)    Netlist Resource(s)
  -------------------------------------------------------------------    -------------------
                         (clock clk_out1_clk_wiz_audio rise edge)
                                                      0.000     0.000 r  <hidden>
    H16                                               0.000     0.000 r  sysclk
                         net (fo=0)                   0.000     0.000    u_mmcm/inst/clk_in1
    H16                  IBUF (Prop_ibuf_I_O)         1.451     1.451 r  u_mmcm/inst/clkin1_ibufg/O
                         net (fo=1, routed)           1.285     2.736    u_mmcm/inst/clk_in1_clk_wiz_audio
    MMCME2_ADV_X1Y2      MMCME2_ADV (Prop_mmcme2_adv_CLKIN1_CLKOUT0)
                                                     -7.759    -5.023 r  u_mmcm/inst/mmcm_adv_inst/CLKOUT0
                         net (fo=1, routed)           2.206    -2.817    u_mmcm/inst/clk_out1_clk_wiz_audio
    BUFGCTRL_X0Y16       BUFG (Prop_bufg_I_O)         0.101    -2.716 r  u_mmcm/inst/clkout1_buf/O
                         net (fo=10, routed)          1.848    -0.868    u_div/clk
    SLICE_X112Y72        FDCE                                         r  u_div/cnt_reg[1]/C
  -------------------------------------------------------------------    -------------------
    SLICE_X112Y72        FDCE (Prop_fdce_C_Q)         0.518    -0.350 r  u_div/cnt_reg[1]/Q
                         net (fo=8, routed)           1.660     1.310    u_div/out[0]
    SLICE_X113Y72        LUT6 (Prop_lut6_I2_O)        0.124     1.434 r  u_div/cnt[7]_i_3/O
                         net (fo=2, routed)           0.407     1.841    u_div/cnt[7]_i_3_n_0
    SLICE_X113Y72        LUT3 (Prop_lut3_I0_O)        0.119     1.960 r  u_div/cnt[7]_i_1/O
                         net (fo=1, routed)           0.000     1.960    u_div/p_0_in[7]
    SLICE_X113Y72        FDCE                                         r  u_div/cnt_reg[7]/D
  -------------------------------------------------------------------    -------------------

                         (clock clk_out1_clk_wiz_audio_1 rise edge)
                                                     81.380    81.380 r  <hidden>
    H16                                               0.000    81.380 r  sysclk
                         net (fo=0)                   0.000    81.380    u_mmcm/inst/clk_in1
    H16                  IBUF (Prop_ibuf_I_O)         1.380    82.760 r  u_mmcm/inst/clkin1_ibufg/O
                         net (fo=1, routed)           1.162    83.922    u_mmcm/inst/clk_in1_clk_wiz_audio
    MMCME2_ADV_X1Y2      MMCME2_ADV (Prop_mmcme2_adv_CLKIN1_CLKOUT0)
                                                     -7.814    76.108 r  u_mmcm/inst/mmcm_adv_inst/CLKOUT0
                         net (fo=1, routed)           2.012    78.120    u_mmcm/inst/clk_out1_clk_wiz_audio
    BUFGCTRL_X0Y16       BUFG (Prop_bufg_I_O)         0.091    78.211 r  u_mmcm/inst/clkout1_buf/O
                         net (fo=10, routed)          1.672    79.883    u_div/clk
    SLICE_X113Y72        FDCE                                         r  u_div/cnt_reg[7]/C
                         clock pessimism              0.607    80.490    <hidden>
                         clock uncertainty           -0.240    80.250    <hidden>
    SLICE_X113Y72        FDCE (Setup_fdce_C_D)        0.075    80.325    u_div/cnt_reg[7]
  -------------------------------------------------------------------
                         required time                         80.325    <hidden>
                         arrival time                          -1.960    <hidden>
  -------------------------------------------------------------------
                         slack                                 78.365    <hidden>

Slack (MET) :             78.842ns  (required time - arrival time)
  Source:                 u_div/cnt_reg[1]/C
                            (rising edge-triggered cell FDCE clocked by clk_out1_clk_wiz_audio  {rise@0.000ns fall@40.690ns period=81.380ns})
  Destination:            u_div/cnt_reg[5]/D
                            (rising edge-triggered cell FDCE clocked by clk_out1_clk_wiz_audio_1  {rise@0.000ns fall@40.690ns period=81.380ns})
  Path Group:             clk_out1_clk_wiz_audio_1
  Path Type:              Setup (Max at Slow Process Corner)
  Requirement:            81.380ns  (clk_out1_clk_wiz_audio_1 rise@81.380ns - clk_out1_clk_wiz_audio rise@0.000ns)
  Data Path Delay:        2.307ns  (logic 0.642ns (27.825%)  route 1.665ns (72.175%))
  Logic Levels:           1  (LUT6=1)
  Clock Path Skew:        -0.022ns (DCD - SCD + CPR)
    Destination Clock Delay (DCD):    -1.497ns = ( 79.883 - 81.380 ) 
    Source Clock Delay      (SCD):    -0.868ns
    Clock Pessimism Removal (CPR):    0.607ns
  Clock Uncertainty:      0.240ns  ((TSJ^2 + DJ^2)^1/2) / 2 + PE
    Total System Jitter     (TSJ):    0.071ns
    Discrete Jitter          (DJ):    0.474ns
    Phase Error              (PE):    0.000ns
  Clock Domain Crossing:  Inter clock paths are considered valid unless explicitly excluded by timing constraints such as set_clock_groups or set_false_path.

    Location             Delay type                Incr(ns)  Path(ns)    Netlist Resource(s)
  -------------------------------------------------------------------    -------------------
                         (clock clk_out1_clk_wiz_audio rise edge)
                                                      0.000     0.000 r  <hidden>
    H16                                               0.000     0.000 r  sysclk
                         net (fo=0)                   0.000     0.000    u_mmcm/inst/clk_in1
    H16                  IBUF (Prop_ibuf_I_O)         1.451     1.451 r  u_mmcm/inst/clkin1_ibufg/O
                         net (fo=1, routed)           1.285     2.736    u_mmcm/inst/clk_in1_clk_wiz_audio
    MMCME2_ADV_X1Y2      MMCME2_ADV (Prop_mmcme2_adv_CLKIN1_CLKOUT0)
                                                     -7.759    -5.023 r  u_mmcm/inst/mmcm_adv_inst/CLKOUT0
                         net (fo=1, routed)           2.206    -2.817    u_mmcm/inst/clk_out1_clk_wiz_audio
    BUFGCTRL_X0Y16       BUFG (Prop_bufg_I_O)         0.101    -2.716 r  u_mmcm/inst/clkout1_buf/O
                         net (fo=10, routed)          1.848    -0.868    u_div/clk
    SLICE_X112Y72        FDCE                                         r  u_div/cnt_reg[1]/C
  -------------------------------------------------------------------    -------------------
    SLICE_X112Y72        FDCE (Prop_fdce_C_Q)         0.518    -0.350 r  u_div/cnt_reg[1]/Q
                         net (fo=8, routed)           1.665     1.315    u_div/out[0]
    SLICE_X113Y72        LUT6 (Prop_lut6_I1_O)        0.124     1.439 r  u_div/cnt[5]_i_1/O
                         net (fo=1, routed)           0.000     1.439    u_div/p_0_in[5]
    SLICE_X113Y72        FDCE                                         r  u_div/cnt_reg[5]/D
  -------------------------------------------------------------------    -------------------

                         (clock clk_out1_clk_wiz_audio_1 rise edge)
                                                     81.380    81.380 r  <hidden>
    H16                                               0.000    81.380 r  sysclk
                         net (fo=0)                   0.000    81.380    u_mmcm/inst/clk_in1
    H16                  IBUF (Prop_ibuf_I_O)         1.380    82.760 r  u_mmcm/inst/clkin1_ibufg/O
                         net (fo=1, routed)           1.162    83.922    u_mmcm/inst/clk_in1_clk_wiz_audio
    MMCME2_ADV_X1Y2      MMCME2_ADV (Prop_mmcme2_adv_CLKIN1_CLKOUT0)
                                                     -7.814    76.108 r  u_mmcm/inst/mmcm_adv_inst/CLKOUT0
                         net (fo=1, routed)           2.012    78.120    u_mmcm/inst/clk_out1_clk_wiz_audio
    BUFGCTRL_X0Y16       BUFG (Prop_bufg_I_O)         0.091    78.211 r  u_mmcm/inst/clkout1_buf/O
                         net (fo=10, routed)          1.672    79.883    u_div/clk
    SLICE_X113Y72        FDCE                                         r  u_div/cnt_reg[5]/C
                         clock pessimism              0.607    80.490    <hidden>
                         clock uncertainty           -0.240    80.250    <hidden>
    SLICE_X113Y72        FDCE (Setup_fdce_C_D)        0.031    80.281    u_div/cnt_reg[5]
  -------------------------------------------------------------------
                         required time                         80.281    <hidden>
                         arrival time                          -1.439    <hidden>
  -------------------------------------------------------------------
                         slack                                 78.842    <hidden>

Slack (MET) :             79.065ns  (required time - arrival time)
  Source:                 u_div/cnt_reg[0]/C
                            (rising edge-triggered cell FDCE clocked by clk_out1_clk_wiz_audio  {rise@0.000ns fall@40.690ns period=81.380ns})
  Destination:            u_div/cnt_reg[0]/D
                            (rising edge-triggered cell FDCE clocked by clk_out1_clk_wiz_audio_1  {rise@0.000ns fall@40.690ns period=81.380ns})
  Path Group:             clk_out1_clk_wiz_audio_1
  Path Type:              Setup (Max at Slow Process Corner)
  Requirement:            81.380ns  (clk_out1_clk_wiz_audio_1 rise@81.380ns - clk_out1_clk_wiz_audio rise@0.000ns)
  Data Path Delay:        2.157ns  (logic 0.642ns (29.770%)  route 1.515ns (70.230%))
  Logic Levels:           1  (LUT1=1)
  Clock Path Skew:        0.000ns (DCD - SCD + CPR)
    Destination Clock Delay (DCD):    -1.497ns = ( 79.883 - 81.380 ) 
    Source Clock Delay      (SCD):    -0.868ns
    Clock Pessimism Removal (CPR):    0.629ns
  Clock Uncertainty:      0.240ns  ((TSJ^2 + DJ^2)^1/2) / 2 + PE
    Total System Jitter     (TSJ):    0.071ns
    Discrete Jitter          (DJ):    0.474ns
    Phase Error              (PE):    0.000ns
  Clock Domain Crossing:  Inter clock paths are considered valid unless explicitly excluded by timing constraints such as set_clock_groups or set_false_path.

    Location             Delay type                Incr(ns)  Path(ns)    Netlist Resource(s)
  -------------------------------------------------------------------    -------------------
                         (clock clk_out1_clk_wiz_audio rise edge)
                                                      0.000     0.000 r  <hidden>
    H16                                               0.000     0.000 r  sysclk
                         net (fo=0)                   0.000     0.000    u_mmcm/inst/clk_in1
    H16                  IBUF (Prop_ibuf_I_O)         1.451     1.451 r  u_mmcm/inst/clkin1_ibufg/O
                         net (fo=1, routed)           1.285     2.736    u_mmcm/inst/clk_in1_clk_wiz_audio
    MMCME2_ADV_X1Y2      MMCME2_ADV (Prop_mmcme2_adv_CLKIN1_CLKOUT0)
                                                     -7.759    -5.023 r  u_mmcm/inst/mmcm_adv_inst/CLKOUT0
                         net (fo=1, routed)           2.206    -2.817    u_mmcm/inst/clk_out1_clk_wiz_audio
    BUFGCTRL_X0Y16       BUFG (Prop_bufg_I_O)         0.101    -2.716 r  u_mmcm/inst/clkout1_buf/O
                         net (fo=10, routed)          1.848    -0.868    u_div/clk
    SLICE_X112Y72        FDCE                                         r  u_div/cnt_reg[0]/C
  -------------------------------------------------------------------    -------------------
    SLICE_X112Y72        FDCE (Prop_fdce_C_Q)         0.518    -0.350 f  u_div/cnt_reg[0]/Q
                         net (fo=7, routed)           1.515     1.164    u_div/cnt_reg_n_0_[0]
    SLICE_X112Y72        LUT1 (Prop_lut1_I0_O)        0.124     1.288 r  u_div/cnt[0]_i_1/O
                         net (fo=1, routed)           0.000     1.288    u_div/p_0_in[0]
    SLICE_X112Y72        FDCE                                         r  u_div/cnt_reg[0]/D
  -------------------------------------------------------------------    -------------------

                         (clock clk_out1_clk_wiz_audio_1 rise edge)
                                                     81.380    81.380 r  <hidden>
    H16                                               0.000    81.380 r  sysclk
                         net (fo=0)                   0.000    81.380    u_mmcm/inst/clk_in1
    H16                  IBUF (Prop_ibuf_I_O)         1.380    82.760 r  u_mmcm/inst/clkin1_ibufg/O
                         net (fo=1, routed)           1.162    83.922    u_mmcm/inst/clk_in1_clk_wiz_audio
    MMCME2_ADV_X1Y2      MMCME2_ADV (Prop_mmcme2_adv_CLKIN1_CLKOUT0)
                                                     -7.814    76.108 r  u_mmcm/inst/mmcm_adv_inst/CLKOUT0
                         net (fo=1, routed)           2.012    78.120    u_mmcm/inst/clk_out1_clk_wiz_audio
    BUFGCTRL_X0Y16       BUFG (Prop_bufg_I_O)         0.091    78.211 r  u_mmcm/inst/clkout1_buf/O
                         net (fo=10, routed)          1.672    79.883    u_div/clk
    SLICE_X112Y72        FDCE                                         r  u_div/cnt_reg[0]/C
                         clock pessimism              0.629    80.512    <hidden>
                         clock uncertainty           -0.240    80.272    <hidden>
    SLICE_X112Y72        FDCE (Setup_fdce_C_D)        0.081    80.353    u_div/cnt_reg[0]
  -------------------------------------------------------------------
                         required time                         80.353    <hidden>
                         arrival time                          -1.288    <hidden>
  -------------------------------------------------------------------
                         slack                                 79.065    <hidden>

Slack (MET) :             79.086ns  (required time - arrival time)
  Source:                 u_div/cnt_reg[1]/C
                            (rising edge-triggered cell FDCE clocked by clk_out1_clk_wiz_audio  {rise@0.000ns fall@40.690ns period=81.380ns})
  Destination:            u_div/cnt_reg[3]/D
                            (rising edge-triggered cell FDCE clocked by clk_out1_clk_wiz_audio_1  {rise@0.000ns fall@40.690ns period=81.380ns})
  Path Group:             clk_out1_clk_wiz_audio_1
  Path Type:              Setup (Max at Slow Process Corner)
  Requirement:            81.380ns  (clk_out1_clk_wiz_audio_1 rise@81.380ns - clk_out1_clk_wiz_audio rise@0.000ns)
  Data Path Delay:        2.061ns  (logic 0.642ns (31.143%)  route 1.419ns (68.857%))
  Logic Levels:           1  (LUT4=1)
  Clock Path Skew:        -0.022ns (DCD - SCD + CPR)
    Destination Clock Delay (DCD):    -1.497ns = ( 79.883 - 81.380 ) 
    Source Clock Delay      (SCD):    -0.868ns
    Clock Pessimism Removal (CPR):    0.607ns
  Clock Uncertainty:      0.240ns  ((TSJ^2 + DJ^2)^1/2) / 2 + PE
    Total System Jitter     (TSJ):    0.071ns
    Discrete Jitter          (DJ):    0.474ns
    Phase Error              (PE):    0.000ns
  Clock Domain Crossing:  Inter clock paths are considered valid unless explicitly excluded by timing constraints such as set_clock_groups or set_false_path.

    Location             Delay type                Incr(ns)  Path(ns)    Netlist Resource(s)
  -------------------------------------------------------------------    -------------------
                         (clock clk_out1_clk_wiz_audio rise edge)
                                                      0.000     0.000 r  <hidden>
    H16                                               0.000     0.000 r  sysclk
                         net (fo=0)                   0.000     0.000    u_mmcm/inst/clk_in1
    H16                  IBUF (Prop_ibuf_I_O)         1.451     1.451 r  u_mmcm/inst/clkin1_ibufg/O
                         net (fo=1, routed)           1.285     2.736    u_mmcm/inst/clk_in1_clk_wiz_audio
    MMCME2_ADV_X1Y2      MMCME2_ADV (Prop_mmcme2_adv_CLKIN1_CLKOUT0)
                                                     -7.759    -5.023 r  u_mmcm/inst/mmcm_adv_inst/CLKOUT0
                         net (fo=1, routed)           2.206    -2.817    u_mmcm/inst/clk_out1_clk_wiz_audio
    BUFGCTRL_X0Y16       BUFG (Prop_bufg_I_O)         0.101    -2.716 r  u_mmcm/inst/clkout1_buf/O
                         net (fo=10, routed)          1.848    -0.868    u_div/clk
    SLICE_X112Y72        FDCE                                         r  u_div/cnt_reg[1]/C
  -------------------------------------------------------------------    -------------------
    SLICE_X112Y72        FDCE (Prop_fdce_C_Q)         0.518    -0.350 r  u_div/cnt_reg[1]/Q
                         net (fo=8, routed)           1.419     1.069    u_div/out[0]
    SLICE_X113Y72        LUT4 (Prop_lut4_I0_O)        0.124     1.193 r  u_div/cnt[3]_i_1/O
                         net (fo=1, routed)           0.000     1.193    u_div/p_0_in[3]
    SLICE_X113Y72        FDCE                                         r  u_div/cnt_reg[3]/D
  -------------------------------------------------------------------    -------------------

                         (clock clk_out1_clk_wiz_audio_1 rise edge)
                                                     81.380    81.380 r  <hidden>
    H16                                               0.000    81.380 r  sysclk
                         net (fo=0)                   0.000    81.380    u_mmcm/inst/clk_in1
    H16                  IBUF (Prop_ibuf_I_O)         1.380    82.760 r  u_mmcm/inst/clkin1_ibufg/O
                         net (fo=1, routed)           1.162    83.922    u_mmcm/inst/clk_in1_clk_wiz_audio
    MMCME2_ADV_X1Y2      MMCME2_ADV (Prop_mmcme2_adv_CLKIN1_CLKOUT0)
                                                     -7.814    76.108 r  u_mmcm/inst/mmcm_adv_inst/CLKOUT0
                         net (fo=1, routed)           2.012    78.120    u_mmcm/inst/clk_out1_clk_wiz_audio
    BUFGCTRL_X0Y16       BUFG (Prop_bufg_I_O)         0.091    78.211 r  u_mmcm/inst/clkout1_buf/O
                         net (fo=10, routed)          1.672    79.883    u_div/clk
    SLICE_X113Y72        FDCE                                         r  u_div/cnt_reg[3]/C
                         clock pessimism              0.607    80.490    <hidden>
                         clock uncertainty           -0.240    80.250    <hidden>
    SLICE_X113Y72        FDCE (Setup_fdce_C_D)        0.029    80.279    u_div/cnt_reg[3]
  -------------------------------------------------------------------
                         required time                         80.279    <hidden>
                         arrival time                          -1.193    <hidden>
  -------------------------------------------------------------------
                         slack                                 79.086    <hidden>

Slack (MET) :             79.138ns  (required time - arrival time)
  Source:                 u_div/cnt_reg[1]/C
                            (rising edge-triggered cell FDCE clocked by clk_out1_clk_wiz_audio  {rise@0.000ns fall@40.690ns period=81.380ns})
  Destination:            u_div/cnt_reg[4]/D
                            (rising edge-triggered cell FDCE clocked by clk_out1_clk_wiz_audio_1  {rise@0.000ns fall@40.690ns period=81.380ns})
  Path Group:             clk_out1_clk_wiz_audio_1
  Path Type:              Setup (Max at Slow Process Corner)
  Requirement:            81.380ns  (clk_out1_clk_wiz_audio_1 rise@81.380ns - clk_out1_clk_wiz_audio rise@0.000ns)
  Data Path Delay:        2.055ns  (logic 0.636ns (30.942%)  route 1.419ns (69.058%))
  Logic Levels:           1  (LUT5=1)
  Clock Path Skew:        -0.022ns (DCD - SCD + CPR)
    Destination Clock Delay (DCD):    -1.497ns = ( 79.883 - 81.380 ) 
    Source Clock Delay      (SCD):    -0.868ns
    Clock Pessimism Removal (CPR):    0.607ns
  Clock Uncertainty:      0.240ns  ((TSJ^2 + DJ^2)^1/2) / 2 + PE
    Total System Jitter     (TSJ):    0.071ns
    Discrete Jitter          (DJ):    0.474ns
    Phase Error              (PE):    0.000ns
  Clock Domain Crossing:  Inter clock paths are considered valid unless explicitly excluded by timing constraints such as set_clock_groups or set_false_path.

    Location             Delay type                Incr(ns)  Path(ns)    Netlist Resource(s)
  -------------------------------------------------------------------    -------------------
                         (clock clk_out1_clk_wiz_audio rise edge)
                                                      0.000     0.000 r  <hidden>
    H16                                               0.000     0.000 r  sysclk
                         net (fo=0)                   0.000     0.000    u_mmcm/inst/clk_in1
    H16                  IBUF (Prop_ibuf_I_O)         1.451     1.451 r  u_mmcm/inst/clkin1_ibufg/O
                         net (fo=1, routed)           1.285     2.736    u_mmcm/inst/clk_in1_clk_wiz_audio
    MMCME2_ADV_X1Y2      MMCME2_ADV (Prop_mmcme2_adv_CLKIN1_CLKOUT0)
                                                     -7.759    -5.023 r  u_mmcm/inst/mmcm_adv_inst/CLKOUT0
                         net (fo=1, routed)           2.206    -2.817    u_mmcm/inst/clk_out1_clk_wiz_audio
    BUFGCTRL_X0Y16       BUFG (Prop_bufg_I_O)         0.101    -2.716 r  u_mmcm/inst/clkout1_buf/O
                         net (fo=10, routed)          1.848    -0.868    u_div/clk
    SLICE_X112Y72        FDCE                                         r  u_div/cnt_reg[1]/C
  -------------------------------------------------------------------    -------------------
    SLICE_X112Y72        FDCE (Prop_fdce_C_Q)         0.518    -0.350 r  u_div/cnt_reg[1]/Q
                         net (fo=8, routed)           1.419     1.069    u_div/out[0]
    SLICE_X113Y72        LUT5 (Prop_lut5_I2_O)        0.118     1.187 r  u_div/cnt[4]_i_1/O
                         net (fo=1, routed)           0.000     1.187    u_div/p_0_in[4]
    SLICE_X113Y72        FDCE                                         r  u_div/cnt_reg[4]/D
  -------------------------------------------------------------------    -------------------

                         (clock clk_out1_clk_wiz_audio_1 rise edge)
                                                     81.380    81.380 r  <hidden>
    H16                                               0.000    81.380 r  sysclk
                         net (fo=0)                   0.000    81.380    u_mmcm/inst/clk_in1
    H16                  IBUF (Prop_ibuf_I_O)         1.380    82.760 r  u_mmcm/inst/clkin1_ibufg/O
                         net (fo=1, routed)           1.162    83.922    u_mmcm/inst/clk_in1_clk_wiz_audio
    MMCME2_ADV_X1Y2      MMCME2_ADV (Prop_mmcme2_adv_CLKIN1_CLKOUT0)
                                                     -7.814    76.108 r  u_mmcm/inst/mmcm_adv_inst/CLKOUT0
                         net (fo=1, routed)           2.012    78.120    u_mmcm/inst/clk_out1_clk_wiz_audio
    BUFGCTRL_X0Y16       BUFG (Prop_bufg_I_O)         0.091    78.211 r  u_mmcm/inst/clkout1_buf/O
                         net (fo=10, routed)          1.672    79.883    u_div/clk
    SLICE_X113Y72        FDCE                                         r  u_div/cnt_reg[4]/C
                         clock pessimism              0.607    80.490    <hidden>
                         clock uncertainty           -0.240    80.250    <hidden>
    SLICE_X113Y72        FDCE (Setup_fdce_C_D)        0.075    80.325    u_div/cnt_reg[4]
  -------------------------------------------------------------------
                         required time                         80.325    <hidden>
                         arrival time                          -1.187    <hidden>
  -------------------------------------------------------------------
                         slack                                 79.138    <hidden>

Slack (MET) :             79.587ns  (required time - arrival time)
  Source:                 u_div/cnt_reg[2]/C
                            (rising edge-triggered cell FDCE clocked by clk_out1_clk_wiz_audio  {rise@0.000ns fall@40.690ns period=81.380ns})
  Destination:            u_div/cnt_reg[2]/D
                            (rising edge-triggered cell FDCE clocked by clk_out1_clk_wiz_audio_1  {rise@0.000ns fall@40.690ns period=81.380ns})
  Path Group:             clk_out1_clk_wiz_audio_1
  Path Type:              Setup (Max at Slow Process Corner)
  Requirement:            81.380ns  (clk_out1_clk_wiz_audio_1 rise@81.380ns - clk_out1_clk_wiz_audio rise@0.000ns)
  Data Path Delay:        1.671ns  (logic 0.795ns (47.570%)  route 0.876ns (52.430%))
  Logic Levels:           1  (LUT3=1)
  Clock Path Skew:        0.000ns (DCD - SCD + CPR)
    Destination Clock Delay (DCD):    -1.497ns = ( 79.883 - 81.380 ) 
    Source Clock Delay      (SCD):    -0.868ns
    Clock Pessimism Removal (CPR):    0.629ns
  Clock Uncertainty:      0.240ns  ((TSJ^2 + DJ^2)^1/2) / 2 + PE
    Total System Jitter     (TSJ):    0.071ns
    Discrete Jitter          (DJ):    0.474ns
    Phase Error              (PE):    0.000ns
  Clock Domain Crossing:  Inter clock paths are considered valid unless explicitly excluded by timing constraints such as set_clock_groups or set_false_path.

    Location             Delay type                Incr(ns)  Path(ns)    Netlist Resource(s)
  -------------------------------------------------------------------    -------------------
                         (clock clk_out1_clk_wiz_audio rise edge)
                                                      0.000     0.000 r  <hidden>
    H16                                               0.000     0.000 r  sysclk
                         net (fo=0)                   0.000     0.000    u_mmcm/inst/clk_in1
    H16                  IBUF (Prop_ibuf_I_O)         1.451     1.451 r  u_mmcm/inst/clkin1_ibufg/O
                         net (fo=1, routed)           1.285     2.736    u_mmcm/inst/clk_in1_clk_wiz_audio
    MMCME2_ADV_X1Y2      MMCME2_ADV (Prop_mmcme2_adv_CLKIN1_CLKOUT0)
                                                     -7.759    -5.023 r  u_mmcm/inst/mmcm_adv_inst/CLKOUT0
                         net (fo=1, routed)           2.206    -2.817    u_mmcm/inst/clk_out1_clk_wiz_audio
    BUFGCTRL_X0Y16       BUFG (Prop_bufg_I_O)         0.101    -2.716 r  u_mmcm/inst/clkout1_buf/O
                         net (fo=10, routed)          1.848    -0.868    u_div/clk
    SLICE_X112Y72        FDCE                                         r  u_div/cnt_reg[2]/C
  -------------------------------------------------------------------    -------------------
    SLICE_X112Y72        FDCE (Prop_fdce_C_Q)         0.478    -0.390 r  u_div/cnt_reg[2]/Q
                         net (fo=5, routed)           0.876     0.486    u_div/cnt_reg_n_0_[2]
    SLICE_X112Y72        LUT3 (Prop_lut3_I2_O)        0.317     0.803 r  u_div/cnt[2]_i_1/O
                         net (fo=1, routed)           0.000     0.803    u_div/p_0_in[2]
    SLICE_X112Y72        FDCE                                         r  u_div/cnt_reg[2]/D
  -------------------------------------------------------------------    -------------------

                         (clock clk_out1_clk_wiz_audio_1 rise edge)
                                                     81.380    81.380 r  <hidden>
    H16                                               0.000    81.380 r  sysclk
                         net (fo=0)                   0.000    81.380    u_mmcm/inst/clk_in1
    H16                  IBUF (Prop_ibuf_I_O)         1.380    82.760 r  u_mmcm/inst/clkin1_ibufg/O
                         net (fo=1, routed)           1.162    83.922    u_mmcm/inst/clk_in1_clk_wiz_audio
    MMCME2_ADV_X1Y2      MMCME2_ADV (Prop_mmcme2_adv_CLKIN1_CLKOUT0)
                                                     -7.814    76.108 r  u_mmcm/inst/mmcm_adv_inst/CLKOUT0
                         net (fo=1, routed)           2.012    78.120    u_mmcm/inst/clk_out1_clk_wiz_audio
    BUFGCTRL_X0Y16       BUFG (Prop_bufg_I_O)         0.091    78.211 r  u_mmcm/inst/clkout1_buf/O
                         net (fo=10, routed)          1.672    79.883    u_div/clk
    SLICE_X112Y72        FDCE                                         r  u_div/cnt_reg[2]/C
                         clock pessimism              0.629    80.512    <hidden>
                         clock uncertainty           -0.240    80.272    <hidden>
    SLICE_X112Y72        FDCE (Setup_fdce_C_D)        0.118    80.390    u_div/cnt_reg[2]
  -------------------------------------------------------------------
                         required time                         80.390    <hidden>
                         arrival time                          -0.803    <hidden>
  -------------------------------------------------------------------
                         slack                                 79.587    <hidden>

Slack (MET) :             79.794ns  (required time - arrival time)
  Source:                 u_div/cnt_reg[0]/C
                            (rising edge-triggered cell FDCE clocked by clk_out1_clk_wiz_audio  {rise@0.000ns fall@40.690ns period=81.380ns})
  Destination:            u_div/cnt_reg[1]/D
                            (rising edge-triggered cell FDCE clocked by clk_out1_clk_wiz_audio_1  {rise@0.000ns fall@40.690ns period=81.380ns})
  Path Group:             clk_out1_clk_wiz_audio_1
  Path Type:              Setup (Max at Slow Process Corner)
  Requirement:            81.380ns  (clk_out1_clk_wiz_audio_1 rise@81.380ns - clk_out1_clk_wiz_audio rise@0.000ns)
  Data Path Delay:        1.423ns  (logic 0.642ns (45.111%)  route 0.781ns (54.889%))
  Logic Levels:           1  (LUT2=1)
  Clock Path Skew:        0.000ns (DCD - SCD + CPR)
    Destination Clock Delay (DCD):    -1.497ns = ( 79.883 - 81.380 ) 
    Source Clock Delay      (SCD):    -0.868ns
    Clock Pessimism Removal (CPR):    0.629ns
  Clock Uncertainty:      0.240ns  ((TSJ^2 + DJ^2)^1/2) / 2 + PE
    Total System Jitter     (TSJ):    0.071ns
    Discrete Jitter          (DJ):    0.474ns
    Phase Error              (PE):    0.000ns
  Clock Domain Crossing:  Inter clock paths are considered valid unless explicitly excluded by timing constraints such as set_clock_groups or set_false_path.

    Location             Delay type                Incr(ns)  Path(ns)    Netlist Resource(s)
  -------------------------------------------------------------------    -------------------
                         (clock clk_out1_clk_wiz_audio rise edge)
                                                      0.000     0.000 r  <hidden>
    H16                                               0.000     0.000 r  sysclk
                         net (fo=0)                   0.000     0.000    u_mmcm/inst/clk_in1
    H16                  IBUF (Prop_ibuf_I_O)         1.451     1.451 r  u_mmcm/inst/clkin1_ibufg/O
                         net (fo=1, routed)           1.285     2.736    u_mmcm/inst/clk_in1_clk_wiz_audio
    MMCME2_ADV_X1Y2      MMCME2_ADV (Prop_mmcme2_adv_CLKIN1_CLKOUT0)
                                                     -7.759    -5.023 r  u_mmcm/inst/mmcm_adv_inst/CLKOUT0
                         net (fo=1, routed)           2.206    -2.817    u_mmcm/inst/clk_out1_clk_wiz_audio
    BUFGCTRL_X0Y16       BUFG (Prop_bufg_I_O)         0.101    -2.716 r  u_mmcm/inst/clkout1_buf/O
                         net (fo=10, routed)          1.848    -0.868    u_div/clk
    SLICE_X112Y72        FDCE                                         r  u_div/cnt_reg[0]/C
  -------------------------------------------------------------------    -------------------
    SLICE_X112Y72        FDCE (Prop_fdce_C_Q)         0.518    -0.350 r  u_div/cnt_reg[0]/Q
                         net (fo=7, routed)           0.781     0.431    u_div/cnt_reg_n_0_[0]
    SLICE_X112Y72        LUT2 (Prop_lut2_I0_O)        0.124     0.555 r  u_div/cnt[1]_i_1/O
                         net (fo=1, routed)           0.000     0.555    u_div/p_0_in[1]
    SLICE_X112Y72        FDCE                                         r  u_div/cnt_reg[1]/D
  -------------------------------------------------------------------    -------------------

                         (clock clk_out1_clk_wiz_audio_1 rise edge)
                                                     81.380    81.380 r  <hidden>
    H16                                               0.000    81.380 r  sysclk
                         net (fo=0)                   0.000    81.380    u_mmcm/inst/clk_in1
    H16                  IBUF (Prop_ibuf_I_O)         1.380    82.760 r  u_mmcm/inst/clkin1_ibufg/O
                         net (fo=1, routed)           1.162    83.922    u_mmcm/inst/clk_in1_clk_wiz_audio
    MMCME2_ADV_X1Y2      MMCME2_ADV (Prop_mmcme2_adv_CLKIN1_CLKOUT0)
                                                     -7.814    76.108 r  u_mmcm/inst/mmcm_adv_inst/CLKOUT0
                         net (fo=1, routed)           2.012    78.120    u_mmcm/inst/clk_out1_clk_wiz_audio
    BUFGCTRL_X0Y16       BUFG (Prop_bufg_I_O)         0.091    78.211 r  u_mmcm/inst/clkout1_buf/O
                         net (fo=10, routed)          1.672    79.883    u_div/clk
    SLICE_X112Y72        FDCE                                         r  u_div/cnt_reg[1]/C
                         clock pessimism              0.629    80.512    <hidden>
                         clock uncertainty           -0.240    80.272    <hidden>
    SLICE_X112Y72        FDCE (Setup_fdce_C_D)        0.077    80.349    u_div/cnt_reg[1]
  -------------------------------------------------------------------
                         required time                         80.349    <hidden>
                         arrival time                          -0.555    <hidden>
  -------------------------------------------------------------------
                         slack                                 79.794    <hidden>





Min Delay Paths
--------------------------------------------------------------------------------------
Slack (MET) :             0.028ns  (arrival time - required time)
  Source:                 u_div/cnt_reg[1]/C
                            (rising edge-triggered cell FDCE clocked by clk_out1_clk_wiz_audio  {rise@0.000ns fall@40.690ns period=81.380ns})
  Destination:            u_div/cnt_reg[2]/D
                            (rising edge-triggered cell FDCE clocked by clk_out1_clk_wiz_audio_1  {rise@0.000ns fall@40.690ns period=81.380ns})
  Path Group:             clk_out1_clk_wiz_audio_1
  Path Type:              Hold (Min at Fast Process Corner)
  Requirement:            0.000ns  (clk_out1_clk_wiz_audio_1 rise@0.000ns - clk_out1_clk_wiz_audio rise@0.000ns)
  Data Path Delay:        0.399ns  (logic 0.207ns (51.901%)  route 0.192ns (48.099%))
  Logic Levels:           1  (LUT3=1)
  Clock Path Skew:        0.000ns (DCD - SCD - CPR)
    Destination Clock Delay (DCD):    -0.845ns
    Source Clock Delay      (SCD):    -0.605ns
    Clock Pessimism Removal (CPR):    -0.239ns
  Clock Uncertainty:      0.240ns  ((TSJ^2 + DJ^2)^1/2) / 2 + PE
    Total System Jitter     (TSJ):    0.071ns
    Discrete Jitter          (DJ):    0.474ns
    Phase Error              (PE):    0.000ns
  Clock Domain Crossing:  Inter clock paths are considered valid unless explicitly excluded by timing constraints such as set_clock_groups or set_false_path.

    Location             Delay type                Incr(ns)  Path(ns)    Netlist Resource(s)
  -------------------------------------------------------------------    -------------------
                         (clock clk_out1_clk_wiz_audio rise edge)
                                                      0.000     0.000 r  <hidden>
    H16                                               0.000     0.000 r  sysclk
                         net (fo=0)                   0.000     0.000    u_mmcm/inst/clk_in1
    H16                  IBUF (Prop_ibuf_I_O)         0.219     0.219 r  u_mmcm/inst/clkin1_ibufg/O
                         net (fo=1, routed)           0.440     0.659    u_mmcm/inst/clk_in1_clk_wiz_audio
    MMCME2_ADV_X1Y2      MMCME2_ADV (Prop_mmcme2_adv_CLKIN1_CLKOUT0)
                                                     -2.613    -1.954 r  u_mmcm/inst/mmcm_adv_inst/CLKOUT0
                         net (fo=1, routed)           0.696    -1.257    u_mmcm/inst/clk_out1_clk_wiz_audio
    BUFGCTRL_X0Y16       BUFG (Prop_bufg_I_O)         0.026    -1.231 r  u_mmcm/inst/clkout1_buf/O
                         net (fo=10, routed)          0.626    -0.605    u_div/clk
    SLICE_X112Y72        FDCE                                         r  u_div/cnt_reg[1]/C
  -------------------------------------------------------------------    -------------------
    SLICE_X112Y72        FDCE (Prop_fdce_C_Q)         0.164    -0.441 r  u_div/cnt_reg[1]/Q
                         net (fo=8, routed)           0.192    -0.250    u_div/out[0]
    SLICE_X112Y72        LUT3 (Prop_lut3_I1_O)        0.043    -0.207 r  u_div/cnt[2]_i_1/O
                         net (fo=1, routed)           0.000    -0.207    u_div/p_0_in[2]
    SLICE_X112Y72        FDCE                                         r  u_div/cnt_reg[2]/D
  -------------------------------------------------------------------    -------------------

                         (clock clk_out1_clk_wiz_audio_1 rise edge)
                                                      0.000     0.000 r  <hidden>
    H16                                               0.000     0.000 r  sysclk
                         net (fo=0)                   0.000     0.000    u_mmcm/inst/clk_in1
    H16                  IBUF (Prop_ibuf_I_O)         0.406     0.406 r  u_mmcm/inst/clkin1_ibufg/O
                         net (fo=1, routed)           0.480     0.886    u_mmcm/inst/clk_in1_clk_wiz_audio
    MMCME2_ADV_X1Y2      MMCME2_ADV (Prop_mmcme2_adv_CLKIN1_CLKOUT0)
                                                     -3.407    -2.521 r  u_mmcm/inst/mmcm_adv_inst/CLKOUT0
                         net (fo=1, routed)           0.752    -1.769    u_mmcm/inst/clk_out1_clk_wiz_audio
    BUFGCTRL_X0Y16       BUFG (Prop_bufg_I_O)         0.029    -1.740 r  u_mmcm/inst/clkout1_buf/O
                         net (fo=10, routed)          0.895    -0.845    u_div/clk
    SLICE_X112Y72        FDCE                                         r  u_div/cnt_reg[2]/C
                         clock pessimism              0.239    -0.605    <hidden>
                         clock uncertainty            0.240    -0.366    <hidden>
    SLICE_X112Y72        FDCE (Hold_fdce_C_D)         0.131    -0.235    u_div/cnt_reg[2]
  -------------------------------------------------------------------
                         required time                          0.235    <hidden>
                         arrival time                          -0.207    <hidden>
  -------------------------------------------------------------------
                         slack                                  0.028    <hidden>

Slack (MET) :             0.041ns  (arrival time - required time)
  Source:                 u_div/cnt_reg[1]/C
                            (rising edge-triggered cell FDCE clocked by clk_out1_clk_wiz_audio  {rise@0.000ns fall@40.690ns period=81.380ns})
  Destination:            u_div/cnt_reg[1]/D
                            (rising edge-triggered cell FDCE clocked by clk_out1_clk_wiz_audio_1  {rise@0.000ns fall@40.690ns period=81.380ns})
  Path Group:             clk_out1_clk_wiz_audio_1
  Path Type:              Hold (Min at Fast Process Corner)
  Requirement:            0.000ns  (clk_out1_clk_wiz_audio_1 rise@0.000ns - clk_out1_clk_wiz_audio rise@0.000ns)
  Data Path Delay:        0.401ns  (logic 0.209ns (52.141%)  route 0.192ns (47.859%))
  Logic Levels:           1  (LUT2=1)
  Clock Path Skew:        0.000ns (DCD - SCD - CPR)
    Destination Clock Delay (DCD):    -0.845ns
    Source Clock Delay      (SCD):    -0.605ns
    Clock Pessimism Removal (CPR):    -0.239ns
  Clock Uncertainty:      0.240ns  ((TSJ^2 + DJ^2)^1/2) / 2 + PE
    Total System Jitter     (TSJ):    0.071ns
    Discrete Jitter          (DJ):    0.474ns
    Phase Error              (PE):    0.000ns
  Clock Domain Crossing:  Inter clock paths are considered valid unless explicitly excluded by timing constraints such as set_clock_groups or set_false_path.

    Location             Delay type                Incr(ns)  Path(ns)    Netlist Resource(s)
  -------------------------------------------------------------------    -------------------
                         (clock clk_out1_clk_wiz_audio rise edge)
                                                      0.000     0.000 r  <hidden>
    H16                                               0.000     0.000 r  sysclk
                         net (fo=0)                   0.000     0.000    u_mmcm/inst/clk_in1
    H16                  IBUF (Prop_ibuf_I_O)         0.219     0.219 r  u_mmcm/inst/clkin1_ibufg/O
                         net (fo=1, routed)           0.440     0.659    u_mmcm/inst/clk_in1_clk_wiz_audio
    MMCME2_ADV_X1Y2      MMCME2_ADV (Prop_mmcme2_adv_CLKIN1_CLKOUT0)
                                                     -2.613    -1.954 r  u_mmcm/inst/mmcm_adv_inst/CLKOUT0
                         net (fo=1, routed)           0.696    -1.257    u_mmcm/inst/clk_out1_clk_wiz_audio
    BUFGCTRL_X0Y16       BUFG (Prop_bufg_I_O)         0.026    -1.231 r  u_mmcm/inst/clkout1_buf/O
                         net (fo=10, routed)          0.626    -0.605    u_div/clk
    SLICE_X112Y72        FDCE                                         r  u_div/cnt_reg[1]/C
  -------------------------------------------------------------------    -------------------
    SLICE_X112Y72        FDCE (Prop_fdce_C_Q)         0.164    -0.441 r  u_div/cnt_reg[1]/Q
                         net (fo=8, routed)           0.192    -0.250    u_div/out[0]
    SLICE_X112Y72        LUT2 (Prop_lut2_I1_O)        0.045    -0.205 r  u_div/cnt[1]_i_1/O
                         net (fo=1, routed)           0.000    -0.205    u_div/p_0_in[1]
    SLICE_X112Y72        FDCE                                         r  u_div/cnt_reg[1]/D
  -------------------------------------------------------------------    -------------------

                         (clock clk_out1_clk_wiz_audio_1 rise edge)
                                                      0.000     0.000 r  <hidden>
    H16                                               0.000     0.000 r  sysclk
                         net (fo=0)                   0.000     0.000    u_mmcm/inst/clk_in1
    H16                  IBUF (Prop_ibuf_I_O)         0.406     0.406 r  u_mmcm/inst/clkin1_ibufg/O
                         net (fo=1, routed)           0.480     0.886    u_mmcm/inst/clk_in1_clk_wiz_audio
    MMCME2_ADV_X1Y2      MMCME2_ADV (Prop_mmcme2_adv_CLKIN1_CLKOUT0)
                                                     -3.407    -2.521 r  u_mmcm/inst/mmcm_adv_inst/CLKOUT0
                         net (fo=1, routed)           0.752    -1.769    u_mmcm/inst/clk_out1_clk_wiz_audio
    BUFGCTRL_X0Y16       BUFG (Prop_bufg_I_O)         0.029    -1.740 r  u_mmcm/inst/clkout1_buf/O
                         net (fo=10, routed)          0.895    -0.845    u_div/clk
    SLICE_X112Y72        FDCE                                         r  u_div/cnt_reg[1]/C
                         clock pessimism              0.239    -0.605    <hidden>
                         clock uncertainty            0.240    -0.366    <hidden>
    SLICE_X112Y72        FDCE (Hold_fdce_C_D)         0.120    -0.246    u_div/cnt_reg[1]
  -------------------------------------------------------------------
                         required time                          0.246    <hidden>
                         arrival time                          -0.205    <hidden>
  -------------------------------------------------------------------
                         slack                                  0.041    <hidden>

Slack (MET) :             0.063ns  (arrival time - required time)
  Source:                 u_div/cnt_reg[4]/C
                            (rising edge-triggered cell FDCE clocked by clk_out1_clk_wiz_audio  {rise@0.000ns fall@40.690ns period=81.380ns})
  Destination:            u_div/cnt_reg[5]/D
                            (rising edge-triggered cell FDCE clocked by clk_out1_clk_wiz_audio_1  {rise@0.000ns fall@40.690ns period=81.380ns})
  Path Group:             clk_out1_clk_wiz_audio_1
  Path Type:              Hold (Min at Fast Process Corner)
  Requirement:            0.000ns  (clk_out1_clk_wiz_audio_1 rise@0.000ns - clk_out1_clk_wiz_audio rise@0.000ns)
  Data Path Delay:        0.395ns  (logic 0.227ns (57.474%)  route 0.168ns (42.526%))
  Logic Levels:           1  (LUT6=1)
  Clock Path Skew:        0.000ns (DCD - SCD - CPR)
    Destination Clock Delay (DCD):    -0.845ns
    Source Clock Delay      (SCD):    -0.605ns
    Clock Pessimism Removal (CPR):    -0.239ns
  Clock Uncertainty:      0.240ns  ((TSJ^2 + DJ^2)^1/2) / 2 + PE
    Total System Jitter     (TSJ):    0.071ns
    Discrete Jitter          (DJ):    0.474ns
    Phase Error              (PE):    0.000ns
  Clock Domain Crossing:  Inter clock paths are considered valid unless explicitly excluded by timing constraints such as set_clock_groups or set_false_path.

    Location             Delay type                Incr(ns)  Path(ns)    Netlist Resource(s)
  -------------------------------------------------------------------    -------------------
                         (clock clk_out1_clk_wiz_audio rise edge)
                                                      0.000     0.000 r  <hidden>
    H16                                               0.000     0.000 r  sysclk
                         net (fo=0)                   0.000     0.000    u_mmcm/inst/clk_in1
    H16                  IBUF (Prop_ibuf_I_O)         0.219     0.219 r  u_mmcm/inst/clkin1_ibufg/O
                         net (fo=1, routed)           0.440     0.659    u_mmcm/inst/clk_in1_clk_wiz_audio
    MMCME2_ADV_X1Y2      MMCME2_ADV (Prop_mmcme2_adv_CLKIN1_CLKOUT0)
                                                     -2.613    -1.954 r  u_mmcm/inst/mmcm_adv_inst/CLKOUT0
                         net (fo=1, routed)           0.696    -1.257    u_mmcm/inst/clk_out1_clk_wiz_audio
    BUFGCTRL_X0Y16       BUFG (Prop_bufg_I_O)         0.026    -1.231 r  u_mmcm/inst/clkout1_buf/O
                         net (fo=10, routed)          0.626    -0.605    u_div/clk
    SLICE_X113Y72        FDCE                                         r  u_div/cnt_reg[4]/C
  -------------------------------------------------------------------    -------------------
    SLICE_X113Y72        FDCE (Prop_fdce_C_Q)         0.128    -0.477 r  u_div/cnt_reg[4]/Q
                         net (fo=3, routed)           0.168    -0.309    u_div/cnt_reg_n_0_[4]
    SLICE_X113Y72        LUT6 (Prop_lut6_I4_O)        0.099    -0.210 r  u_div/cnt[5]_i_1/O
                         net (fo=1, routed)           0.000    -0.210    u_div/p_0_in[5]
    SLICE_X113Y72        FDCE                                         r  u_div/cnt_reg[5]/D
  -------------------------------------------------------------------    -------------------

                         (clock clk_out1_clk_wiz_audio_1 rise edge)
                                                      0.000     0.000 r  <hidden>
    H16                                               0.000     0.000 r  sysclk
                         net (fo=0)                   0.000     0.000    u_mmcm/inst/clk_in1
    H16                  IBUF (Prop_ibuf_I_O)         0.406     0.406 r  u_mmcm/inst/clkin1_ibufg/O
                         net (fo=1, routed)           0.480     0.886    u_mmcm/inst/clk_in1_clk_wiz_audio
    MMCME2_ADV_X1Y2      MMCME2_ADV (Prop_mmcme2_adv_CLKIN1_CLKOUT0)
                                                     -3.407    -2.521 r  u_mmcm/inst/mmcm_adv_inst/CLKOUT0
                         net (fo=1, routed)           0.752    -1.769    u_mmcm/inst/clk_out1_clk_wiz_audio
    BUFGCTRL_X0Y16       BUFG (Prop_bufg_I_O)         0.029    -1.740 r  u_mmcm/inst/clkout1_buf/O
                         net (fo=10, routed)          0.895    -0.845    u_div/clk
    SLICE_X113Y72        FDCE                                         r  u_div/cnt_reg[5]/C
                         clock pessimism              0.239    -0.605    <hidden>
                         clock uncertainty            0.240    -0.366    <hidden>
    SLICE_X113Y72        FDCE (Hold_fdce_C_D)         0.092    -0.274    u_div/cnt_reg[5]
  -------------------------------------------------------------------
                         required time                          0.274    <hidden>
                         arrival time                          -0.210    <hidden>
  -------------------------------------------------------------------
                         slack                                  0.063    <hidden>

Slack (MET) :             0.103ns  (arrival time - required time)
  Source:                 u_div/cnt_reg[0]/C
                            (rising edge-triggered cell FDCE clocked by clk_out1_clk_wiz_audio  {rise@0.000ns fall@40.690ns period=81.380ns})
  Destination:            u_div/cnt_reg[7]/D
                            (rising edge-triggered cell FDCE clocked by clk_out1_clk_wiz_audio_1  {rise@0.000ns fall@40.690ns period=81.380ns})
  Path Group:             clk_out1_clk_wiz_audio_1
  Path Type:              Hold (Min at Fast Process Corner)
  Requirement:            0.000ns  (clk_out1_clk_wiz_audio_1 rise@0.000ns - clk_out1_clk_wiz_audio rise@0.000ns)
  Data Path Delay:        0.463ns  (logic 0.258ns (55.766%)  route 0.205ns (44.234%))
  Logic Levels:           2  (LUT3=1 LUT6=1)
  Clock Path Skew:        0.013ns (DCD - SCD - CPR)
    Destination Clock Delay (DCD):    -0.845ns
    Source Clock Delay      (SCD):    -0.605ns
    Clock Pessimism Removal (CPR):    -0.252ns
  Clock Uncertainty:      0.240ns  ((TSJ^2 + DJ^2)^1/2) / 2 + PE
    Total System Jitter     (TSJ):    0.071ns
    Discrete Jitter          (DJ):    0.474ns
    Phase Error              (PE):    0.000ns
  Clock Domain Crossing:  Inter clock paths are considered valid unless explicitly excluded by timing constraints such as set_clock_groups or set_false_path.

    Location             Delay type                Incr(ns)  Path(ns)    Netlist Resource(s)
  -------------------------------------------------------------------    -------------------
                         (clock clk_out1_clk_wiz_audio rise edge)
                                                      0.000     0.000 r  <hidden>
    H16                                               0.000     0.000 r  sysclk
                         net (fo=0)                   0.000     0.000    u_mmcm/inst/clk_in1
    H16                  IBUF (Prop_ibuf_I_O)         0.219     0.219 r  u_mmcm/inst/clkin1_ibufg/O
                         net (fo=1, routed)           0.440     0.659    u_mmcm/inst/clk_in1_clk_wiz_audio
    MMCME2_ADV_X1Y2      MMCME2_ADV (Prop_mmcme2_adv_CLKIN1_CLKOUT0)
                                                     -2.613    -1.954 r  u_mmcm/inst/mmcm_adv_inst/CLKOUT0
                         net (fo=1, routed)           0.696    -1.257    u_mmcm/inst/clk_out1_clk_wiz_audio
    BUFGCTRL_X0Y16       BUFG (Prop_bufg_I_O)         0.026    -1.231 r  u_mmcm/inst/clkout1_buf/O
                         net (fo=10, routed)          0.626    -0.605    u_div/clk
    SLICE_X112Y72        FDCE                                         r  u_div/cnt_reg[0]/C
  -------------------------------------------------------------------    -------------------
    SLICE_X112Y72        FDCE (Prop_fdce_C_Q)         0.164    -0.441 r  u_div/cnt_reg[0]/Q
                         net (fo=7, routed)           0.066    -0.376    u_div/cnt_reg_n_0_[0]
    SLICE_X113Y72        LUT6 (Prop_lut6_I3_O)        0.045    -0.331 r  u_div/cnt[7]_i_3/O
                         net (fo=2, routed)           0.139    -0.192    u_div/cnt[7]_i_3_n_0
    SLICE_X113Y72        LUT3 (Prop_lut3_I0_O)        0.049    -0.143 r  u_div/cnt[7]_i_1/O
                         net (fo=1, routed)           0.000    -0.143    u_div/p_0_in[7]
    SLICE_X113Y72        FDCE                                         r  u_div/cnt_reg[7]/D
  -------------------------------------------------------------------    -------------------

                         (clock clk_out1_clk_wiz_audio_1 rise edge)
                                                      0.000     0.000 r  <hidden>
    H16                                               0.000     0.000 r  sysclk
                         net (fo=0)                   0.000     0.000    u_mmcm/inst/clk_in1
    H16                  IBUF (Prop_ibuf_I_O)         0.406     0.406 r  u_mmcm/inst/clkin1_ibufg/O
                         net (fo=1, routed)           0.480     0.886    u_mmcm/inst/clk_in1_clk_wiz_audio
    MMCME2_ADV_X1Y2      MMCME2_ADV (Prop_mmcme2_adv_CLKIN1_CLKOUT0)
                                                     -3.407    -2.521 r  u_mmcm/inst/mmcm_adv_inst/CLKOUT0
                         net (fo=1, routed)           0.752    -1.769    u_mmcm/inst/clk_out1_clk_wiz_audio
    BUFGCTRL_X0Y16       BUFG (Prop_bufg_I_O)         0.029    -1.740 r  u_mmcm/inst/clkout1_buf/O
                         net (fo=10, routed)          0.895    -0.845    u_div/clk
    SLICE_X113Y72        FDCE                                         r  u_div/cnt_reg[7]/C
                         clock pessimism              0.252    -0.592    <hidden>
                         clock uncertainty            0.240    -0.353    <hidden>
    SLICE_X113Y72        FDCE (Hold_fdce_C_D)         0.107    -0.246    u_div/cnt_reg[7]
  -------------------------------------------------------------------
                         required time                          0.246    <hidden>
                         arrival time                          -0.143    <hidden>
  -------------------------------------------------------------------
                         slack                                  0.103    <hidden>

Slack (MET) :             0.109ns  (arrival time - required time)
  Source:                 u_div/cnt_reg[2]/C
                            (rising edge-triggered cell FDCE clocked by clk_out1_clk_wiz_audio  {rise@0.000ns fall@40.690ns period=81.380ns})
  Destination:            u_div/cnt_reg[4]/D
                            (rising edge-triggered cell FDCE clocked by clk_out1_clk_wiz_audio_1  {rise@0.000ns fall@40.690ns period=81.380ns})
  Path Group:             clk_out1_clk_wiz_audio_1
  Path Type:              Hold (Min at Fast Process Corner)
  Requirement:            0.000ns  (clk_out1_clk_wiz_audio_1 rise@0.000ns - clk_out1_clk_wiz_audio rise@0.000ns)
  Data Path Delay:        0.468ns  (logic 0.247ns (52.753%)  route 0.221ns (47.247%))
  Logic Levels:           1  (LUT5=1)
  Clock Path Skew:        0.013ns (DCD - SCD - CPR)
    Destination Clock Delay (DCD):    -0.845ns
    Source Clock Delay      (SCD):    -0.605ns
    Clock Pessimism Removal (CPR):    -0.252ns
  Clock Uncertainty:      0.240ns  ((TSJ^2 + DJ^2)^1/2) / 2 + PE
    Total System Jitter     (TSJ):    0.071ns
    Discrete Jitter          (DJ):    0.474ns
    Phase Error              (PE):    0.000ns
  Clock Domain Crossing:  Inter clock paths are considered valid unless explicitly excluded by timing constraints such as set_clock_groups or set_false_path.

    Location             Delay type                Incr(ns)  Path(ns)    Netlist Resource(s)
  -------------------------------------------------------------------    -------------------
                         (clock clk_out1_clk_wiz_audio rise edge)
                                                      0.000     0.000 r  <hidden>
    H16                                               0.000     0.000 r  sysclk
                         net (fo=0)                   0.000     0.000    u_mmcm/inst/clk_in1
    H16                  IBUF (Prop_ibuf_I_O)         0.219     0.219 r  u_mmcm/inst/clkin1_ibufg/O
                         net (fo=1, routed)           0.440     0.659    u_mmcm/inst/clk_in1_clk_wiz_audio
    MMCME2_ADV_X1Y2      MMCME2_ADV (Prop_mmcme2_adv_CLKIN1_CLKOUT0)
                                                     -2.613    -1.954 r  u_mmcm/inst/mmcm_adv_inst/CLKOUT0
                         net (fo=1, routed)           0.696    -1.257    u_mmcm/inst/clk_out1_clk_wiz_audio
    BUFGCTRL_X0Y16       BUFG (Prop_bufg_I_O)         0.026    -1.231 r  u_mmcm/inst/clkout1_buf/O
                         net (fo=10, routed)          0.626    -0.605    u_div/clk
    SLICE_X112Y72        FDCE                                         r  u_div/cnt_reg[2]/C
  -------------------------------------------------------------------    -------------------
    SLICE_X112Y72        FDCE (Prop_fdce_C_Q)         0.148    -0.457 r  u_div/cnt_reg[2]/Q
                         net (fo=5, routed)           0.221    -0.236    u_div/cnt_reg_n_0_[2]
    SLICE_X113Y72        LUT5 (Prop_lut5_I0_O)        0.099    -0.137 r  u_div/cnt[4]_i_1/O
                         net (fo=1, routed)           0.000    -0.137    u_div/p_0_in[4]
    SLICE_X113Y72        FDCE                                         r  u_div/cnt_reg[4]/D
  -------------------------------------------------------------------    -------------------

                         (clock clk_out1_clk_wiz_audio_1 rise edge)
                                                      0.000     0.000 r  <hidden>
    H16                                               0.000     0.000 r  sysclk
                         net (fo=0)                   0.000     0.000    u_mmcm/inst/clk_in1
    H16                  IBUF (Prop_ibuf_I_O)         0.406     0.406 r  u_mmcm/inst/clkin1_ibufg/O
                         net (fo=1, routed)           0.480     0.886    u_mmcm/inst/clk_in1_clk_wiz_audio
    MMCME2_ADV_X1Y2      MMCME2_ADV (Prop_mmcme2_adv_CLKIN1_CLKOUT0)
                                                     -3.407    -2.521 r  u_mmcm/inst/mmcm_adv_inst/CLKOUT0
                         net (fo=1, routed)           0.752    -1.769    u_mmcm/inst/clk_out1_clk_wiz_audio
    BUFGCTRL_X0Y16       BUFG (Prop_bufg_I_O)         0.029    -1.740 r  u_mmcm/inst/clkout1_buf/O
                         net (fo=10, routed)          0.895    -0.845    u_div/clk
    SLICE_X113Y72        FDCE                                         r  u_div/cnt_reg[4]/C
                         clock pessimism              0.252    -0.592    <hidden>
                         clock uncertainty            0.240    -0.353    <hidden>
    SLICE_X113Y72        FDCE (Hold_fdce_C_D)         0.107    -0.246    u_div/cnt_reg[4]
  -------------------------------------------------------------------
                         required time                          0.246    <hidden>
                         arrival time                          -0.137    <hidden>
  -------------------------------------------------------------------
                         slack                                  0.109    <hidden>

Slack (MET) :             0.114ns  (arrival time - required time)
  Source:                 u_div/cnt_reg[0]/C
                            (rising edge-triggered cell FDCE clocked by clk_out1_clk_wiz_audio  {rise@0.000ns fall@40.690ns period=81.380ns})
  Destination:            u_div/cnt_reg[6]/D
                            (rising edge-triggered cell FDCE clocked by clk_out1_clk_wiz_audio_1  {rise@0.000ns fall@40.690ns period=81.380ns})
  Path Group:             clk_out1_clk_wiz_audio_1
  Path Type:              Hold (Min at Fast Process Corner)
  Requirement:            0.000ns  (clk_out1_clk_wiz_audio_1 rise@0.000ns - clk_out1_clk_wiz_audio rise@0.000ns)
  Data Path Delay:        0.459ns  (logic 0.254ns (55.381%)  route 0.205ns (44.620%))
  Logic Levels:           2  (LUT2=1 LUT6=1)
  Clock Path Skew:        0.013ns (DCD - SCD - CPR)
    Destination Clock Delay (DCD):    -0.845ns
    Source Clock Delay      (SCD):    -0.605ns
    Clock Pessimism Removal (CPR):    -0.252ns
  Clock Uncertainty:      0.240ns  ((TSJ^2 + DJ^2)^1/2) / 2 + PE
    Total System Jitter     (TSJ):    0.071ns
    Discrete Jitter          (DJ):    0.474ns
    Phase Error              (PE):    0.000ns
  Clock Domain Crossing:  Inter clock paths are considered valid unless explicitly excluded by timing constraints such as set_clock_groups or set_false_path.

    Location             Delay type                Incr(ns)  Path(ns)    Netlist Resource(s)
  -------------------------------------------------------------------    -------------------
                         (clock clk_out1_clk_wiz_audio rise edge)
                                                      0.000     0.000 r  <hidden>
    H16                                               0.000     0.000 r  sysclk
                         net (fo=0)                   0.000     0.000    u_mmcm/inst/clk_in1
    H16                  IBUF (Prop_ibuf_I_O)         0.219     0.219 r  u_mmcm/inst/clkin1_ibufg/O
                         net (fo=1, routed)           0.440     0.659    u_mmcm/inst/clk_in1_clk_wiz_audio
    MMCME2_ADV_X1Y2      MMCME2_ADV (Prop_mmcme2_adv_CLKIN1_CLKOUT0)
                                                     -2.613    -1.954 r  u_mmcm/inst/mmcm_adv_inst/CLKOUT0
                         net (fo=1, routed)           0.696    -1.257    u_mmcm/inst/clk_out1_clk_wiz_audio
    BUFGCTRL_X0Y16       BUFG (Prop_bufg_I_O)         0.026    -1.231 r  u_mmcm/inst/clkout1_buf/O
                         net (fo=10, routed)          0.626    -0.605    u_div/clk
    SLICE_X112Y72        FDCE                                         r  u_div/cnt_reg[0]/C
  -------------------------------------------------------------------    -------------------
    SLICE_X112Y72        FDCE (Prop_fdce_C_Q)         0.164    -0.441 r  u_div/cnt_reg[0]/Q
                         net (fo=7, routed)           0.066    -0.376    u_div/cnt_reg_n_0_[0]
    SLICE_X113Y72        LUT6 (Prop_lut6_I3_O)        0.045    -0.331 r  u_div/cnt[7]_i_3/O
                         net (fo=2, routed)           0.139    -0.192    u_div/cnt[7]_i_3_n_0
    SLICE_X113Y72        LUT2 (Prop_lut2_I0_O)        0.045    -0.147 r  u_div/cnt[6]_i_1/O
                         net (fo=1, routed)           0.000    -0.147    u_div/p_0_in[6]
    SLICE_X113Y72        FDCE                                         r  u_div/cnt_reg[6]/D
  -------------------------------------------------------------------    -------------------

                         (clock clk_out1_clk_wiz_audio_1 rise edge)
                                                      0.000     0.000 r  <hidden>
    H16                                               0.000     0.000 r  sysclk
                         net (fo=0)                   0.000     0.000    u_mmcm/inst/clk_in1
    H16                  IBUF (Prop_ibuf_I_O)         0.406     0.406 r  u_mmcm/inst/clkin1_ibufg/O
                         net (fo=1, routed)           0.480     0.886    u_mmcm/inst/clk_in1_clk_wiz_audio
    MMCME2_ADV_X1Y2      MMCME2_ADV (Prop_mmcme2_adv_CLKIN1_CLKOUT0)
                                                     -3.407    -2.521 r  u_mmcm/inst/mmcm_adv_inst/CLKOUT0
                         net (fo=1, routed)           0.752    -1.769    u_mmcm/inst/clk_out1_clk_wiz_audio
    BUFGCTRL_X0Y16       BUFG (Prop_bufg_I_O)         0.029    -1.740 r  u_mmcm/inst/clkout1_buf/O
                         net (fo=10, routed)          0.895    -0.845    u_div/clk
    SLICE_X113Y72        FDCE                                         r  u_div/cnt_reg[6]/C
                         clock pessimism              0.252    -0.592    <hidden>
                         clock uncertainty            0.240    -0.353    <hidden>
    SLICE_X113Y72        FDCE (Hold_fdce_C_D)         0.092    -0.261    u_div/cnt_reg[6]
  -------------------------------------------------------------------
                         required time                          0.261    <hidden>
                         arrival time                          -0.147    <hidden>
  -------------------------------------------------------------------
                         slack                                  0.114    <hidden>

Slack (MET) :             0.124ns  (arrival time - required time)
  Source:                 u_div/cnt_reg[2]/C
                            (rising edge-triggered cell FDCE clocked by clk_out1_clk_wiz_audio  {rise@0.000ns fall@40.690ns period=81.380ns})
  Destination:            u_div/cnt_reg[3]/D
                            (rising edge-triggered cell FDCE clocked by clk_out1_clk_wiz_audio_1  {rise@0.000ns fall@40.690ns period=81.380ns})
  Path Group:             clk_out1_clk_wiz_audio_1
  Path Type:              Hold (Min at Fast Process Corner)
  Requirement:            0.000ns  (clk_out1_clk_wiz_audio_1 rise@0.000ns - clk_out1_clk_wiz_audio rise@0.000ns)
  Data Path Delay:        0.467ns  (logic 0.246ns (52.651%)  route 0.221ns (47.349%))
  Logic Levels:           1  (LUT4=1)
  Clock Path Skew:        0.013ns (DCD - SCD - CPR)
    Destination Clock Delay (DCD):    -0.845ns
    Source Clock Delay      (SCD):    -0.605ns
    Clock Pessimism Removal (CPR):    -0.252ns
  Clock Uncertainty:      0.240ns  ((TSJ^2 + DJ^2)^1/2) / 2 + PE
    Total System Jitter     (TSJ):    0.071ns
    Discrete Jitter          (DJ):    0.474ns
    Phase Error              (PE):    0.000ns
  Clock Domain Crossing:  Inter clock paths are considered valid unless explicitly excluded by timing constraints such as set_clock_groups or set_false_path.

    Location             Delay type                Incr(ns)  Path(ns)    Netlist Resource(s)
  -------------------------------------------------------------------    -------------------
                         (clock clk_out1_clk_wiz_audio rise edge)
                                                      0.000     0.000 r  <hidden>
    H16                                               0.000     0.000 r  sysclk
                         net (fo=0)                   0.000     0.000    u_mmcm/inst/clk_in1
    H16                  IBUF (Prop_ibuf_I_O)         0.219     0.219 r  u_mmcm/inst/clkin1_ibufg/O
                         net (fo=1, routed)           0.440     0.659    u_mmcm/inst/clk_in1_clk_wiz_audio
    MMCME2_ADV_X1Y2      MMCME2_ADV (Prop_mmcme2_adv_CLKIN1_CLKOUT0)
                                                     -2.613    -1.954 r  u_mmcm/inst/mmcm_adv_inst/CLKOUT0
                         net (fo=1, routed)           0.696    -1.257    u_mmcm/inst/clk_out1_clk_wiz_audio
    BUFGCTRL_X0Y16       BUFG (Prop_bufg_I_O)         0.026    -1.231 r  u_mmcm/inst/clkout1_buf/O
                         net (fo=10, routed)          0.626    -0.605    u_div/clk
    SLICE_X112Y72        FDCE                                         r  u_div/cnt_reg[2]/C
  -------------------------------------------------------------------    -------------------
    SLICE_X112Y72        FDCE (Prop_fdce_C_Q)         0.148    -0.457 r  u_div/cnt_reg[2]/Q
                         net (fo=5, routed)           0.221    -0.236    u_div/cnt_reg_n_0_[2]
    SLICE_X113Y72        LUT4 (Prop_lut4_I2_O)        0.098    -0.138 r  u_div/cnt[3]_i_1/O
                         net (fo=1, routed)           0.000    -0.138    u_div/p_0_in[3]
    SLICE_X113Y72        FDCE                                         r  u_div/cnt_reg[3]/D
  -------------------------------------------------------------------    -------------------

                         (clock clk_out1_clk_wiz_audio_1 rise edge)
                                                      0.000     0.000 r  <hidden>
    H16                                               0.000     0.000 r  sysclk
                         net (fo=0)                   0.000     0.000    u_mmcm/inst/clk_in1
    H16                  IBUF (Prop_ibuf_I_O)         0.406     0.406 r  u_mmcm/inst/clkin1_ibufg/O
                         net (fo=1, routed)           0.480     0.886    u_mmcm/inst/clk_in1_clk_wiz_audio
    MMCME2_ADV_X1Y2      MMCME2_ADV (Prop_mmcme2_adv_CLKIN1_CLKOUT0)
                                                     -3.407    -2.521 r  u_mmcm/inst/mmcm_adv_inst/CLKOUT0
                         net (fo=1, routed)           0.752    -1.769    u_mmcm/inst/clk_out1_clk_wiz_audio
    BUFGCTRL_X0Y16       BUFG (Prop_bufg_I_O)         0.029    -1.740 r  u_mmcm/inst/clkout1_buf/O
                         net (fo=10, routed)          0.895    -0.845    u_div/clk
    SLICE_X113Y72        FDCE                                         r  u_div/cnt_reg[3]/C
                         clock pessimism              0.252    -0.592    <hidden>
                         clock uncertainty            0.240    -0.353    <hidden>
    SLICE_X113Y72        FDCE (Hold_fdce_C_D)         0.091    -0.262    u_div/cnt_reg[3]
  -------------------------------------------------------------------
                         required time                          0.262    <hidden>
                         arrival time                          -0.138    <hidden>
  -------------------------------------------------------------------
                         slack                                  0.124    <hidden>

Slack (MET) :             0.503ns  (arrival time - required time)
  Source:                 u_div/cnt_reg[0]/C
                            (rising edge-triggered cell FDCE clocked by clk_out1_clk_wiz_audio  {rise@0.000ns fall@40.690ns period=81.380ns})
  Destination:            u_div/cnt_reg[0]/D
                            (rising edge-triggered cell FDCE clocked by clk_out1_clk_wiz_audio_1  {rise@0.000ns fall@40.690ns period=81.380ns})
  Path Group:             clk_out1_clk_wiz_audio_1
  Path Type:              Hold (Min at Fast Process Corner)
  Requirement:            0.000ns  (clk_out1_clk_wiz_audio_1 rise@0.000ns - clk_out1_clk_wiz_audio rise@0.000ns)
  Data Path Delay:        0.864ns  (logic 0.209ns (24.203%)  route 0.655ns (75.797%))
  Logic Levels:           1  (LUT1=1)
  Clock Path Skew:        0.000ns (DCD - SCD - CPR)
    Destination Clock Delay (DCD):    -0.845ns
    Source Clock Delay      (SCD):    -0.605ns
    Clock Pessimism Removal (CPR):    -0.239ns
  Clock Uncertainty:      0.240ns  ((TSJ^2 + DJ^2)^1/2) / 2 + PE
    Total System Jitter     (TSJ):    0.071ns
    Discrete Jitter          (DJ):    0.474ns
    Phase Error              (PE):    0.000ns
  Clock Domain Crossing:  Inter clock paths are considered valid unless explicitly excluded by timing constraints such as set_clock_groups or set_false_path.

    Location             Delay type                Incr(ns)  Path(ns)    Netlist Resource(s)
  -------------------------------------------------------------------    -------------------
                         (clock clk_out1_clk_wiz_audio rise edge)
                                                      0.000     0.000 r  <hidden>
    H16                                               0.000     0.000 r  sysclk
                         net (fo=0)                   0.000     0.000    u_mmcm/inst/clk_in1
    H16                  IBUF (Prop_ibuf_I_O)         0.219     0.219 r  u_mmcm/inst/clkin1_ibufg/O
                         net (fo=1, routed)           0.440     0.659    u_mmcm/inst/clk_in1_clk_wiz_audio
    MMCME2_ADV_X1Y2      MMCME2_ADV (Prop_mmcme2_adv_CLKIN1_CLKOUT0)
                                                     -2.613    -1.954 r  u_mmcm/inst/mmcm_adv_inst/CLKOUT0
                         net (fo=1, routed)           0.696    -1.257    u_mmcm/inst/clk_out1_clk_wiz_audio
    BUFGCTRL_X0Y16       BUFG (Prop_bufg_I_O)         0.026    -1.231 r  u_mmcm/inst/clkout1_buf/O
                         net (fo=10, routed)          0.626    -0.605    u_div/clk
    SLICE_X112Y72        FDCE                                         r  u_div/cnt_reg[0]/C
  -------------------------------------------------------------------    -------------------
    SLICE_X112Y72        FDCE (Prop_fdce_C_Q)         0.164    -0.441 f  u_div/cnt_reg[0]/Q
                         net (fo=7, routed)           0.655     0.213    u_div/cnt_reg_n_0_[0]
    SLICE_X112Y72        LUT1 (Prop_lut1_I0_O)        0.045     0.258 r  u_div/cnt[0]_i_1/O
                         net (fo=1, routed)           0.000     0.258    u_div/p_0_in[0]
    SLICE_X112Y72        FDCE                                         r  u_div/cnt_reg[0]/D
  -------------------------------------------------------------------    -------------------

                         (clock clk_out1_clk_wiz_audio_1 rise edge)
                                                      0.000     0.000 r  <hidden>
    H16                                               0.000     0.000 r  sysclk
                         net (fo=0)                   0.000     0.000    u_mmcm/inst/clk_in1
    H16                  IBUF (Prop_ibuf_I_O)         0.406     0.406 r  u_mmcm/inst/clkin1_ibufg/O
                         net (fo=1, routed)           0.480     0.886    u_mmcm/inst/clk_in1_clk_wiz_audio
    MMCME2_ADV_X1Y2      MMCME2_ADV (Prop_mmcme2_adv_CLKIN1_CLKOUT0)
                                                     -3.407    -2.521 r  u_mmcm/inst/mmcm_adv_inst/CLKOUT0
                         net (fo=1, routed)           0.752    -1.769    u_mmcm/inst/clk_out1_clk_wiz_audio
    BUFGCTRL_X0Y16       BUFG (Prop_bufg_I_O)         0.029    -1.740 r  u_mmcm/inst/clkout1_buf/O
                         net (fo=10, routed)          0.895    -0.845    u_div/clk
    SLICE_X112Y72        FDCE                                         r  u_div/cnt_reg[0]/C
                         clock pessimism              0.239    -0.605    <hidden>
                         clock uncertainty            0.240    -0.366    <hidden>
    SLICE_X112Y72        FDCE (Hold_fdce_C_D)         0.121    -0.245    u_div/cnt_reg[0]
  -------------------------------------------------------------------
                         required time                          0.245    <hidden>
                         arrival time                           0.258    <hidden>
  -------------------------------------------------------------------
                         slack                                  0.503    <hidden>





---------------------------------------------------------------------------------------------------
From Clock:  clk_out1_clk_wiz_audio_1
  To Clock:  clk_out1_clk_wiz_audio

Setup :            0  Failing Endpoints,  Worst Slack       78.316ns,  Total Violation        0.000ns
Hold  :            0  Failing Endpoints,  Worst Slack        0.028ns,  Total Violation        0.000ns
---------------------------------------------------------------------------------------------------


Max Delay Paths
--------------------------------------------------------------------------------------
Slack (MET) :             78.316ns  (required time - arrival time)
  Source:                 u_div/cnt_reg[1]/C
                            (rising edge-triggered cell FDCE clocked by clk_out1_clk_wiz_audio_1  {rise@0.000ns fall@40.690ns period=81.380ns})
  Destination:            u_div/cnt_reg[6]/D
                            (rising edge-triggered cell FDCE clocked by clk_out1_clk_wiz_audio  {rise@0.000ns fall@40.690ns period=81.380ns})
  Path Group:             clk_out1_clk_wiz_audio
  Path Type:              Setup (Max at Slow Process Corner)
  Requirement:            81.380ns  (clk_out1_clk_wiz_audio rise@81.380ns - clk_out1_clk_wiz_audio_1 rise@0.000ns)
  Data Path Delay:        2.833ns  (logic 0.766ns (27.036%)  route 2.067ns (72.964%))
  Logic Levels:           2  (LUT2=1 LUT6=1)
  Clock Path Skew:        -0.022ns (DCD - SCD + CPR)
    Destination Clock Delay (DCD):    -1.497ns = ( 79.883 - 81.380 ) 
    Source Clock Delay      (SCD):    -0.868ns
    Clock Pessimism Removal (CPR):    0.607ns
  Clock Uncertainty:      0.240ns  ((TSJ^2 + DJ^2)^1/2) / 2 + PE
    Total System Jitter     (TSJ):    0.071ns
    Discrete Jitter          (DJ):    0.474ns
    Phase Error              (PE):    0.000ns
  Clock Domain Crossing:  Inter clock paths are considered valid unless explicitly excluded by timing constraints such as set_clock_groups or set_false_path.

    Location             Delay type                Incr(ns)  Path(ns)    Netlist Resource(s)
  -------------------------------------------------------------------    -------------------
                         (clock clk_out1_clk_wiz_audio_1 rise edge)
                                                      0.000     0.000 r  <hidden>
    H16                                               0.000     0.000 r  sysclk
                         net (fo=0)                   0.000     0.000    u_mmcm/inst/clk_in1
    H16                  IBUF (Prop_ibuf_I_O)         1.451     1.451 r  u_mmcm/inst/clkin1_ibufg/O
                         net (fo=1, routed)           1.285     2.736    u_mmcm/inst/clk_in1_clk_wiz_audio
    MMCME2_ADV_X1Y2      MMCME2_ADV (Prop_mmcme2_adv_CLKIN1_CLKOUT0)
                                                     -7.759    -5.023 r  u_mmcm/inst/mmcm_adv_inst/CLKOUT0
                         net (fo=1, routed)           2.206    -2.817    u_mmcm/inst/clk_out1_clk_wiz_audio
    BUFGCTRL_X0Y16       BUFG (Prop_bufg_I_O)         0.101    -2.716 r  u_mmcm/inst/clkout1_buf/O
                         net (fo=10, routed)          1.848    -0.868    u_div/clk
    SLICE_X112Y72        FDCE                                         r  u_div/cnt_reg[1]/C
  -------------------------------------------------------------------    -------------------
    SLICE_X112Y72        FDCE (Prop_fdce_C_Q)         0.518    -0.350 r  u_div/cnt_reg[1]/Q
                         net (fo=8, routed)           1.660     1.310    u_div/out[0]
    SLICE_X113Y72        LUT6 (Prop_lut6_I2_O)        0.124     1.434 r  u_div/cnt[7]_i_3/O
                         net (fo=2, routed)           0.407     1.841    u_div/cnt[7]_i_3_n_0
    SLICE_X113Y72        LUT2 (Prop_lut2_I0_O)        0.124     1.965 r  u_div/cnt[6]_i_1/O
                         net (fo=1, routed)           0.000     1.965    u_div/p_0_in[6]
    SLICE_X113Y72        FDCE                                         r  u_div/cnt_reg[6]/D
  -------------------------------------------------------------------    -------------------

                         (clock clk_out1_clk_wiz_audio rise edge)
                                                     81.380    81.380 r  <hidden>
    H16                                               0.000    81.380 r  sysclk
                         net (fo=0)                   0.000    81.380    u_mmcm/inst/clk_in1
    H16                  IBUF (Prop_ibuf_I_O)         1.380    82.760 r  u_mmcm/inst/clkin1_ibufg/O
                         net (fo=1, routed)           1.162    83.922    u_mmcm/inst/clk_in1_clk_wiz_audio
    MMCME2_ADV_X1Y2      MMCME2_ADV (Prop_mmcme2_adv_CLKIN1_CLKOUT0)
                                                     -7.814    76.108 r  u_mmcm/inst/mmcm_adv_inst/CLKOUT0
                         net (fo=1, routed)           2.012    78.120    u_mmcm/inst/clk_out1_clk_wiz_audio
    BUFGCTRL_X0Y16       BUFG (Prop_bufg_I_O)         0.091    78.211 r  u_mmcm/inst/clkout1_buf/O
                         net (fo=10, routed)          1.672    79.883    u_div/clk
    SLICE_X113Y72        FDCE                                         r  u_div/cnt_reg[6]/C
                         clock pessimism              0.607    80.490    <hidden>
                         clock uncertainty           -0.240    80.250    <hidden>
    SLICE_X113Y72        FDCE (Setup_fdce_C_D)        0.031    80.281    u_div/cnt_reg[6]
  -------------------------------------------------------------------
                         required time                         80.281    <hidden>
                         arrival time                          -1.965    <hidden>
  -------------------------------------------------------------------
                         slack                                 78.316    <hidden>

Slack (MET) :             78.365ns  (required time - arrival time)
  Source:                 u_div/cnt_reg[1]/C
                            (rising edge-triggered cell FDCE clocked by clk_out1_clk_wiz_audio_1  {rise@0.000ns fall@40.690ns period=81.380ns})
  Destination:            u_div/cnt_reg[7]/D
                            (rising edge-triggered cell FDCE clocked by clk_out1_clk_wiz_audio  {rise@0.000ns fall@40.690ns period=81.380ns})
  Path Group:             clk_out1_clk_wiz_audio
  Path Type:              Setup (Max at Slow Process Corner)
  Requirement:            81.380ns  (clk_out1_clk_wiz_audio rise@81.380ns - clk_out1_clk_wiz_audio_1 rise@0.000ns)
  Data Path Delay:        2.828ns  (logic 0.761ns (26.907%)  route 2.067ns (73.093%))
  Logic Levels:           2  (LUT3=1 LUT6=1)
  Clock Path Skew:        -0.022ns (DCD - SCD + CPR)
    Destination Clock Delay (DCD):    -1.497ns = ( 79.883 - 81.380 ) 
    Source Clock Delay      (SCD):    -0.868ns
    Clock Pessimism Removal (CPR):    0.607ns
  Clock Uncertainty:      0.240ns  ((TSJ^2 + DJ^2)^1/2) / 2 + PE
    Total System Jitter     (TSJ):    0.071ns
    Discrete Jitter          (DJ):    0.474ns
    Phase Error              (PE):    0.000ns
  Clock Domain Crossing:  Inter clock paths are considered valid unless explicitly excluded by timing constraints such as set_clock_groups or set_false_path.

    Location             Delay type                Incr(ns)  Path(ns)    Netlist Resource(s)
  -------------------------------------------------------------------    -------------------
                         (clock clk_out1_clk_wiz_audio_1 rise edge)
                                                      0.000     0.000 r  <hidden>
    H16                                               0.000     0.000 r  sysclk
                         net (fo=0)                   0.000     0.000    u_mmcm/inst/clk_in1
    H16                  IBUF (Prop_ibuf_I_O)         1.451     1.451 r  u_mmcm/inst/clkin1_ibufg/O
                         net (fo=1, routed)           1.285     2.736    u_mmcm/inst/clk_in1_clk_wiz_audio
    MMCME2_ADV_X1Y2      MMCME2_ADV (Prop_mmcme2_adv_CLKIN1_CLKOUT0)
                                                     -7.759    -5.023 r  u_mmcm/inst/mmcm_adv_inst/CLKOUT0
                         net (fo=1, routed)           2.206    -2.817    u_mmcm/inst/clk_out1_clk_wiz_audio
    BUFGCTRL_X0Y16       BUFG (Prop_bufg_I_O)         0.101    -2.716 r  u_mmcm/inst/clkout1_buf/O
                         net (fo=10, routed)          1.848    -0.868    u_div/clk
    SLICE_X112Y72        FDCE                                         r  u_div/cnt_reg[1]/C
  -------------------------------------------------------------------    -------------------
    SLICE_X112Y72        FDCE (Prop_fdce_C_Q)         0.518    -0.350 r  u_div/cnt_reg[1]/Q
                         net (fo=8, routed)           1.660     1.310    u_div/out[0]
    SLICE_X113Y72        LUT6 (Prop_lut6_I2_O)        0.124     1.434 r  u_div/cnt[7]_i_3/O
                         net (fo=2, routed)           0.407     1.841    u_div/cnt[7]_i_3_n_0
    SLICE_X113Y72        LUT3 (Prop_lut3_I0_O)        0.119     1.960 r  u_div/cnt[7]_i_1/O
                         net (fo=1, routed)           0.000     1.960    u_div/p_0_in[7]
    SLICE_X113Y72        FDCE                                         r  u_div/cnt_reg[7]/D
  -------------------------------------------------------------------    -------------------

                         (clock clk_out1_clk_wiz_audio rise edge)
                                                     81.380    81.380 r  <hidden>
    H16                                               0.000    81.380 r  sysclk
                         net (fo=0)                   0.000    81.380    u_mmcm/inst/clk_in1
    H16                  IBUF (Prop_ibuf_I_O)         1.380    82.760 r  u_mmcm/inst/clkin1_ibufg/O
                         net (fo=1, routed)           1.162    83.922    u_mmcm/inst/clk_in1_clk_wiz_audio
    MMCME2_ADV_X1Y2      MMCME2_ADV (Prop_mmcme2_adv_CLKIN1_CLKOUT0)
                                                     -7.814    76.108 r  u_mmcm/inst/mmcm_adv_inst/CLKOUT0
                         net (fo=1, routed)           2.012    78.120    u_mmcm/inst/clk_out1_clk_wiz_audio
    BUFGCTRL_X0Y16       BUFG (Prop_bufg_I_O)         0.091    78.211 r  u_mmcm/inst/clkout1_buf/O
                         net (fo=10, routed)          1.672    79.883    u_div/clk
    SLICE_X113Y72        FDCE                                         r  u_div/cnt_reg[7]/C
                         clock pessimism              0.607    80.490    <hidden>
                         clock uncertainty           -0.240    80.250    <hidden>
    SLICE_X113Y72        FDCE (Setup_fdce_C_D)        0.075    80.325    u_div/cnt_reg[7]
  -------------------------------------------------------------------
                         required time                         80.325    <hidden>
                         arrival time                          -1.960    <hidden>
  -------------------------------------------------------------------
                         slack                                 78.365    <hidden>

Slack (MET) :             78.842ns  (required time - arrival time)
  Source:                 u_div/cnt_reg[1]/C
                            (rising edge-triggered cell FDCE clocked by clk_out1_clk_wiz_audio_1  {rise@0.000ns fall@40.690ns period=81.380ns})
  Destination:            u_div/cnt_reg[5]/D
                            (rising edge-triggered cell FDCE clocked by clk_out1_clk_wiz_audio  {rise@0.000ns fall@40.690ns period=81.380ns})
  Path Group:             clk_out1_clk_wiz_audio
  Path Type:              Setup (Max at Slow Process Corner)
  Requirement:            81.380ns  (clk_out1_clk_wiz_audio rise@81.380ns - clk_out1_clk_wiz_audio_1 rise@0.000ns)
  Data Path Delay:        2.307ns  (logic 0.642ns (27.825%)  route 1.665ns (72.175%))
  Logic Levels:           1  (LUT6=1)
  Clock Path Skew:        -0.022ns (DCD - SCD + CPR)
    Destination Clock Delay (DCD):    -1.497ns = ( 79.883 - 81.380 ) 
    Source Clock Delay      (SCD):    -0.868ns
    Clock Pessimism Removal (CPR):    0.607ns
  Clock Uncertainty:      0.240ns  ((TSJ^2 + DJ^2)^1/2) / 2 + PE
    Total System Jitter     (TSJ):    0.071ns
    Discrete Jitter          (DJ):    0.474ns
    Phase Error              (PE):    0.000ns
  Clock Domain Crossing:  Inter clock paths are considered valid unless explicitly excluded by timing constraints such as set_clock_groups or set_false_path.

    Location             Delay type                Incr(ns)  Path(ns)    Netlist Resource(s)
  -------------------------------------------------------------------    -------------------
                         (clock clk_out1_clk_wiz_audio_1 rise edge)
                                                      0.000     0.000 r  <hidden>
    H16                                               0.000     0.000 r  sysclk
                         net (fo=0)                   0.000     0.000    u_mmcm/inst/clk_in1
    H16                  IBUF (Prop_ibuf_I_O)         1.451     1.451 r  u_mmcm/inst/clkin1_ibufg/O
                         net (fo=1, routed)           1.285     2.736    u_mmcm/inst/clk_in1_clk_wiz_audio
    MMCME2_ADV_X1Y2      MMCME2_ADV (Prop_mmcme2_adv_CLKIN1_CLKOUT0)
                                                     -7.759    -5.023 r  u_mmcm/inst/mmcm_adv_inst/CLKOUT0
                         net (fo=1, routed)           2.206    -2.817    u_mmcm/inst/clk_out1_clk_wiz_audio
    BUFGCTRL_X0Y16       BUFG (Prop_bufg_I_O)         0.101    -2.716 r  u_mmcm/inst/clkout1_buf/O
                         net (fo=10, routed)          1.848    -0.868    u_div/clk
    SLICE_X112Y72        FDCE                                         r  u_div/cnt_reg[1]/C
  -------------------------------------------------------------------    -------------------
    SLICE_X112Y72        FDCE (Prop_fdce_C_Q)         0.518    -0.350 r  u_div/cnt_reg[1]/Q
                         net (fo=8, routed)           1.665     1.315    u_div/out[0]
    SLICE_X113Y72        LUT6 (Prop_lut6_I1_O)        0.124     1.439 r  u_div/cnt[5]_i_1/O
                         net (fo=1, routed)           0.000     1.439    u_div/p_0_in[5]
    SLICE_X113Y72        FDCE                                         r  u_div/cnt_reg[5]/D
  -------------------------------------------------------------------    -------------------

                         (clock clk_out1_clk_wiz_audio rise edge)
                                                     81.380    81.380 r  <hidden>
    H16                                               0.000    81.380 r  sysclk
                         net (fo=0)                   0.000    81.380    u_mmcm/inst/clk_in1
    H16                  IBUF (Prop_ibuf_I_O)         1.380    82.760 r  u_mmcm/inst/clkin1_ibufg/O
                         net (fo=1, routed)           1.162    83.922    u_mmcm/inst/clk_in1_clk_wiz_audio
    MMCME2_ADV_X1Y2      MMCME2_ADV (Prop_mmcme2_adv_CLKIN1_CLKOUT0)
                                                     -7.814    76.108 r  u_mmcm/inst/mmcm_adv_inst/CLKOUT0
                         net (fo=1, routed)           2.012    78.120    u_mmcm/inst/clk_out1_clk_wiz_audio
    BUFGCTRL_X0Y16       BUFG (Prop_bufg_I_O)         0.091    78.211 r  u_mmcm/inst/clkout1_buf/O
                         net (fo=10, routed)          1.672    79.883    u_div/clk
    SLICE_X113Y72        FDCE                                         r  u_div/cnt_reg[5]/C
                         clock pessimism              0.607    80.490    <hidden>
                         clock uncertainty           -0.240    80.250    <hidden>
    SLICE_X113Y72        FDCE (Setup_fdce_C_D)        0.031    80.281    u_div/cnt_reg[5]
  -------------------------------------------------------------------
                         required time                         80.281    <hidden>
                         arrival time                          -1.439    <hidden>
  -------------------------------------------------------------------
                         slack                                 78.842    <hidden>

Slack (MET) :             79.065ns  (required time - arrival time)
  Source:                 u_div/cnt_reg[0]/C
                            (rising edge-triggered cell FDCE clocked by clk_out1_clk_wiz_audio_1  {rise@0.000ns fall@40.690ns period=81.380ns})
  Destination:            u_div/cnt_reg[0]/D
                            (rising edge-triggered cell FDCE clocked by clk_out1_clk_wiz_audio  {rise@0.000ns fall@40.690ns period=81.380ns})
  Path Group:             clk_out1_clk_wiz_audio
  Path Type:              Setup (Max at Slow Process Corner)
  Requirement:            81.380ns  (clk_out1_clk_wiz_audio rise@81.380ns - clk_out1_clk_wiz_audio_1 rise@0.000ns)
  Data Path Delay:        2.157ns  (logic 0.642ns (29.770%)  route 1.515ns (70.230%))
  Logic Levels:           1  (LUT1=1)
  Clock Path Skew:        0.000ns (DCD - SCD + CPR)
    Destination Clock Delay (DCD):    -1.497ns = ( 79.883 - 81.380 ) 
    Source Clock Delay      (SCD):    -0.868ns
    Clock Pessimism Removal (CPR):    0.629ns
  Clock Uncertainty:      0.240ns  ((TSJ^2 + DJ^2)^1/2) / 2 + PE
    Total System Jitter     (TSJ):    0.071ns
    Discrete Jitter          (DJ):    0.474ns
    Phase Error              (PE):    0.000ns
  Clock Domain Crossing:  Inter clock paths are considered valid unless explicitly excluded by timing constraints such as set_clock_groups or set_false_path.

    Location             Delay type                Incr(ns)  Path(ns)    Netlist Resource(s)
  -------------------------------------------------------------------    -------------------
                         (clock clk_out1_clk_wiz_audio_1 rise edge)
                                                      0.000     0.000 r  <hidden>
    H16                                               0.000     0.000 r  sysclk
                         net (fo=0)                   0.000     0.000    u_mmcm/inst/clk_in1
    H16                  IBUF (Prop_ibuf_I_O)         1.451     1.451 r  u_mmcm/inst/clkin1_ibufg/O
                         net (fo=1, routed)           1.285     2.736    u_mmcm/inst/clk_in1_clk_wiz_audio
    MMCME2_ADV_X1Y2      MMCME2_ADV (Prop_mmcme2_adv_CLKIN1_CLKOUT0)
                                                     -7.759    -5.023 r  u_mmcm/inst/mmcm_adv_inst/CLKOUT0
                         net (fo=1, routed)           2.206    -2.817    u_mmcm/inst/clk_out1_clk_wiz_audio
    BUFGCTRL_X0Y16       BUFG (Prop_bufg_I_O)         0.101    -2.716 r  u_mmcm/inst/clkout1_buf/O
                         net (fo=10, routed)          1.848    -0.868    u_div/clk
    SLICE_X112Y72        FDCE                                         r  u_div/cnt_reg[0]/C
  -------------------------------------------------------------------    -------------------
    SLICE_X112Y72        FDCE (Prop_fdce_C_Q)         0.518    -0.350 f  u_div/cnt_reg[0]/Q
                         net (fo=7, routed)           1.515     1.164    u_div/cnt_reg_n_0_[0]
    SLICE_X112Y72        LUT1 (Prop_lut1_I0_O)        0.124     1.288 r  u_div/cnt[0]_i_1/O
                         net (fo=1, routed)           0.000     1.288    u_div/p_0_in[0]
    SLICE_X112Y72        FDCE                                         r  u_div/cnt_reg[0]/D
  -------------------------------------------------------------------    -------------------

                         (clock clk_out1_clk_wiz_audio rise edge)
                                                     81.380    81.380 r  <hidden>
    H16                                               0.000    81.380 r  sysclk
                         net (fo=0)                   0.000    81.380    u_mmcm/inst/clk_in1
    H16                  IBUF (Prop_ibuf_I_O)         1.380    82.760 r  u_mmcm/inst/clkin1_ibufg/O
                         net (fo=1, routed)           1.162    83.922    u_mmcm/inst/clk_in1_clk_wiz_audio
    MMCME2_ADV_X1Y2      MMCME2_ADV (Prop_mmcme2_adv_CLKIN1_CLKOUT0)
                                                     -7.814    76.108 r  u_mmcm/inst/mmcm_adv_inst/CLKOUT0
                         net (fo=1, routed)           2.012    78.120    u_mmcm/inst/clk_out1_clk_wiz_audio
    BUFGCTRL_X0Y16       BUFG (Prop_bufg_I_O)         0.091    78.211 r  u_mmcm/inst/clkout1_buf/O
                         net (fo=10, routed)          1.672    79.883    u_div/clk
    SLICE_X112Y72        FDCE                                         r  u_div/cnt_reg[0]/C
                         clock pessimism              0.629    80.512    <hidden>
                         clock uncertainty           -0.240    80.272    <hidden>
    SLICE_X112Y72        FDCE (Setup_fdce_C_D)        0.081    80.353    u_div/cnt_reg[0]
  -------------------------------------------------------------------
                         required time                         80.353    <hidden>
                         arrival time                          -1.288    <hidden>
  -------------------------------------------------------------------
                         slack                                 79.065    <hidden>

Slack (MET) :             79.086ns  (required time - arrival time)
  Source:                 u_div/cnt_reg[1]/C
                            (rising edge-triggered cell FDCE clocked by clk_out1_clk_wiz_audio_1  {rise@0.000ns fall@40.690ns period=81.380ns})
  Destination:            u_div/cnt_reg[3]/D
                            (rising edge-triggered cell FDCE clocked by clk_out1_clk_wiz_audio  {rise@0.000ns fall@40.690ns period=81.380ns})
  Path Group:             clk_out1_clk_wiz_audio
  Path Type:              Setup (Max at Slow Process Corner)
  Requirement:            81.380ns  (clk_out1_clk_wiz_audio rise@81.380ns - clk_out1_clk_wiz_audio_1 rise@0.000ns)
  Data Path Delay:        2.061ns  (logic 0.642ns (31.143%)  route 1.419ns (68.857%))
  Logic Levels:           1  (LUT4=1)
  Clock Path Skew:        -0.022ns (DCD - SCD + CPR)
    Destination Clock Delay (DCD):    -1.497ns = ( 79.883 - 81.380 ) 
    Source Clock Delay      (SCD):    -0.868ns
    Clock Pessimism Removal (CPR):    0.607ns
  Clock Uncertainty:      0.240ns  ((TSJ^2 + DJ^2)^1/2) / 2 + PE
    Total System Jitter     (TSJ):    0.071ns
    Discrete Jitter          (DJ):    0.474ns
    Phase Error              (PE):    0.000ns
  Clock Domain Crossing:  Inter clock paths are considered valid unless explicitly excluded by timing constraints such as set_clock_groups or set_false_path.

    Location             Delay type                Incr(ns)  Path(ns)    Netlist Resource(s)
  -------------------------------------------------------------------    -------------------
                         (clock clk_out1_clk_wiz_audio_1 rise edge)
                                                      0.000     0.000 r  <hidden>
    H16                                               0.000     0.000 r  sysclk
                         net (fo=0)                   0.000     0.000    u_mmcm/inst/clk_in1
    H16                  IBUF (Prop_ibuf_I_O)         1.451     1.451 r  u_mmcm/inst/clkin1_ibufg/O
                         net (fo=1, routed)           1.285     2.736    u_mmcm/inst/clk_in1_clk_wiz_audio
    MMCME2_ADV_X1Y2      MMCME2_ADV (Prop_mmcme2_adv_CLKIN1_CLKOUT0)
                                                     -7.759    -5.023 r  u_mmcm/inst/mmcm_adv_inst/CLKOUT0
                         net (fo=1, routed)           2.206    -2.817    u_mmcm/inst/clk_out1_clk_wiz_audio
    BUFGCTRL_X0Y16       BUFG (Prop_bufg_I_O)         0.101    -2.716 r  u_mmcm/inst/clkout1_buf/O
                         net (fo=10, routed)          1.848    -0.868    u_div/clk
    SLICE_X112Y72        FDCE                                         r  u_div/cnt_reg[1]/C
  -------------------------------------------------------------------    -------------------
    SLICE_X112Y72        FDCE (Prop_fdce_C_Q)         0.518    -0.350 r  u_div/cnt_reg[1]/Q
                         net (fo=8, routed)           1.419     1.069    u_div/out[0]
    SLICE_X113Y72        LUT4 (Prop_lut4_I0_O)        0.124     1.193 r  u_div/cnt[3]_i_1/O
                         net (fo=1, routed)           0.000     1.193    u_div/p_0_in[3]
    SLICE_X113Y72        FDCE                                         r  u_div/cnt_reg[3]/D
  -------------------------------------------------------------------    -------------------

                         (clock clk_out1_clk_wiz_audio rise edge)
                                                     81.380    81.380 r  <hidden>
    H16                                               0.000    81.380 r  sysclk
                         net (fo=0)                   0.000    81.380    u_mmcm/inst/clk_in1
    H16                  IBUF (Prop_ibuf_I_O)         1.380    82.760 r  u_mmcm/inst/clkin1_ibufg/O
                         net (fo=1, routed)           1.162    83.922    u_mmcm/inst/clk_in1_clk_wiz_audio
    MMCME2_ADV_X1Y2      MMCME2_ADV (Prop_mmcme2_adv_CLKIN1_CLKOUT0)
                                                     -7.814    76.108 r  u_mmcm/inst/mmcm_adv_inst/CLKOUT0
                         net (fo=1, routed)           2.012    78.120    u_mmcm/inst/clk_out1_clk_wiz_audio
    BUFGCTRL_X0Y16       BUFG (Prop_bufg_I_O)         0.091    78.211 r  u_mmcm/inst/clkout1_buf/O
                         net (fo=10, routed)          1.672    79.883    u_div/clk
    SLICE_X113Y72        FDCE                                         r  u_div/cnt_reg[3]/C
                         clock pessimism              0.607    80.490    <hidden>
                         clock uncertainty           -0.240    80.250    <hidden>
    SLICE_X113Y72        FDCE (Setup_fdce_C_D)        0.029    80.279    u_div/cnt_reg[3]
  -------------------------------------------------------------------
                         required time                         80.279    <hidden>
                         arrival time                          -1.193    <hidden>
  -------------------------------------------------------------------
                         slack                                 79.086    <hidden>

Slack (MET) :             79.138ns  (required time - arrival time)
  Source:                 u_div/cnt_reg[1]/C
                            (rising edge-triggered cell FDCE clocked by clk_out1_clk_wiz_audio_1  {rise@0.000ns fall@40.690ns period=81.380ns})
  Destination:            u_div/cnt_reg[4]/D
                            (rising edge-triggered cell FDCE clocked by clk_out1_clk_wiz_audio  {rise@0.000ns fall@40.690ns period=81.380ns})
  Path Group:             clk_out1_clk_wiz_audio
  Path Type:              Setup (Max at Slow Process Corner)
  Requirement:            81.380ns  (clk_out1_clk_wiz_audio rise@81.380ns - clk_out1_clk_wiz_audio_1 rise@0.000ns)
  Data Path Delay:        2.055ns  (logic 0.636ns (30.942%)  route 1.419ns (69.058%))
  Logic Levels:           1  (LUT5=1)
  Clock Path Skew:        -0.022ns (DCD - SCD + CPR)
    Destination Clock Delay (DCD):    -1.497ns = ( 79.883 - 81.380 ) 
    Source Clock Delay      (SCD):    -0.868ns
    Clock Pessimism Removal (CPR):    0.607ns
  Clock Uncertainty:      0.240ns  ((TSJ^2 + DJ^2)^1/2) / 2 + PE
    Total System Jitter     (TSJ):    0.071ns
    Discrete Jitter          (DJ):    0.474ns
    Phase Error              (PE):    0.000ns
  Clock Domain Crossing:  Inter clock paths are considered valid unless explicitly excluded by timing constraints such as set_clock_groups or set_false_path.

    Location             Delay type                Incr(ns)  Path(ns)    Netlist Resource(s)
  -------------------------------------------------------------------    -------------------
                         (clock clk_out1_clk_wiz_audio_1 rise edge)
                                                      0.000     0.000 r  <hidden>
    H16                                               0.000     0.000 r  sysclk
                         net (fo=0)                   0.000     0.000    u_mmcm/inst/clk_in1
    H16                  IBUF (Prop_ibuf_I_O)         1.451     1.451 r  u_mmcm/inst/clkin1_ibufg/O
                         net (fo=1, routed)           1.285     2.736    u_mmcm/inst/clk_in1_clk_wiz_audio
    MMCME2_ADV_X1Y2      MMCME2_ADV (Prop_mmcme2_adv_CLKIN1_CLKOUT0)
                                                     -7.759    -5.023 r  u_mmcm/inst/mmcm_adv_inst/CLKOUT0
                         net (fo=1, routed)           2.206    -2.817    u_mmcm/inst/clk_out1_clk_wiz_audio
    BUFGCTRL_X0Y16       BUFG (Prop_bufg_I_O)         0.101    -2.716 r  u_mmcm/inst/clkout1_buf/O
                         net (fo=10, routed)          1.848    -0.868    u_div/clk
    SLICE_X112Y72        FDCE                                         r  u_div/cnt_reg[1]/C
  -------------------------------------------------------------------    -------------------
    SLICE_X112Y72        FDCE (Prop_fdce_C_Q)         0.518    -0.350 r  u_div/cnt_reg[1]/Q
                         net (fo=8, routed)           1.419     1.069    u_div/out[0]
    SLICE_X113Y72        LUT5 (Prop_lut5_I2_O)        0.118     1.187 r  u_div/cnt[4]_i_1/O
                         net (fo=1, routed)           0.000     1.187    u_div/p_0_in[4]
    SLICE_X113Y72        FDCE                                         r  u_div/cnt_reg[4]/D
  -------------------------------------------------------------------    -------------------

                         (clock clk_out1_clk_wiz_audio rise edge)
                                                     81.380    81.380 r  <hidden>
    H16                                               0.000    81.380 r  sysclk
                         net (fo=0)                   0.000    81.380    u_mmcm/inst/clk_in1
    H16                  IBUF (Prop_ibuf_I_O)         1.380    82.760 r  u_mmcm/inst/clkin1_ibufg/O
                         net (fo=1, routed)           1.162    83.922    u_mmcm/inst/clk_in1_clk_wiz_audio
    MMCME2_ADV_X1Y2      MMCME2_ADV (Prop_mmcme2_adv_CLKIN1_CLKOUT0)
                                                     -7.814    76.108 r  u_mmcm/inst/mmcm_adv_inst/CLKOUT0
                         net (fo=1, routed)           2.012    78.120    u_mmcm/inst/clk_out1_clk_wiz_audio
    BUFGCTRL_X0Y16       BUFG (Prop_bufg_I_O)         0.091    78.211 r  u_mmcm/inst/clkout1_buf/O
                         net (fo=10, routed)          1.672    79.883    u_div/clk
    SLICE_X113Y72        FDCE                                         r  u_div/cnt_reg[4]/C
                         clock pessimism              0.607    80.490    <hidden>
                         clock uncertainty           -0.240    80.250    <hidden>
    SLICE_X113Y72        FDCE (Setup_fdce_C_D)        0.075    80.325    u_div/cnt_reg[4]
  -------------------------------------------------------------------
                         required time                         80.325    <hidden>
                         arrival time                          -1.187    <hidden>
  -------------------------------------------------------------------
                         slack                                 79.138    <hidden>

Slack (MET) :             79.587ns  (required time - arrival time)
  Source:                 u_div/cnt_reg[2]/C
                            (rising edge-triggered cell FDCE clocked by clk_out1_clk_wiz_audio_1  {rise@0.000ns fall@40.690ns period=81.380ns})
  Destination:            u_div/cnt_reg[2]/D
                            (rising edge-triggered cell FDCE clocked by clk_out1_clk_wiz_audio  {rise@0.000ns fall@40.690ns period=81.380ns})
  Path Group:             clk_out1_clk_wiz_audio
  Path Type:              Setup (Max at Slow Process Corner)
  Requirement:            81.380ns  (clk_out1_clk_wiz_audio rise@81.380ns - clk_out1_clk_wiz_audio_1 rise@0.000ns)
  Data Path Delay:        1.671ns  (logic 0.795ns (47.570%)  route 0.876ns (52.430%))
  Logic Levels:           1  (LUT3=1)
  Clock Path Skew:        0.000ns (DCD - SCD + CPR)
    Destination Clock Delay (DCD):    -1.497ns = ( 79.883 - 81.380 ) 
    Source Clock Delay      (SCD):    -0.868ns
    Clock Pessimism Removal (CPR):    0.629ns
  Clock Uncertainty:      0.240ns  ((TSJ^2 + DJ^2)^1/2) / 2 + PE
    Total System Jitter     (TSJ):    0.071ns
    Discrete Jitter          (DJ):    0.474ns
    Phase Error              (PE):    0.000ns
  Clock Domain Crossing:  Inter clock paths are considered valid unless explicitly excluded by timing constraints such as set_clock_groups or set_false_path.

    Location             Delay type                Incr(ns)  Path(ns)    Netlist Resource(s)
  -------------------------------------------------------------------    -------------------
                         (clock clk_out1_clk_wiz_audio_1 rise edge)
                                                      0.000     0.000 r  <hidden>
    H16                                               0.000     0.000 r  sysclk
                         net (fo=0)                   0.000     0.000    u_mmcm/inst/clk_in1
    H16                  IBUF (Prop_ibuf_I_O)         1.451     1.451 r  u_mmcm/inst/clkin1_ibufg/O
                         net (fo=1, routed)           1.285     2.736    u_mmcm/inst/clk_in1_clk_wiz_audio
    MMCME2_ADV_X1Y2      MMCME2_ADV (Prop_mmcme2_adv_CLKIN1_CLKOUT0)
                                                     -7.759    -5.023 r  u_mmcm/inst/mmcm_adv_inst/CLKOUT0
                         net (fo=1, routed)           2.206    -2.817    u_mmcm/inst/clk_out1_clk_wiz_audio
    BUFGCTRL_X0Y16       BUFG (Prop_bufg_I_O)         0.101    -2.716 r  u_mmcm/inst/clkout1_buf/O
                         net (fo=10, routed)          1.848    -0.868    u_div/clk
    SLICE_X112Y72        FDCE                                         r  u_div/cnt_reg[2]/C
  -------------------------------------------------------------------    -------------------
    SLICE_X112Y72        FDCE (Prop_fdce_C_Q)         0.478    -0.390 r  u_div/cnt_reg[2]/Q
                         net (fo=5, routed)           0.876     0.486    u_div/cnt_reg_n_0_[2]
    SLICE_X112Y72        LUT3 (Prop_lut3_I2_O)        0.317     0.803 r  u_div/cnt[2]_i_1/O
                         net (fo=1, routed)           0.000     0.803    u_div/p_0_in[2]
    SLICE_X112Y72        FDCE                                         r  u_div/cnt_reg[2]/D
  -------------------------------------------------------------------    -------------------

                         (clock clk_out1_clk_wiz_audio rise edge)
                                                     81.380    81.380 r  <hidden>
    H16                                               0.000    81.380 r  sysclk
                         net (fo=0)                   0.000    81.380    u_mmcm/inst/clk_in1
    H16                  IBUF (Prop_ibuf_I_O)         1.380    82.760 r  u_mmcm/inst/clkin1_ibufg/O
                         net (fo=1, routed)           1.162    83.922    u_mmcm/inst/clk_in1_clk_wiz_audio
    MMCME2_ADV_X1Y2      MMCME2_ADV (Prop_mmcme2_adv_CLKIN1_CLKOUT0)
                                                     -7.814    76.108 r  u_mmcm/inst/mmcm_adv_inst/CLKOUT0
                         net (fo=1, routed)           2.012    78.120    u_mmcm/inst/clk_out1_clk_wiz_audio
    BUFGCTRL_X0Y16       BUFG (Prop_bufg_I_O)         0.091    78.211 r  u_mmcm/inst/clkout1_buf/O
                         net (fo=10, routed)          1.672    79.883    u_div/clk
    SLICE_X112Y72        FDCE                                         r  u_div/cnt_reg[2]/C
                         clock pessimism              0.629    80.512    <hidden>
                         clock uncertainty           -0.240    80.272    <hidden>
    SLICE_X112Y72        FDCE (Setup_fdce_C_D)        0.118    80.390    u_div/cnt_reg[2]
  -------------------------------------------------------------------
                         required time                         80.390    <hidden>
                         arrival time                          -0.803    <hidden>
  -------------------------------------------------------------------
                         slack                                 79.587    <hidden>

Slack (MET) :             79.794ns  (required time - arrival time)
  Source:                 u_div/cnt_reg[0]/C
                            (rising edge-triggered cell FDCE clocked by clk_out1_clk_wiz_audio_1  {rise@0.000ns fall@40.690ns period=81.380ns})
  Destination:            u_div/cnt_reg[1]/D
                            (rising edge-triggered cell FDCE clocked by clk_out1_clk_wiz_audio  {rise@0.000ns fall@40.690ns period=81.380ns})
  Path Group:             clk_out1_clk_wiz_audio
  Path Type:              Setup (Max at Slow Process Corner)
  Requirement:            81.380ns  (clk_out1_clk_wiz_audio rise@81.380ns - clk_out1_clk_wiz_audio_1 rise@0.000ns)
  Data Path Delay:        1.423ns  (logic 0.642ns (45.111%)  route 0.781ns (54.889%))
  Logic Levels:           1  (LUT2=1)
  Clock Path Skew:        0.000ns (DCD - SCD + CPR)
    Destination Clock Delay (DCD):    -1.497ns = ( 79.883 - 81.380 ) 
    Source Clock Delay      (SCD):    -0.868ns
    Clock Pessimism Removal (CPR):    0.629ns
  Clock Uncertainty:      0.240ns  ((TSJ^2 + DJ^2)^1/2) / 2 + PE
    Total System Jitter     (TSJ):    0.071ns
    Discrete Jitter          (DJ):    0.474ns
    Phase Error              (PE):    0.000ns
  Clock Domain Crossing:  Inter clock paths are considered valid unless explicitly excluded by timing constraints such as set_clock_groups or set_false_path.

    Location             Delay type                Incr(ns)  Path(ns)    Netlist Resource(s)
  -------------------------------------------------------------------    -------------------
                         (clock clk_out1_clk_wiz_audio_1 rise edge)
                                                      0.000     0.000 r  <hidden>
    H16                                               0.000     0.000 r  sysclk
                         net (fo=0)                   0.000     0.000    u_mmcm/inst/clk_in1
    H16                  IBUF (Prop_ibuf_I_O)         1.451     1.451 r  u_mmcm/inst/clkin1_ibufg/O
                         net (fo=1, routed)           1.285     2.736    u_mmcm/inst/clk_in1_clk_wiz_audio
    MMCME2_ADV_X1Y2      MMCME2_ADV (Prop_mmcme2_adv_CLKIN1_CLKOUT0)
                                                     -7.759    -5.023 r  u_mmcm/inst/mmcm_adv_inst/CLKOUT0
                         net (fo=1, routed)           2.206    -2.817    u_mmcm/inst/clk_out1_clk_wiz_audio
    BUFGCTRL_X0Y16       BUFG (Prop_bufg_I_O)         0.101    -2.716 r  u_mmcm/inst/clkout1_buf/O
                         net (fo=10, routed)          1.848    -0.868    u_div/clk
    SLICE_X112Y72        FDCE                                         r  u_div/cnt_reg[0]/C
  -------------------------------------------------------------------    -------------------
    SLICE_X112Y72        FDCE (Prop_fdce_C_Q)         0.518    -0.350 r  u_div/cnt_reg[0]/Q
                         net (fo=7, routed)           0.781     0.431    u_div/cnt_reg_n_0_[0]
    SLICE_X112Y72        LUT2 (Prop_lut2_I0_O)        0.124     0.555 r  u_div/cnt[1]_i_1/O
                         net (fo=1, routed)           0.000     0.555    u_div/p_0_in[1]
    SLICE_X112Y72        FDCE                                         r  u_div/cnt_reg[1]/D
  -------------------------------------------------------------------    -------------------

                         (clock clk_out1_clk_wiz_audio rise edge)
                                                     81.380    81.380 r  <hidden>
    H16                                               0.000    81.380 r  sysclk
                         net (fo=0)                   0.000    81.380    u_mmcm/inst/clk_in1
    H16                  IBUF (Prop_ibuf_I_O)         1.380    82.760 r  u_mmcm/inst/clkin1_ibufg/O
                         net (fo=1, routed)           1.162    83.922    u_mmcm/inst/clk_in1_clk_wiz_audio
    MMCME2_ADV_X1Y2      MMCME2_ADV (Prop_mmcme2_adv_CLKIN1_CLKOUT0)
                                                     -7.814    76.108 r  u_mmcm/inst/mmcm_adv_inst/CLKOUT0
                         net (fo=1, routed)           2.012    78.120    u_mmcm/inst/clk_out1_clk_wiz_audio
    BUFGCTRL_X0Y16       BUFG (Prop_bufg_I_O)         0.091    78.211 r  u_mmcm/inst/clkout1_buf/O
                         net (fo=10, routed)          1.672    79.883    u_div/clk
    SLICE_X112Y72        FDCE                                         r  u_div/cnt_reg[1]/C
                         clock pessimism              0.629    80.512    <hidden>
                         clock uncertainty           -0.240    80.272    <hidden>
    SLICE_X112Y72        FDCE (Setup_fdce_C_D)        0.077    80.349    u_div/cnt_reg[1]
  -------------------------------------------------------------------
                         required time                         80.349    <hidden>
                         arrival time                          -0.555    <hidden>
  -------------------------------------------------------------------
                         slack                                 79.794    <hidden>





Min Delay Paths
--------------------------------------------------------------------------------------
Slack (MET) :             0.028ns  (arrival time - required time)
  Source:                 u_div/cnt_reg[1]/C
                            (rising edge-triggered cell FDCE clocked by clk_out1_clk_wiz_audio_1  {rise@0.000ns fall@40.690ns period=81.380ns})
  Destination:            u_div/cnt_reg[2]/D
                            (rising edge-triggered cell FDCE clocked by clk_out1_clk_wiz_audio  {rise@0.000ns fall@40.690ns period=81.380ns})
  Path Group:             clk_out1_clk_wiz_audio
  Path Type:              Hold (Min at Fast Process Corner)
  Requirement:            0.000ns  (clk_out1_clk_wiz_audio rise@0.000ns - clk_out1_clk_wiz_audio_1 rise@0.000ns)
  Data Path Delay:        0.399ns  (logic 0.207ns (51.901%)  route 0.192ns (48.099%))
  Logic Levels:           1  (LUT3=1)
  Clock Path Skew:        0.000ns (DCD - SCD - CPR)
    Destination Clock Delay (DCD):    -0.845ns
    Source Clock Delay      (SCD):    -0.605ns
    Clock Pessimism Removal (CPR):    -0.239ns
  Clock Uncertainty:      0.240ns  ((TSJ^2 + DJ^2)^1/2) / 2 + PE
    Total System Jitter     (TSJ):    0.071ns
    Discrete Jitter          (DJ):    0.474ns
    Phase Error              (PE):    0.000ns
  Clock Domain Crossing:  Inter clock paths are considered valid unless explicitly excluded by timing constraints such as set_clock_groups or set_false_path.

    Location             Delay type                Incr(ns)  Path(ns)    Netlist Resource(s)
  -------------------------------------------------------------------    -------------------
                         (clock clk_out1_clk_wiz_audio_1 rise edge)
                                                      0.000     0.000 r  <hidden>
    H16                                               0.000     0.000 r  sysclk
                         net (fo=0)                   0.000     0.000    u_mmcm/inst/clk_in1
    H16                  IBUF (Prop_ibuf_I_O)         0.219     0.219 r  u_mmcm/inst/clkin1_ibufg/O
                         net (fo=1, routed)           0.440     0.659    u_mmcm/inst/clk_in1_clk_wiz_audio
    MMCME2_ADV_X1Y2      MMCME2_ADV (Prop_mmcme2_adv_CLKIN1_CLKOUT0)
                                                     -2.613    -1.954 r  u_mmcm/inst/mmcm_adv_inst/CLKOUT0
                         net (fo=1, routed)           0.696    -1.257    u_mmcm/inst/clk_out1_clk_wiz_audio
    BUFGCTRL_X0Y16       BUFG (Prop_bufg_I_O)         0.026    -1.231 r  u_mmcm/inst/clkout1_buf/O
                         net (fo=10, routed)          0.626    -0.605    u_div/clk
    SLICE_X112Y72        FDCE                                         r  u_div/cnt_reg[1]/C
  -------------------------------------------------------------------    -------------------
    SLICE_X112Y72        FDCE (Prop_fdce_C_Q)         0.164    -0.441 r  u_div/cnt_reg[1]/Q
                         net (fo=8, routed)           0.192    -0.250    u_div/out[0]
    SLICE_X112Y72        LUT3 (Prop_lut3_I1_O)        0.043    -0.207 r  u_div/cnt[2]_i_1/O
                         net (fo=1, routed)           0.000    -0.207    u_div/p_0_in[2]
    SLICE_X112Y72        FDCE                                         r  u_div/cnt_reg[2]/D
  -------------------------------------------------------------------    -------------------

                         (clock clk_out1_clk_wiz_audio rise edge)
                                                      0.000     0.000 r  <hidden>
    H16                                               0.000     0.000 r  sysclk
                         net (fo=0)                   0.000     0.000    u_mmcm/inst/clk_in1
    H16                  IBUF (Prop_ibuf_I_O)         0.406     0.406 r  u_mmcm/inst/clkin1_ibufg/O
                         net (fo=1, routed)           0.480     0.886    u_mmcm/inst/clk_in1_clk_wiz_audio
    MMCME2_ADV_X1Y2      MMCME2_ADV (Prop_mmcme2_adv_CLKIN1_CLKOUT0)
                                                     -3.407    -2.521 r  u_mmcm/inst/mmcm_adv_inst/CLKOUT0
                         net (fo=1, routed)           0.752    -1.769    u_mmcm/inst/clk_out1_clk_wiz_audio
    BUFGCTRL_X0Y16       BUFG (Prop_bufg_I_O)         0.029    -1.740 r  u_mmcm/inst/clkout1_buf/O
                         net (fo=10, routed)          0.895    -0.845    u_div/clk
    SLICE_X112Y72        FDCE                                         r  u_div/cnt_reg[2]/C
                         clock pessimism              0.239    -0.605    <hidden>
                         clock uncertainty            0.240    -0.366    <hidden>
    SLICE_X112Y72        FDCE (Hold_fdce_C_D)         0.131    -0.235    u_div/cnt_reg[2]
  -------------------------------------------------------------------
                         required time                          0.235    <hidden>
                         arrival time                          -0.207    <hidden>
  -------------------------------------------------------------------
                         slack                                  0.028    <hidden>

Slack (MET) :             0.041ns  (arrival time - required time)
  Source:                 u_div/cnt_reg[1]/C
                            (rising edge-triggered cell FDCE clocked by clk_out1_clk_wiz_audio_1  {rise@0.000ns fall@40.690ns period=81.380ns})
  Destination:            u_div/cnt_reg[1]/D
                            (rising edge-triggered cell FDCE clocked by clk_out1_clk_wiz_audio  {rise@0.000ns fall@40.690ns period=81.380ns})
  Path Group:             clk_out1_clk_wiz_audio
  Path Type:              Hold (Min at Fast Process Corner)
  Requirement:            0.000ns  (clk_out1_clk_wiz_audio rise@0.000ns - clk_out1_clk_wiz_audio_1 rise@0.000ns)
  Data Path Delay:        0.401ns  (logic 0.209ns (52.141%)  route 0.192ns (47.859%))
  Logic Levels:           1  (LUT2=1)
  Clock Path Skew:        0.000ns (DCD - SCD - CPR)
    Destination Clock Delay (DCD):    -0.845ns
    Source Clock Delay      (SCD):    -0.605ns
    Clock Pessimism Removal (CPR):    -0.239ns
  Clock Uncertainty:      0.240ns  ((TSJ^2 + DJ^2)^1/2) / 2 + PE
    Total System Jitter     (TSJ):    0.071ns
    Discrete Jitter          (DJ):    0.474ns
    Phase Error              (PE):    0.000ns
  Clock Domain Crossing:  Inter clock paths are considered valid unless explicitly excluded by timing constraints such as set_clock_groups or set_false_path.

    Location             Delay type                Incr(ns)  Path(ns)    Netlist Resource(s)
  -------------------------------------------------------------------    -------------------
                         (clock clk_out1_clk_wiz_audio_1 rise edge)
                                                      0.000     0.000 r  <hidden>
    H16                                               0.000     0.000 r  sysclk
                         net (fo=0)                   0.000     0.000    u_mmcm/inst/clk_in1
    H16                  IBUF (Prop_ibuf_I_O)         0.219     0.219 r  u_mmcm/inst/clkin1_ibufg/O
                         net (fo=1, routed)           0.440     0.659    u_mmcm/inst/clk_in1_clk_wiz_audio
    MMCME2_ADV_X1Y2      MMCME2_ADV (Prop_mmcme2_adv_CLKIN1_CLKOUT0)
                                                     -2.613    -1.954 r  u_mmcm/inst/mmcm_adv_inst/CLKOUT0
                         net (fo=1, routed)           0.696    -1.257    u_mmcm/inst/clk_out1_clk_wiz_audio
    BUFGCTRL_X0Y16       BUFG (Prop_bufg_I_O)         0.026    -1.231 r  u_mmcm/inst/clkout1_buf/O
                         net (fo=10, routed)          0.626    -0.605    u_div/clk
    SLICE_X112Y72        FDCE                                         r  u_div/cnt_reg[1]/C
  -------------------------------------------------------------------    -------------------
    SLICE_X112Y72        FDCE (Prop_fdce_C_Q)         0.164    -0.441 r  u_div/cnt_reg[1]/Q
                         net (fo=8, routed)           0.192    -0.250    u_div/out[0]
    SLICE_X112Y72        LUT2 (Prop_lut2_I1_O)        0.045    -0.205 r  u_div/cnt[1]_i_1/O
                         net (fo=1, routed)           0.000    -0.205    u_div/p_0_in[1]
    SLICE_X112Y72        FDCE                                         r  u_div/cnt_reg[1]/D
  -------------------------------------------------------------------    -------------------

                         (clock clk_out1_clk_wiz_audio rise edge)
                                                      0.000     0.000 r  <hidden>
    H16                                               0.000     0.000 r  sysclk
                         net (fo=0)                   0.000     0.000    u_mmcm/inst/clk_in1
    H16                  IBUF (Prop_ibuf_I_O)         0.406     0.406 r  u_mmcm/inst/clkin1_ibufg/O
                         net (fo=1, routed)           0.480     0.886    u_mmcm/inst/clk_in1_clk_wiz_audio
    MMCME2_ADV_X1Y2      MMCME2_ADV (Prop_mmcme2_adv_CLKIN1_CLKOUT0)
                                                     -3.407    -2.521 r  u_mmcm/inst/mmcm_adv_inst/CLKOUT0
                         net (fo=1, routed)           0.752    -1.769    u_mmcm/inst/clk_out1_clk_wiz_audio
    BUFGCTRL_X0Y16       BUFG (Prop_bufg_I_O)         0.029    -1.740 r  u_mmcm/inst/clkout1_buf/O
                         net (fo=10, routed)          0.895    -0.845    u_div/clk
    SLICE_X112Y72        FDCE                                         r  u_div/cnt_reg[1]/C
                         clock pessimism              0.239    -0.605    <hidden>
                         clock uncertainty            0.240    -0.366    <hidden>
    SLICE_X112Y72        FDCE (Hold_fdce_C_D)         0.120    -0.246    u_div/cnt_reg[1]
  -------------------------------------------------------------------
                         required time                          0.246    <hidden>
                         arrival time                          -0.205    <hidden>
  -------------------------------------------------------------------
                         slack                                  0.041    <hidden>

Slack (MET) :             0.063ns  (arrival time - required time)
  Source:                 u_div/cnt_reg[4]/C
                            (rising edge-triggered cell FDCE clocked by clk_out1_clk_wiz_audio_1  {rise@0.000ns fall@40.690ns period=81.380ns})
  Destination:            u_div/cnt_reg[5]/D
                            (rising edge-triggered cell FDCE clocked by clk_out1_clk_wiz_audio  {rise@0.000ns fall@40.690ns period=81.380ns})
  Path Group:             clk_out1_clk_wiz_audio
  Path Type:              Hold (Min at Fast Process Corner)
  Requirement:            0.000ns  (clk_out1_clk_wiz_audio rise@0.000ns - clk_out1_clk_wiz_audio_1 rise@0.000ns)
  Data Path Delay:        0.395ns  (logic 0.227ns (57.474%)  route 0.168ns (42.526%))
  Logic Levels:           1  (LUT6=1)
  Clock Path Skew:        0.000ns (DCD - SCD - CPR)
    Destination Clock Delay (DCD):    -0.845ns
    Source Clock Delay      (SCD):    -0.605ns
    Clock Pessimism Removal (CPR):    -0.239ns
  Clock Uncertainty:      0.240ns  ((TSJ^2 + DJ^2)^1/2) / 2 + PE
    Total System Jitter     (TSJ):    0.071ns
    Discrete Jitter          (DJ):    0.474ns
    Phase Error              (PE):    0.000ns
  Clock Domain Crossing:  Inter clock paths are considered valid unless explicitly excluded by timing constraints such as set_clock_groups or set_false_path.

    Location             Delay type                Incr(ns)  Path(ns)    Netlist Resource(s)
  -------------------------------------------------------------------    -------------------
                         (clock clk_out1_clk_wiz_audio_1 rise edge)
                                                      0.000     0.000 r  <hidden>
    H16                                               0.000     0.000 r  sysclk
                         net (fo=0)                   0.000     0.000    u_mmcm/inst/clk_in1
    H16                  IBUF (Prop_ibuf_I_O)         0.219     0.219 r  u_mmcm/inst/clkin1_ibufg/O
                         net (fo=1, routed)           0.440     0.659    u_mmcm/inst/clk_in1_clk_wiz_audio
    MMCME2_ADV_X1Y2      MMCME2_ADV (Prop_mmcme2_adv_CLKIN1_CLKOUT0)
                                                     -2.613    -1.954 r  u_mmcm/inst/mmcm_adv_inst/CLKOUT0
                         net (fo=1, routed)           0.696    -1.257    u_mmcm/inst/clk_out1_clk_wiz_audio
    BUFGCTRL_X0Y16       BUFG (Prop_bufg_I_O)         0.026    -1.231 r  u_mmcm/inst/clkout1_buf/O
                         net (fo=10, routed)          0.626    -0.605    u_div/clk
    SLICE_X113Y72        FDCE                                         r  u_div/cnt_reg[4]/C
  -------------------------------------------------------------------    -------------------
    SLICE_X113Y72        FDCE (Prop_fdce_C_Q)         0.128    -0.477 r  u_div/cnt_reg[4]/Q
                         net (fo=3, routed)           0.168    -0.309    u_div/cnt_reg_n_0_[4]
    SLICE_X113Y72        LUT6 (Prop_lut6_I4_O)        0.099    -0.210 r  u_div/cnt[5]_i_1/O
                         net (fo=1, routed)           0.000    -0.210    u_div/p_0_in[5]
    SLICE_X113Y72        FDCE                                         r  u_div/cnt_reg[5]/D
  -------------------------------------------------------------------    -------------------

                         (clock clk_out1_clk_wiz_audio rise edge)
                                                      0.000     0.000 r  <hidden>
    H16                                               0.000     0.000 r  sysclk
                         net (fo=0)                   0.000     0.000    u_mmcm/inst/clk_in1
    H16                  IBUF (Prop_ibuf_I_O)         0.406     0.406 r  u_mmcm/inst/clkin1_ibufg/O
                         net (fo=1, routed)           0.480     0.886    u_mmcm/inst/clk_in1_clk_wiz_audio
    MMCME2_ADV_X1Y2      MMCME2_ADV (Prop_mmcme2_adv_CLKIN1_CLKOUT0)
                                                     -3.407    -2.521 r  u_mmcm/inst/mmcm_adv_inst/CLKOUT0
                         net (fo=1, routed)           0.752    -1.769    u_mmcm/inst/clk_out1_clk_wiz_audio
    BUFGCTRL_X0Y16       BUFG (Prop_bufg_I_O)         0.029    -1.740 r  u_mmcm/inst/clkout1_buf/O
                         net (fo=10, routed)          0.895    -0.845    u_div/clk
    SLICE_X113Y72        FDCE                                         r  u_div/cnt_reg[5]/C
                         clock pessimism              0.239    -0.605    <hidden>
                         clock uncertainty            0.240    -0.366    <hidden>
    SLICE_X113Y72        FDCE (Hold_fdce_C_D)         0.092    -0.274    u_div/cnt_reg[5]
  -------------------------------------------------------------------
                         required time                          0.274    <hidden>
                         arrival time                          -0.210    <hidden>
  -------------------------------------------------------------------
                         slack                                  0.063    <hidden>

Slack (MET) :             0.103ns  (arrival time - required time)
  Source:                 u_div/cnt_reg[0]/C
                            (rising edge-triggered cell FDCE clocked by clk_out1_clk_wiz_audio_1  {rise@0.000ns fall@40.690ns period=81.380ns})
  Destination:            u_div/cnt_reg[7]/D
                            (rising edge-triggered cell FDCE clocked by clk_out1_clk_wiz_audio  {rise@0.000ns fall@40.690ns period=81.380ns})
  Path Group:             clk_out1_clk_wiz_audio
  Path Type:              Hold (Min at Fast Process Corner)
  Requirement:            0.000ns  (clk_out1_clk_wiz_audio rise@0.000ns - clk_out1_clk_wiz_audio_1 rise@0.000ns)
  Data Path Delay:        0.463ns  (logic 0.258ns (55.766%)  route 0.205ns (44.234%))
  Logic Levels:           2  (LUT3=1 LUT6=1)
  Clock Path Skew:        0.013ns (DCD - SCD - CPR)
    Destination Clock Delay (DCD):    -0.845ns
    Source Clock Delay      (SCD):    -0.605ns
    Clock Pessimism Removal (CPR):    -0.252ns
  Clock Uncertainty:      0.240ns  ((TSJ^2 + DJ^2)^1/2) / 2 + PE
    Total System Jitter     (TSJ):    0.071ns
    Discrete Jitter          (DJ):    0.474ns
    Phase Error              (PE):    0.000ns
  Clock Domain Crossing:  Inter clock paths are considered valid unless explicitly excluded by timing constraints such as set_clock_groups or set_false_path.

    Location             Delay type                Incr(ns)  Path(ns)    Netlist Resource(s)
  -------------------------------------------------------------------    -------------------
                         (clock clk_out1_clk_wiz_audio_1 rise edge)
                                                      0.000     0.000 r  <hidden>
    H16                                               0.000     0.000 r  sysclk
                         net (fo=0)                   0.000     0.000    u_mmcm/inst/clk_in1
    H16                  IBUF (Prop_ibuf_I_O)         0.219     0.219 r  u_mmcm/inst/clkin1_ibufg/O
                         net (fo=1, routed)           0.440     0.659    u_mmcm/inst/clk_in1_clk_wiz_audio
    MMCME2_ADV_X1Y2      MMCME2_ADV (Prop_mmcme2_adv_CLKIN1_CLKOUT0)
                                                     -2.613    -1.954 r  u_mmcm/inst/mmcm_adv_inst/CLKOUT0
                         net (fo=1, routed)           0.696    -1.257    u_mmcm/inst/clk_out1_clk_wiz_audio
    BUFGCTRL_X0Y16       BUFG (Prop_bufg_I_O)         0.026    -1.231 r  u_mmcm/inst/clkout1_buf/O
                         net (fo=10, routed)          0.626    -0.605    u_div/clk
    SLICE_X112Y72        FDCE                                         r  u_div/cnt_reg[0]/C
  -------------------------------------------------------------------    -------------------
    SLICE_X112Y72        FDCE (Prop_fdce_C_Q)         0.164    -0.441 r  u_div/cnt_reg[0]/Q
                         net (fo=7, routed)           0.066    -0.376    u_div/cnt_reg_n_0_[0]
    SLICE_X113Y72        LUT6 (Prop_lut6_I3_O)        0.045    -0.331 r  u_div/cnt[7]_i_3/O
                         net (fo=2, routed)           0.139    -0.192    u_div/cnt[7]_i_3_n_0
    SLICE_X113Y72        LUT3 (Prop_lut3_I0_O)        0.049    -0.143 r  u_div/cnt[7]_i_1/O
                         net (fo=1, routed)           0.000    -0.143    u_div/p_0_in[7]
    SLICE_X113Y72        FDCE                                         r  u_div/cnt_reg[7]/D
  -------------------------------------------------------------------    -------------------

                         (clock clk_out1_clk_wiz_audio rise edge)
                                                      0.000     0.000 r  <hidden>
    H16                                               0.000     0.000 r  sysclk
                         net (fo=0)                   0.000     0.000    u_mmcm/inst/clk_in1
    H16                  IBUF (Prop_ibuf_I_O)         0.406     0.406 r  u_mmcm/inst/clkin1_ibufg/O
                         net (fo=1, routed)           0.480     0.886    u_mmcm/inst/clk_in1_clk_wiz_audio
    MMCME2_ADV_X1Y2      MMCME2_ADV (Prop_mmcme2_adv_CLKIN1_CLKOUT0)
                                                     -3.407    -2.521 r  u_mmcm/inst/mmcm_adv_inst/CLKOUT0
                         net (fo=1, routed)           0.752    -1.769    u_mmcm/inst/clk_out1_clk_wiz_audio
    BUFGCTRL_X0Y16       BUFG (Prop_bufg_I_O)         0.029    -1.740 r  u_mmcm/inst/clkout1_buf/O
                         net (fo=10, routed)          0.895    -0.845    u_div/clk
    SLICE_X113Y72        FDCE                                         r  u_div/cnt_reg[7]/C
                         clock pessimism              0.252    -0.592    <hidden>
                         clock uncertainty            0.240    -0.353    <hidden>
    SLICE_X113Y72        FDCE (Hold_fdce_C_D)         0.107    -0.246    u_div/cnt_reg[7]
  -------------------------------------------------------------------
                         required time                          0.246    <hidden>
                         arrival time                          -0.143    <hidden>
  -------------------------------------------------------------------
                         slack                                  0.103    <hidden>

Slack (MET) :             0.109ns  (arrival time - required time)
  Source:                 u_div/cnt_reg[2]/C
                            (rising edge-triggered cell FDCE clocked by clk_out1_clk_wiz_audio_1  {rise@0.000ns fall@40.690ns period=81.380ns})
  Destination:            u_div/cnt_reg[4]/D
                            (rising edge-triggered cell FDCE clocked by clk_out1_clk_wiz_audio  {rise@0.000ns fall@40.690ns period=81.380ns})
  Path Group:             clk_out1_clk_wiz_audio
  Path Type:              Hold (Min at Fast Process Corner)
  Requirement:            0.000ns  (clk_out1_clk_wiz_audio rise@0.000ns - clk_out1_clk_wiz_audio_1 rise@0.000ns)
  Data Path Delay:        0.468ns  (logic 0.247ns (52.753%)  route 0.221ns (47.247%))
  Logic Levels:           1  (LUT5=1)
  Clock Path Skew:        0.013ns (DCD - SCD - CPR)
    Destination Clock Delay (DCD):    -0.845ns
    Source Clock Delay      (SCD):    -0.605ns
    Clock Pessimism Removal (CPR):    -0.252ns
  Clock Uncertainty:      0.240ns  ((TSJ^2 + DJ^2)^1/2) / 2 + PE
    Total System Jitter     (TSJ):    0.071ns
    Discrete Jitter          (DJ):    0.474ns
    Phase Error              (PE):    0.000ns
  Clock Domain Crossing:  Inter clock paths are considered valid unless explicitly excluded by timing constraints such as set_clock_groups or set_false_path.

    Location             Delay type                Incr(ns)  Path(ns)    Netlist Resource(s)
  -------------------------------------------------------------------    -------------------
                         (clock clk_out1_clk_wiz_audio_1 rise edge)
                                                      0.000     0.000 r  <hidden>
    H16                                               0.000     0.000 r  sysclk
                         net (fo=0)                   0.000     0.000    u_mmcm/inst/clk_in1
    H16                  IBUF (Prop_ibuf_I_O)         0.219     0.219 r  u_mmcm/inst/clkin1_ibufg/O
                         net (fo=1, routed)           0.440     0.659    u_mmcm/inst/clk_in1_clk_wiz_audio
    MMCME2_ADV_X1Y2      MMCME2_ADV (Prop_mmcme2_adv_CLKIN1_CLKOUT0)
                                                     -2.613    -1.954 r  u_mmcm/inst/mmcm_adv_inst/CLKOUT0
                         net (fo=1, routed)           0.696    -1.257    u_mmcm/inst/clk_out1_clk_wiz_audio
    BUFGCTRL_X0Y16       BUFG (Prop_bufg_I_O)         0.026    -1.231 r  u_mmcm/inst/clkout1_buf/O
                         net (fo=10, routed)          0.626    -0.605    u_div/clk
    SLICE_X112Y72        FDCE                                         r  u_div/cnt_reg[2]/C
  -------------------------------------------------------------------    -------------------
    SLICE_X112Y72        FDCE (Prop_fdce_C_Q)         0.148    -0.457 r  u_div/cnt_reg[2]/Q
                         net (fo=5, routed)           0.221    -0.236    u_div/cnt_reg_n_0_[2]
    SLICE_X113Y72        LUT5 (Prop_lut5_I0_O)        0.099    -0.137 r  u_div/cnt[4]_i_1/O
                         net (fo=1, routed)           0.000    -0.137    u_div/p_0_in[4]
    SLICE_X113Y72        FDCE                                         r  u_div/cnt_reg[4]/D
  -------------------------------------------------------------------    -------------------

                         (clock clk_out1_clk_wiz_audio rise edge)
                                                      0.000     0.000 r  <hidden>
    H16                                               0.000     0.000 r  sysclk
                         net (fo=0)                   0.000     0.000    u_mmcm/inst/clk_in1
    H16                  IBUF (Prop_ibuf_I_O)         0.406     0.406 r  u_mmcm/inst/clkin1_ibufg/O
                         net (fo=1, routed)           0.480     0.886    u_mmcm/inst/clk_in1_clk_wiz_audio
    MMCME2_ADV_X1Y2      MMCME2_ADV (Prop_mmcme2_adv_CLKIN1_CLKOUT0)
                                                     -3.407    -2.521 r  u_mmcm/inst/mmcm_adv_inst/CLKOUT0
                         net (fo=1, routed)           0.752    -1.769    u_mmcm/inst/clk_out1_clk_wiz_audio
    BUFGCTRL_X0Y16       BUFG (Prop_bufg_I_O)         0.029    -1.740 r  u_mmcm/inst/clkout1_buf/O
                         net (fo=10, routed)          0.895    -0.845    u_div/clk
    SLICE_X113Y72        FDCE                                         r  u_div/cnt_reg[4]/C
                         clock pessimism              0.252    -0.592    <hidden>
                         clock uncertainty            0.240    -0.353    <hidden>
    SLICE_X113Y72        FDCE (Hold_fdce_C_D)         0.107    -0.246    u_div/cnt_reg[4]
  -------------------------------------------------------------------
                         required time                          0.246    <hidden>
                         arrival time                          -0.137    <hidden>
  -------------------------------------------------------------------
                         slack                                  0.109    <hidden>

Slack (MET) :             0.114ns  (arrival time - required time)
  Source:                 u_div/cnt_reg[0]/C
                            (rising edge-triggered cell FDCE clocked by clk_out1_clk_wiz_audio_1  {rise@0.000ns fall@40.690ns period=81.380ns})
  Destination:            u_div/cnt_reg[6]/D
                            (rising edge-triggered cell FDCE clocked by clk_out1_clk_wiz_audio  {rise@0.000ns fall@40.690ns period=81.380ns})
  Path Group:             clk_out1_clk_wiz_audio
  Path Type:              Hold (Min at Fast Process Corner)
  Requirement:            0.000ns  (clk_out1_clk_wiz_audio rise@0.000ns - clk_out1_clk_wiz_audio_1 rise@0.000ns)
  Data Path Delay:        0.459ns  (logic 0.254ns (55.381%)  route 0.205ns (44.620%))
  Logic Levels:           2  (LUT2=1 LUT6=1)
  Clock Path Skew:        0.013ns (DCD - SCD - CPR)
    Destination Clock Delay (DCD):    -0.845ns
    Source Clock Delay      (SCD):    -0.605ns
    Clock Pessimism Removal (CPR):    -0.252ns
  Clock Uncertainty:      0.240ns  ((TSJ^2 + DJ^2)^1/2) / 2 + PE
    Total System Jitter     (TSJ):    0.071ns
    Discrete Jitter          (DJ):    0.474ns
    Phase Error              (PE):    0.000ns
  Clock Domain Crossing:  Inter clock paths are considered valid unless explicitly excluded by timing constraints such as set_clock_groups or set_false_path.

    Location             Delay type                Incr(ns)  Path(ns)    Netlist Resource(s)
  -------------------------------------------------------------------    -------------------
                         (clock clk_out1_clk_wiz_audio_1 rise edge)
                                                      0.000     0.000 r  <hidden>
    H16                                               0.000     0.000 r  sysclk
                         net (fo=0)                   0.000     0.000    u_mmcm/inst/clk_in1
    H16                  IBUF (Prop_ibuf_I_O)         0.219     0.219 r  u_mmcm/inst/clkin1_ibufg/O
                         net (fo=1, routed)           0.440     0.659    u_mmcm/inst/clk_in1_clk_wiz_audio
    MMCME2_ADV_X1Y2      MMCME2_ADV (Prop_mmcme2_adv_CLKIN1_CLKOUT0)
                                                     -2.613    -1.954 r  u_mmcm/inst/mmcm_adv_inst/CLKOUT0
                         net (fo=1, routed)           0.696    -1.257    u_mmcm/inst/clk_out1_clk_wiz_audio
    BUFGCTRL_X0Y16       BUFG (Prop_bufg_I_O)         0.026    -1.231 r  u_mmcm/inst/clkout1_buf/O
                         net (fo=10, routed)          0.626    -0.605    u_div/clk
    SLICE_X112Y72        FDCE                                         r  u_div/cnt_reg[0]/C
  -------------------------------------------------------------------    -------------------
    SLICE_X112Y72        FDCE (Prop_fdce_C_Q)         0.164    -0.441 r  u_div/cnt_reg[0]/Q
                         net (fo=7, routed)           0.066    -0.376    u_div/cnt_reg_n_0_[0]
    SLICE_X113Y72        LUT6 (Prop_lut6_I3_O)        0.045    -0.331 r  u_div/cnt[7]_i_3/O
                         net (fo=2, routed)           0.139    -0.192    u_div/cnt[7]_i_3_n_0
    SLICE_X113Y72        LUT2 (Prop_lut2_I0_O)        0.045    -0.147 r  u_div/cnt[6]_i_1/O
                         net (fo=1, routed)           0.000    -0.147    u_div/p_0_in[6]
    SLICE_X113Y72        FDCE                                         r  u_div/cnt_reg[6]/D
  -------------------------------------------------------------------    -------------------

                         (clock clk_out1_clk_wiz_audio rise edge)
                                                      0.000     0.000 r  <hidden>
    H16                                               0.000     0.000 r  sysclk
                         net (fo=0)                   0.000     0.000    u_mmcm/inst/clk_in1
    H16                  IBUF (Prop_ibuf_I_O)         0.406     0.406 r  u_mmcm/inst/clkin1_ibufg/O
                         net (fo=1, routed)           0.480     0.886    u_mmcm/inst/clk_in1_clk_wiz_audio
    MMCME2_ADV_X1Y2      MMCME2_ADV (Prop_mmcme2_adv_CLKIN1_CLKOUT0)
                                                     -3.407    -2.521 r  u_mmcm/inst/mmcm_adv_inst/CLKOUT0
                         net (fo=1, routed)           0.752    -1.769    u_mmcm/inst/clk_out1_clk_wiz_audio
    BUFGCTRL_X0Y16       BUFG (Prop_bufg_I_O)         0.029    -1.740 r  u_mmcm/inst/clkout1_buf/O
                         net (fo=10, routed)          0.895    -0.845    u_div/clk
    SLICE_X113Y72        FDCE                                         r  u_div/cnt_reg[6]/C
                         clock pessimism              0.252    -0.592    <hidden>
                         clock uncertainty            0.240    -0.353    <hidden>
    SLICE_X113Y72        FDCE (Hold_fdce_C_D)         0.092    -0.261    u_div/cnt_reg[6]
  -------------------------------------------------------------------
                         required time                          0.261    <hidden>
                         arrival time                          -0.147    <hidden>
  -------------------------------------------------------------------
                         slack                                  0.114    <hidden>

Slack (MET) :             0.124ns  (arrival time - required time)
  Source:                 u_div/cnt_reg[2]/C
                            (rising edge-triggered cell FDCE clocked by clk_out1_clk_wiz_audio_1  {rise@0.000ns fall@40.690ns period=81.380ns})
  Destination:            u_div/cnt_reg[3]/D
                            (rising edge-triggered cell FDCE clocked by clk_out1_clk_wiz_audio  {rise@0.000ns fall@40.690ns period=81.380ns})
  Path Group:             clk_out1_clk_wiz_audio
  Path Type:              Hold (Min at Fast Process Corner)
  Requirement:            0.000ns  (clk_out1_clk_wiz_audio rise@0.000ns - clk_out1_clk_wiz_audio_1 rise@0.000ns)
  Data Path Delay:        0.467ns  (logic 0.246ns (52.651%)  route 0.221ns (47.349%))
  Logic Levels:           1  (LUT4=1)
  Clock Path Skew:        0.013ns (DCD - SCD - CPR)
    Destination Clock Delay (DCD):    -0.845ns
    Source Clock Delay      (SCD):    -0.605ns
    Clock Pessimism Removal (CPR):    -0.252ns
  Clock Uncertainty:      0.240ns  ((TSJ^2 + DJ^2)^1/2) / 2 + PE
    Total System Jitter     (TSJ):    0.071ns
    Discrete Jitter          (DJ):    0.474ns
    Phase Error              (PE):    0.000ns
  Clock Domain Crossing:  Inter clock paths are considered valid unless explicitly excluded by timing constraints such as set_clock_groups or set_false_path.

    Location             Delay type                Incr(ns)  Path(ns)    Netlist Resource(s)
  -------------------------------------------------------------------    -------------------
                         (clock clk_out1_clk_wiz_audio_1 rise edge)
                                                      0.000     0.000 r  <hidden>
    H16                                               0.000     0.000 r  sysclk
                         net (fo=0)                   0.000     0.000    u_mmcm/inst/clk_in1
    H16                  IBUF (Prop_ibuf_I_O)         0.219     0.219 r  u_mmcm/inst/clkin1_ibufg/O
                         net (fo=1, routed)           0.440     0.659    u_mmcm/inst/clk_in1_clk_wiz_audio
    MMCME2_ADV_X1Y2      MMCME2_ADV (Prop_mmcme2_adv_CLKIN1_CLKOUT0)
                                                     -2.613    -1.954 r  u_mmcm/inst/mmcm_adv_inst/CLKOUT0
                         net (fo=1, routed)           0.696    -1.257    u_mmcm/inst/clk_out1_clk_wiz_audio
    BUFGCTRL_X0Y16       BUFG (Prop_bufg_I_O)         0.026    -1.231 r  u_mmcm/inst/clkout1_buf/O
                         net (fo=10, routed)          0.626    -0.605    u_div/clk
    SLICE_X112Y72        FDCE                                         r  u_div/cnt_reg[2]/C
  -------------------------------------------------------------------    -------------------
    SLICE_X112Y72        FDCE (Prop_fdce_C_Q)         0.148    -0.457 r  u_div/cnt_reg[2]/Q
                         net (fo=5, routed)           0.221    -0.236    u_div/cnt_reg_n_0_[2]
    SLICE_X113Y72        LUT4 (Prop_lut4_I2_O)        0.098    -0.138 r  u_div/cnt[3]_i_1/O
                         net (fo=1, routed)           0.000    -0.138    u_div/p_0_in[3]
    SLICE_X113Y72        FDCE                                         r  u_div/cnt_reg[3]/D
  -------------------------------------------------------------------    -------------------

                         (clock clk_out1_clk_wiz_audio rise edge)
                                                      0.000     0.000 r  <hidden>
    H16                                               0.000     0.000 r  sysclk
                         net (fo=0)                   0.000     0.000    u_mmcm/inst/clk_in1
    H16                  IBUF (Prop_ibuf_I_O)         0.406     0.406 r  u_mmcm/inst/clkin1_ibufg/O
                         net (fo=1, routed)           0.480     0.886    u_mmcm/inst/clk_in1_clk_wiz_audio
    MMCME2_ADV_X1Y2      MMCME2_ADV (Prop_mmcme2_adv_CLKIN1_CLKOUT0)
                                                     -3.407    -2.521 r  u_mmcm/inst/mmcm_adv_inst/CLKOUT0
                         net (fo=1, routed)           0.752    -1.769    u_mmcm/inst/clk_out1_clk_wiz_audio
    BUFGCTRL_X0Y16       BUFG (Prop_bufg_I_O)         0.029    -1.740 r  u_mmcm/inst/clkout1_buf/O
                         net (fo=10, routed)          0.895    -0.845    u_div/clk
    SLICE_X113Y72        FDCE                                         r  u_div/cnt_reg[3]/C
                         clock pessimism              0.252    -0.592    <hidden>
                         clock uncertainty            0.240    -0.353    <hidden>
    SLICE_X113Y72        FDCE (Hold_fdce_C_D)         0.091    -0.262    u_div/cnt_reg[3]
  -------------------------------------------------------------------
                         required time                          0.262    <hidden>
                         arrival time                          -0.138    <hidden>
  -------------------------------------------------------------------
                         slack                                  0.124    <hidden>

Slack (MET) :             0.503ns  (arrival time - required time)
  Source:                 u_div/cnt_reg[0]/C
                            (rising edge-triggered cell FDCE clocked by clk_out1_clk_wiz_audio_1  {rise@0.000ns fall@40.690ns period=81.380ns})
  Destination:            u_div/cnt_reg[0]/D
                            (rising edge-triggered cell FDCE clocked by clk_out1_clk_wiz_audio  {rise@0.000ns fall@40.690ns period=81.380ns})
  Path Group:             clk_out1_clk_wiz_audio
  Path Type:              Hold (Min at Fast Process Corner)
  Requirement:            0.000ns  (clk_out1_clk_wiz_audio rise@0.000ns - clk_out1_clk_wiz_audio_1 rise@0.000ns)
  Data Path Delay:        0.864ns  (logic 0.209ns (24.203%)  route 0.655ns (75.797%))
  Logic Levels:           1  (LUT1=1)
  Clock Path Skew:        0.000ns (DCD - SCD - CPR)
    Destination Clock Delay (DCD):    -0.845ns
    Source Clock Delay      (SCD):    -0.605ns
    Clock Pessimism Removal (CPR):    -0.239ns
  Clock Uncertainty:      0.240ns  ((TSJ^2 + DJ^2)^1/2) / 2 + PE
    Total System Jitter     (TSJ):    0.071ns
    Discrete Jitter          (DJ):    0.474ns
    Phase Error              (PE):    0.000ns
  Clock Domain Crossing:  Inter clock paths are considered valid unless explicitly excluded by timing constraints such as set_clock_groups or set_false_path.

    Location             Delay type                Incr(ns)  Path(ns)    Netlist Resource(s)
  -------------------------------------------------------------------    -------------------
                         (clock clk_out1_clk_wiz_audio_1 rise edge)
                                                      0.000     0.000 r  <hidden>
    H16                                               0.000     0.000 r  sysclk
                         net (fo=0)                   0.000     0.000    u_mmcm/inst/clk_in1
    H16                  IBUF (Prop_ibuf_I_O)         0.219     0.219 r  u_mmcm/inst/clkin1_ibufg/O
                         net (fo=1, routed)           0.440     0.659    u_mmcm/inst/clk_in1_clk_wiz_audio
    MMCME2_ADV_X1Y2      MMCME2_ADV (Prop_mmcme2_adv_CLKIN1_CLKOUT0)
                                                     -2.613    -1.954 r  u_mmcm/inst/mmcm_adv_inst/CLKOUT0
                         net (fo=1, routed)           0.696    -1.257    u_mmcm/inst/clk_out1_clk_wiz_audio
    BUFGCTRL_X0Y16       BUFG (Prop_bufg_I_O)         0.026    -1.231 r  u_mmcm/inst/clkout1_buf/O
                         net (fo=10, routed)          0.626    -0.605    u_div/clk
    SLICE_X112Y72        FDCE                                         r  u_div/cnt_reg[0]/C
  -------------------------------------------------------------------    -------------------
    SLICE_X112Y72        FDCE (Prop_fdce_C_Q)         0.164    -0.441 f  u_div/cnt_reg[0]/Q
                         net (fo=7, routed)           0.655     0.213    u_div/cnt_reg_n_0_[0]
    SLICE_X112Y72        LUT1 (Prop_lut1_I0_O)        0.045     0.258 r  u_div/cnt[0]_i_1/O
                         net (fo=1, routed)           0.000     0.258    u_div/p_0_in[0]
    SLICE_X112Y72        FDCE                                         r  u_div/cnt_reg[0]/D
  -------------------------------------------------------------------    -------------------

                         (clock clk_out1_clk_wiz_audio rise edge)
                                                      0.000     0.000 r  <hidden>
    H16                                               0.000     0.000 r  sysclk
                         net (fo=0)                   0.000     0.000    u_mmcm/inst/clk_in1
    H16                  IBUF (Prop_ibuf_I_O)         0.406     0.406 r  u_mmcm/inst/clkin1_ibufg/O
                         net (fo=1, routed)           0.480     0.886    u_mmcm/inst/clk_in1_clk_wiz_audio
    MMCME2_ADV_X1Y2      MMCME2_ADV (Prop_mmcme2_adv_CLKIN1_CLKOUT0)
                                                     -3.407    -2.521 r  u_mmcm/inst/mmcm_adv_inst/CLKOUT0
                         net (fo=1, routed)           0.752    -1.769    u_mmcm/inst/clk_out1_clk_wiz_audio
    BUFGCTRL_X0Y16       BUFG (Prop_bufg_I_O)         0.029    -1.740 r  u_mmcm/inst/clkout1_buf/O
                         net (fo=10, routed)          0.895    -0.845    u_div/clk
    SLICE_X112Y72        FDCE                                         r  u_div/cnt_reg[0]/C
                         clock pessimism              0.239    -0.605    <hidden>
                         clock uncertainty            0.240    -0.366    <hidden>
    SLICE_X112Y72        FDCE (Hold_fdce_C_D)         0.121    -0.245    u_div/cnt_reg[0]
  -------------------------------------------------------------------
                         required time                          0.245    <hidden>
                         arrival time                           0.258    <hidden>
  -------------------------------------------------------------------
                         slack                                  0.503    <hidden>





--------------------------------------------------------------------------------------
Path Group:  (none)
From Clock:  
  To Clock:  

Max Delay             1 Endpoint
Min Delay             1 Endpoint
--------------------------------------------------------------------------------------


Max Delay Paths
--------------------------------------------------------------------------------------
Slack:                    inf
  Source:                 ja_ad_sdout
                            (input port)
  Destination:            ja_da_sdin
                            (output port)
  Path Group:             (none)
  Path Type:              Max at Slow Process Corner
  Data Path Delay:        8.056ns  (logic 5.108ns (63.414%)  route 2.947ns (36.586%))
  Logic Levels:           2  (IBUF=1 OBUF=1)

    Location             Delay type                Incr(ns)  Path(ns)    Netlist Resource(s)
  -------------------------------------------------------------------    -------------------
    W19                                               0.000     0.000 r  ja_ad_sdout
                         net (fo=0)                   0.000     0.000    ja_ad_sdout
    W19                  IBUF (Prop_ibuf_I_O)         1.487     1.487 r  ja_ad_sdout_IBUF_inst/O
                         net (fo=1, routed)           2.947     4.434    ja_da_sdin_OBUF
    Y17                  OBUF (Prop_obuf_I_O)         3.622     8.056 r  ja_da_sdin_OBUF_inst/O
                         net (fo=0)                   0.000     8.056    ja_da_sdin
    Y17                                                               r  ja_da_sdin
  -------------------------------------------------------------------    -------------------





Min Delay Paths
--------------------------------------------------------------------------------------
Slack:                    inf
  Source:                 ja_ad_sdout
                            (input port)
  Destination:            ja_da_sdin
                            (output port)
  Path Group:             (none)
  Path Type:              Min at Fast Process Corner
  Data Path Delay:        2.388ns  (logic 1.576ns (65.993%)  route 0.812ns (34.007%))
  Logic Levels:           2  (IBUF=1 OBUF=1)

    Location             Delay type                Incr(ns)  Path(ns)    Netlist Resource(s)
  -------------------------------------------------------------------    -------------------
    W19                                               0.000     0.000 r  ja_ad_sdout
                         net (fo=0)                   0.000     0.000    ja_ad_sdout
    W19                  IBUF (Prop_ibuf_I_O)         0.255     0.255 r  ja_ad_sdout_IBUF_inst/O
                         net (fo=1, routed)           0.812     1.067    ja_da_sdin_OBUF
    Y17                  OBUF (Prop_obuf_I_O)         1.322     2.388 r  ja_da_sdin_OBUF_inst/O
                         net (fo=0)                   0.000     2.388    ja_da_sdin
    Y17                                                               r  ja_da_sdin
  -------------------------------------------------------------------    -------------------





--------------------------------------------------------------------------------------
Path Group:  (none)
From Clock:  clk_out1_clk_wiz_audio
  To Clock:  

Max Delay             6 Endpoints
Min Delay             6 Endpoints
--------------------------------------------------------------------------------------


Max Delay Paths
--------------------------------------------------------------------------------------
Slack:                    inf
  Source:                 u_mmcm/inst/mmcm_adv_inst/CLKOUT0
                            (clock source 'clk_out1_clk_wiz_audio'  {rise@0.000ns fall@40.690ns period=81.380ns})
  Destination:            ja_da_mclk
                            (output port)
  Path Group:             (none)
  Path Type:              Max at Slow Process Corner
  Data Path Delay:        9.047ns  (logic 3.680ns (40.681%)  route 5.367ns (59.319%))
  Logic Levels:           2  (BUFG=1 OBUF=1)
  Clock Uncertainty:      0.590ns  ((TSJ^2 + DJ^2)^1/2) / 2 + PE
    Total System Jitter     (TSJ):    0.050ns
    Discrete Jitter          (DJ):    0.474ns
    Phase Error              (PE):    0.352ns

    Location             Delay type                Incr(ns)  Path(ns)    Netlist Resource(s)
  -------------------------------------------------------------------    -------------------
                         (clock clk_out1_clk_wiz_audio fall edge)
                                                     40.690    40.690 f  <hidden>
    H16                                               0.000    40.690 f  sysclk
                         net (fo=0)                   0.000    40.690    u_mmcm/inst/clk_in1
    H16                  IBUF (Prop_ibuf_I_O)         1.451    42.141 f  u_mmcm/inst/clkin1_ibufg/O
                         net (fo=1, routed)           1.285    43.426    u_mmcm/inst/clk_in1_clk_wiz_audio
  -------------------------------------------------------------------    -------------------
    MMCME2_ADV_X1Y2      MMCME2_ADV (Prop_mmcme2_adv_CLKIN1_CLKOUT0)
                                                     -7.759    35.667 f  u_mmcm/inst/mmcm_adv_inst/CLKOUT0
                         net (fo=1, routed)           2.206    37.873    u_mmcm/inst/clk_out1_clk_wiz_audio
    BUFGCTRL_X0Y16       BUFG (Prop_bufg_I_O)         0.101    37.974 f  u_mmcm/inst/clkout1_buf/O
                         net (fo=10, routed)          3.161    41.134    ja_ad_mclk_OBUF
    Y18                  OBUF (Prop_obuf_I_O)         3.579    44.714 f  ja_da_mclk_OBUF_inst/O
                         net (fo=0)                   0.000    44.714    ja_da_mclk
    Y18                                                               f  ja_da_mclk
  -------------------------------------------------------------------    -------------------

Slack:                    inf
  Source:                 u_mmcm/inst/mmcm_adv_inst/CLKOUT0
                            (clock source 'clk_out1_clk_wiz_audio'  {rise@0.000ns fall@40.690ns period=81.380ns})
  Destination:            ja_ad_mclk
                            (output port)
  Path Group:             (none)
  Path Type:              Max at Slow Process Corner
  Data Path Delay:        9.011ns  (logic 3.654ns (40.553%)  route 5.357ns (59.447%))
  Logic Levels:           2  (BUFG=1 OBUF=1)
  Clock Uncertainty:      0.590ns  ((TSJ^2 + DJ^2)^1/2) / 2 + PE
    Total System Jitter     (TSJ):    0.050ns
    Discrete Jitter          (DJ):    0.474ns
    Phase Error              (PE):    0.352ns

    Location             Delay type                Incr(ns)  Path(ns)    Netlist Resource(s)
  -------------------------------------------------------------------    -------------------
                         (clock clk_out1_clk_wiz_audio fall edge)
                                                     40.690    40.690 f  <hidden>
    H16                                               0.000    40.690 f  sysclk
                         net (fo=0)                   0.000    40.690    u_mmcm/inst/clk_in1
    H16                  IBUF (Prop_ibuf_I_O)         1.451    42.141 f  u_mmcm/inst/clkin1_ibufg/O
                         net (fo=1, routed)           1.285    43.426    u_mmcm/inst/clk_in1_clk_wiz_audio
  -------------------------------------------------------------------    -------------------
    MMCME2_ADV_X1Y2      MMCME2_ADV (Prop_mmcme2_adv_CLKIN1_CLKOUT0)
                                                     -7.759    35.667 f  u_mmcm/inst/mmcm_adv_inst/CLKOUT0
                         net (fo=1, routed)           2.206    37.873    u_mmcm/inst/clk_out1_clk_wiz_audio
    BUFGCTRL_X0Y16       BUFG (Prop_bufg_I_O)         0.101    37.974 f  u_mmcm/inst/clkout1_buf/O
                         net (fo=10, routed)          3.151    41.124    ja_ad_mclk_OBUF
    U18                  OBUF (Prop_obuf_I_O)         3.553    44.678 f  ja_ad_mclk_OBUF_inst/O
                         net (fo=0)                   0.000    44.678    ja_ad_mclk
    U18                                                               f  ja_ad_mclk
  -------------------------------------------------------------------    -------------------

Slack:                    inf
  Source:                 u_div/cnt_reg[7]/C
                            (rising edge-triggered cell FDCE clocked by clk_out1_clk_wiz_audio  {rise@0.000ns fall@40.690ns period=81.380ns})
  Destination:            ja_da_lrck
                            (output port)
  Path Group:             (none)
  Path Type:              Max at Slow Process Corner
  Data Path Delay:        6.602ns  (logic 4.164ns (63.077%)  route 2.438ns (36.923%))
  Logic Levels:           1  (OBUF=1)
  Clock Uncertainty:      0.590ns  ((TSJ^2 + DJ^2)^1/2) / 2 + PE
    Total System Jitter     (TSJ):    0.050ns
    Discrete Jitter          (DJ):    0.474ns
    Phase Error              (PE):    0.352ns

    Location             Delay type                Incr(ns)  Path(ns)    Netlist Resource(s)
  -------------------------------------------------------------------    -------------------
                         (clock clk_out1_clk_wiz_audio rise edge)
                                                      0.000     0.000 r  <hidden>
    H16                                               0.000     0.000 r  sysclk
                         net (fo=0)                   0.000     0.000    u_mmcm/inst/clk_in1
    H16                  IBUF (Prop_ibuf_I_O)         1.451     1.451 r  u_mmcm/inst/clkin1_ibufg/O
                         net (fo=1, routed)           1.285     2.736    u_mmcm/inst/clk_in1_clk_wiz_audio
    MMCME2_ADV_X1Y2      MMCME2_ADV (Prop_mmcme2_adv_CLKIN1_CLKOUT0)
                                                     -7.759    -5.023 r  u_mmcm/inst/mmcm_adv_inst/CLKOUT0
                         net (fo=1, routed)           2.206    -2.817    u_mmcm/inst/clk_out1_clk_wiz_audio
    BUFGCTRL_X0Y16       BUFG (Prop_bufg_I_O)         0.101    -2.716 r  u_mmcm/inst/clkout1_buf/O
                         net (fo=10, routed)          1.848    -0.868    u_div/clk
    SLICE_X113Y72        FDCE                                         r  u_div/cnt_reg[7]/C
  -------------------------------------------------------------------    -------------------
    SLICE_X113Y72        FDCE (Prop_fdce_C_Q)         0.419    -0.449 r  u_div/cnt_reg[7]/Q
                         net (fo=3, routed)           2.438     1.988    ja_ad_lrck_OBUF
    Y19                  OBUF (Prop_obuf_I_O)         3.745     5.734 r  ja_da_lrck_OBUF_inst/O
                         net (fo=0)                   0.000     5.734    ja_da_lrck
    Y19                                                               r  ja_da_lrck
  -------------------------------------------------------------------    -------------------

Slack:                    inf
  Source:                 u_div/cnt_reg[1]/C
                            (rising edge-triggered cell FDCE clocked by clk_out1_clk_wiz_audio  {rise@0.000ns fall@40.690ns period=81.380ns})
  Destination:            ja_da_sclk
                            (output port)
  Path Group:             (none)
  Path Type:              Max at Slow Process Corner
  Data Path Delay:        6.343ns  (logic 4.142ns (65.295%)  route 2.201ns (34.705%))
  Logic Levels:           1  (OBUF=1)
  Clock Uncertainty:      0.590ns  ((TSJ^2 + DJ^2)^1/2) / 2 + PE
    Total System Jitter     (TSJ):    0.050ns
    Discrete Jitter          (DJ):    0.474ns
    Phase Error              (PE):    0.352ns

    Location             Delay type                Incr(ns)  Path(ns)    Netlist Resource(s)
  -------------------------------------------------------------------    -------------------
                         (clock clk_out1_clk_wiz_audio rise edge)
                                                      0.000     0.000 r  <hidden>
    H16                                               0.000     0.000 r  sysclk
                         net (fo=0)                   0.000     0.000    u_mmcm/inst/clk_in1
    H16                  IBUF (Prop_ibuf_I_O)         1.451     1.451 r  u_mmcm/inst/clkin1_ibufg/O
                         net (fo=1, routed)           1.285     2.736    u_mmcm/inst/clk_in1_clk_wiz_audio
    MMCME2_ADV_X1Y2      MMCME2_ADV (Prop_mmcme2_adv_CLKIN1_CLKOUT0)
                                                     -7.759    -5.023 r  u_mmcm/inst/mmcm_adv_inst/CLKOUT0
                         net (fo=1, routed)           2.206    -2.817    u_mmcm/inst/clk_out1_clk_wiz_audio
    BUFGCTRL_X0Y16       BUFG (Prop_bufg_I_O)         0.101    -2.716 r  u_mmcm/inst/clkout1_buf/O
                         net (fo=10, routed)          1.848    -0.868    u_div/clk
    SLICE_X112Y72        FDCE                                         r  u_div/cnt_reg[1]/C
  -------------------------------------------------------------------    -------------------
    SLICE_X112Y72        FDCE (Prop_fdce_C_Q)         0.518    -0.350 r  u_div/cnt_reg[1]/Q
                         net (fo=8, routed)           2.201     1.851    ja_ad_sclk_OBUF
    Y16                  OBUF (Prop_obuf_I_O)         3.624     5.475 r  ja_da_sclk_OBUF_inst/O
                         net (fo=0)                   0.000     5.475    ja_da_sclk
    Y16                                                               r  ja_da_sclk
  -------------------------------------------------------------------    -------------------

Slack:                    inf
  Source:                 u_div/cnt_reg[1]/C
                            (rising edge-triggered cell FDCE clocked by clk_out1_clk_wiz_audio  {rise@0.000ns fall@40.690ns period=81.380ns})
  Destination:            ja_ad_sclk
                            (output port)
  Path Group:             (none)
  Path Type:              Max at Slow Process Corner
  Data Path Delay:        6.211ns  (logic 4.063ns (65.415%)  route 2.148ns (34.585%))
  Logic Levels:           1  (OBUF=1)
  Clock Uncertainty:      0.590ns  ((TSJ^2 + DJ^2)^1/2) / 2 + PE
    Total System Jitter     (TSJ):    0.050ns
    Discrete Jitter          (DJ):    0.474ns
    Phase Error              (PE):    0.352ns

    Location             Delay type                Incr(ns)  Path(ns)    Netlist Resource(s)
  -------------------------------------------------------------------    -------------------
                         (clock clk_out1_clk_wiz_audio rise edge)
                                                      0.000     0.000 r  <hidden>
    H16                                               0.000     0.000 r  sysclk
                         net (fo=0)                   0.000     0.000    u_mmcm/inst/clk_in1
    H16                  IBUF (Prop_ibuf_I_O)         1.451     1.451 r  u_mmcm/inst/clkin1_ibufg/O
                         net (fo=1, routed)           1.285     2.736    u_mmcm/inst/clk_in1_clk_wiz_audio
    MMCME2_ADV_X1Y2      MMCME2_ADV (Prop_mmcme2_adv_CLKIN1_CLKOUT0)
                                                     -7.759    -5.023 r  u_mmcm/inst/mmcm_adv_inst/CLKOUT0
                         net (fo=1, routed)           2.206    -2.817    u_mmcm/inst/clk_out1_clk_wiz_audio
    BUFGCTRL_X0Y16       BUFG (Prop_bufg_I_O)         0.101    -2.716 r  u_mmcm/inst/clkout1_buf/O
                         net (fo=10, routed)          1.848    -0.868    u_div/clk
    SLICE_X112Y72        FDCE                                         r  u_div/cnt_reg[1]/C
  -------------------------------------------------------------------    -------------------
    SLICE_X112Y72        FDCE (Prop_fdce_C_Q)         0.518    -0.350 r  u_div/cnt_reg[1]/Q
                         net (fo=8, routed)           2.148     1.798    ja_ad_sclk_OBUF
    W18                  OBUF (Prop_obuf_I_O)         3.545     5.343 r  ja_ad_sclk_OBUF_inst/O
                         net (fo=0)                   0.000     5.343    ja_ad_sclk
    W18                                                               r  ja_ad_sclk
  -------------------------------------------------------------------    -------------------

Slack:                    inf
  Source:                 u_div/cnt_reg[7]/C
                            (rising edge-triggered cell FDCE clocked by clk_out1_clk_wiz_audio  {rise@0.000ns fall@40.690ns period=81.380ns})
  Destination:            ja_ad_lrck
                            (output port)
  Path Group:             (none)
  Path Type:              Max at Slow Process Corner
  Data Path Delay:        6.070ns  (logic 4.149ns (68.351%)  route 1.921ns (31.649%))
  Logic Levels:           1  (OBUF=1)
  Clock Uncertainty:      0.590ns  ((TSJ^2 + DJ^2)^1/2) / 2 + PE
    Total System Jitter     (TSJ):    0.050ns
    Discrete Jitter          (DJ):    0.474ns
    Phase Error              (PE):    0.352ns

    Location             Delay type                Incr(ns)  Path(ns)    Netlist Resource(s)
  -------------------------------------------------------------------    -------------------
                         (clock clk_out1_clk_wiz_audio rise edge)
                                                      0.000     0.000 r  <hidden>
    H16                                               0.000     0.000 r  sysclk
                         net (fo=0)                   0.000     0.000    u_mmcm/inst/clk_in1
    H16                  IBUF (Prop_ibuf_I_O)         1.451     1.451 r  u_mmcm/inst/clkin1_ibufg/O
                         net (fo=1, routed)           1.285     2.736    u_mmcm/inst/clk_in1_clk_wiz_audio
    MMCME2_ADV_X1Y2      MMCME2_ADV (Prop_mmcme2_adv_CLKIN1_CLKOUT0)
                                                     -7.759    -5.023 r  u_mmcm/inst/mmcm_adv_inst/CLKOUT0
                         net (fo=1, routed)           2.206    -2.817    u_mmcm/inst/clk_out1_clk_wiz_audio
    BUFGCTRL_X0Y16       BUFG (Prop_bufg_I_O)         0.101    -2.716 r  u_mmcm/inst/clkout1_buf/O
                         net (fo=10, routed)          1.848    -0.868    u_div/clk
    SLICE_X113Y72        FDCE                                         r  u_div/cnt_reg[7]/C
  -------------------------------------------------------------------    -------------------
    SLICE_X113Y72        FDCE (Prop_fdce_C_Q)         0.419    -0.449 r  u_div/cnt_reg[7]/Q
                         net (fo=3, routed)           1.921     1.472    ja_ad_lrck_OBUF
    U19                  OBUF (Prop_obuf_I_O)         3.730     5.202 r  ja_ad_lrck_OBUF_inst/O
                         net (fo=0)                   0.000     5.202    ja_ad_lrck
    U19                                                               r  ja_ad_lrck
  -------------------------------------------------------------------    -------------------





Min Delay Paths
--------------------------------------------------------------------------------------
Slack:                    inf
  Source:                 u_mmcm/inst/mmcm_adv_inst/CLKOUT0
                            (clock source 'clk_out1_clk_wiz_audio'  {rise@0.000ns fall@40.690ns period=81.380ns})
  Destination:            ja_ad_mclk
                            (output port)
  Path Group:             (none)
  Path Type:              Min at Fast Process Corner
  Data Path Delay:        2.755ns  (logic 1.280ns (46.458%)  route 1.475ns (53.542%))
  Logic Levels:           2  (BUFG=1 OBUF=1)
  Clock Uncertainty:      0.590ns  ((TSJ^2 + DJ^2)^1/2) / 2 + PE
    Total System Jitter     (TSJ):    0.050ns
    Discrete Jitter          (DJ):    0.474ns
    Phase Error              (PE):    0.352ns

    Location             Delay type                Incr(ns)  Path(ns)    Netlist Resource(s)
  -------------------------------------------------------------------    -------------------
                         (clock clk_out1_clk_wiz_audio rise edge)
                                                      0.000     0.000 r  <hidden>
    H16                                               0.000     0.000 r  sysclk
                         net (fo=0)                   0.000     0.000    u_mmcm/inst/clk_in1
    H16                  IBUF (Prop_ibuf_I_O)         0.219     0.219 r  u_mmcm/inst/clkin1_ibufg/O
                         net (fo=1, routed)           0.440     0.659    u_mmcm/inst/clk_in1_clk_wiz_audio
  -------------------------------------------------------------------    -------------------
    MMCME2_ADV_X1Y2      MMCME2_ADV (Prop_mmcme2_adv_CLKIN1_CLKOUT0)
                                                     -2.613    -1.954 r  u_mmcm/inst/mmcm_adv_inst/CLKOUT0
                         net (fo=1, routed)           0.696    -1.257    u_mmcm/inst/clk_out1_clk_wiz_audio
    BUFGCTRL_X0Y16       BUFG (Prop_bufg_I_O)         0.026    -1.231 r  u_mmcm/inst/clkout1_buf/O
                         net (fo=10, routed)          0.778    -0.453    ja_ad_mclk_OBUF
    U18                  OBUF (Prop_obuf_I_O)         1.254     0.801 r  ja_ad_mclk_OBUF_inst/O
                         net (fo=0)                   0.000     0.801    ja_ad_mclk
    U18                                                               r  ja_ad_mclk
  -------------------------------------------------------------------    -------------------

Slack:                    inf
  Source:                 u_mmcm/inst/mmcm_adv_inst/CLKOUT0
                            (clock source 'clk_out1_clk_wiz_audio'  {rise@0.000ns fall@40.690ns period=81.380ns})
  Destination:            ja_da_mclk
                            (output port)
  Path Group:             (none)
  Path Type:              Min at Fast Process Corner
  Data Path Delay:        2.788ns  (logic 1.306ns (46.841%)  route 1.482ns (53.159%))
  Logic Levels:           2  (BUFG=1 OBUF=1)
  Clock Uncertainty:      0.590ns  ((TSJ^2 + DJ^2)^1/2) / 2 + PE
    Total System Jitter     (TSJ):    0.050ns
    Discrete Jitter          (DJ):    0.474ns
    Phase Error              (PE):    0.352ns

    Location             Delay type                Incr(ns)  Path(ns)    Netlist Resource(s)
  -------------------------------------------------------------------    -------------------
                         (clock clk_out1_clk_wiz_audio rise edge)
                                                      0.000     0.000 r  <hidden>
    H16                                               0.000     0.000 r  sysclk
                         net (fo=0)                   0.000     0.000    u_mmcm/inst/clk_in1
    H16                  IBUF (Prop_ibuf_I_O)         0.219     0.219 r  u_mmcm/inst/clkin1_ibufg/O
                         net (fo=1, routed)           0.440     0.659    u_mmcm/inst/clk_in1_clk_wiz_audio
  -------------------------------------------------------------------    -------------------
    MMCME2_ADV_X1Y2      MMCME2_ADV (Prop_mmcme2_adv_CLKIN1_CLKOUT0)
                                                     -2.613    -1.954 r  u_mmcm/inst/mmcm_adv_inst/CLKOUT0
                         net (fo=1, routed)           0.696    -1.257    u_mmcm/inst/clk_out1_clk_wiz_audio
    BUFGCTRL_X0Y16       BUFG (Prop_bufg_I_O)         0.026    -1.231 r  u_mmcm/inst/clkout1_buf/O
                         net (fo=10, routed)          0.785    -0.446    ja_ad_mclk_OBUF
    Y18                  OBUF (Prop_obuf_I_O)         1.280     0.834 r  ja_da_mclk_OBUF_inst/O
                         net (fo=0)                   0.000     0.834    ja_da_mclk
    Y18                                                               r  ja_da_mclk
  -------------------------------------------------------------------    -------------------

Slack:                    inf
  Source:                 u_div/cnt_reg[7]/C
                            (rising edge-triggered cell FDCE clocked by clk_out1_clk_wiz_audio  {rise@0.000ns fall@40.690ns period=81.380ns})
  Destination:            ja_ad_lrck
                            (output port)
  Path Group:             (none)
  Path Type:              Min at Fast Process Corner
  Data Path Delay:        1.919ns  (logic 1.440ns (75.028%)  route 0.479ns (24.972%))
  Logic Levels:           1  (OBUF=1)
  Clock Uncertainty:      0.590ns  ((TSJ^2 + DJ^2)^1/2) / 2 + PE
    Total System Jitter     (TSJ):    0.050ns
    Discrete Jitter          (DJ):    0.474ns
    Phase Error              (PE):    0.352ns

    Location             Delay type                Incr(ns)  Path(ns)    Netlist Resource(s)
  -------------------------------------------------------------------    -------------------
                         (clock clk_out1_clk_wiz_audio rise edge)
                                                      0.000     0.000 r  <hidden>
    H16                                               0.000     0.000 r  sysclk
                         net (fo=0)                   0.000     0.000    u_mmcm/inst/clk_in1
    H16                  IBUF (Prop_ibuf_I_O)         0.219     0.219 r  u_mmcm/inst/clkin1_ibufg/O
                         net (fo=1, routed)           0.440     0.659    u_mmcm/inst/clk_in1_clk_wiz_audio
    MMCME2_ADV_X1Y2      MMCME2_ADV (Prop_mmcme2_adv_CLKIN1_CLKOUT0)
                                                     -2.613    -1.954 r  u_mmcm/inst/mmcm_adv_inst/CLKOUT0
                         net (fo=1, routed)           0.696    -1.257    u_mmcm/inst/clk_out1_clk_wiz_audio
    BUFGCTRL_X0Y16       BUFG (Prop_bufg_I_O)         0.026    -1.231 r  u_mmcm/inst/clkout1_buf/O
                         net (fo=10, routed)          0.626    -0.605    u_div/clk
    SLICE_X113Y72        FDCE                                         r  u_div/cnt_reg[7]/C
  -------------------------------------------------------------------    -------------------
    SLICE_X113Y72        FDCE (Prop_fdce_C_Q)         0.128    -0.477 r  u_div/cnt_reg[7]/Q
                         net (fo=3, routed)           0.479     0.002    ja_ad_lrck_OBUF
    U19                  OBUF (Prop_obuf_I_O)         1.312     1.313 r  ja_ad_lrck_OBUF_inst/O
                         net (fo=0)                   0.000     1.313    ja_ad_lrck
    U19                                                               r  ja_ad_lrck
  -------------------------------------------------------------------    -------------------

Slack:                    inf
  Source:                 u_div/cnt_reg[1]/C
                            (rising edge-triggered cell FDCE clocked by clk_out1_clk_wiz_audio  {rise@0.000ns fall@40.690ns period=81.380ns})
  Destination:            ja_ad_sclk
                            (output port)
  Path Group:             (none)
  Path Type:              Min at Fast Process Corner
  Data Path Delay:        1.962ns  (logic 1.410ns (71.856%)  route 0.552ns (28.144%))
  Logic Levels:           1  (OBUF=1)
  Clock Uncertainty:      0.590ns  ((TSJ^2 + DJ^2)^1/2) / 2 + PE
    Total System Jitter     (TSJ):    0.050ns
    Discrete Jitter          (DJ):    0.474ns
    Phase Error              (PE):    0.352ns

    Location             Delay type                Incr(ns)  Path(ns)    Netlist Resource(s)
  -------------------------------------------------------------------    -------------------
                         (clock clk_out1_clk_wiz_audio rise edge)
                                                      0.000     0.000 r  <hidden>
    H16                                               0.000     0.000 r  sysclk
                         net (fo=0)                   0.000     0.000    u_mmcm/inst/clk_in1
    H16                  IBUF (Prop_ibuf_I_O)         0.219     0.219 r  u_mmcm/inst/clkin1_ibufg/O
                         net (fo=1, routed)           0.440     0.659    u_mmcm/inst/clk_in1_clk_wiz_audio
    MMCME2_ADV_X1Y2      MMCME2_ADV (Prop_mmcme2_adv_CLKIN1_CLKOUT0)
                                                     -2.613    -1.954 r  u_mmcm/inst/mmcm_adv_inst/CLKOUT0
                         net (fo=1, routed)           0.696    -1.257    u_mmcm/inst/clk_out1_clk_wiz_audio
    BUFGCTRL_X0Y16       BUFG (Prop_bufg_I_O)         0.026    -1.231 r  u_mmcm/inst/clkout1_buf/O
                         net (fo=10, routed)          0.626    -0.605    u_div/clk
    SLICE_X112Y72        FDCE                                         r  u_div/cnt_reg[1]/C
  -------------------------------------------------------------------    -------------------
    SLICE_X112Y72        FDCE (Prop_fdce_C_Q)         0.164    -0.441 r  u_div/cnt_reg[1]/Q
                         net (fo=8, routed)           0.552     0.111    ja_ad_sclk_OBUF
    W18                  OBUF (Prop_obuf_I_O)         1.246     1.357 r  ja_ad_sclk_OBUF_inst/O
                         net (fo=0)                   0.000     1.357    ja_ad_sclk
    W18                                                               r  ja_ad_sclk
  -------------------------------------------------------------------    -------------------

Slack:                    inf
  Source:                 u_div/cnt_reg[1]/C
                            (rising edge-triggered cell FDCE clocked by clk_out1_clk_wiz_audio  {rise@0.000ns fall@40.690ns period=81.380ns})
  Destination:            ja_da_sclk
                            (output port)
  Path Group:             (none)
  Path Type:              Min at Fast Process Corner
  Data Path Delay:        2.103ns  (logic 1.488ns (70.738%)  route 0.615ns (29.262%))
  Logic Levels:           1  (OBUF=1)
  Clock Uncertainty:      0.590ns  ((TSJ^2 + DJ^2)^1/2) / 2 + PE
    Total System Jitter     (TSJ):    0.050ns
    Discrete Jitter          (DJ):    0.474ns
    Phase Error              (PE):    0.352ns

    Location             Delay type                Incr(ns)  Path(ns)    Netlist Resource(s)
  -------------------------------------------------------------------    -------------------
                         (clock clk_out1_clk_wiz_audio rise edge)
                                                      0.000     0.000 r  <hidden>
    H16                                               0.000     0.000 r  sysclk
                         net (fo=0)                   0.000     0.000    u_mmcm/inst/clk_in1
    H16                  IBUF (Prop_ibuf_I_O)         0.219     0.219 r  u_mmcm/inst/clkin1_ibufg/O
                         net (fo=1, routed)           0.440     0.659    u_mmcm/inst/clk_in1_clk_wiz_audio
    MMCME2_ADV_X1Y2      MMCME2_ADV (Prop_mmcme2_adv_CLKIN1_CLKOUT0)
                                                     -2.613    -1.954 r  u_mmcm/inst/mmcm_adv_inst/CLKOUT0
                         net (fo=1, routed)           0.696    -1.257    u_mmcm/inst/clk_out1_clk_wiz_audio
    BUFGCTRL_X0Y16       BUFG (Prop_bufg_I_O)         0.026    -1.231 r  u_mmcm/inst/clkout1_buf/O
                         net (fo=10, routed)          0.626    -0.605    u_div/clk
    SLICE_X112Y72        FDCE                                         r  u_div/cnt_reg[1]/C
  -------------------------------------------------------------------    -------------------
    SLICE_X112Y72        FDCE (Prop_fdce_C_Q)         0.164    -0.441 r  u_div/cnt_reg[1]/Q
                         net (fo=8, routed)           0.615     0.174    ja_ad_sclk_OBUF
    Y16                  OBUF (Prop_obuf_I_O)         1.324     1.498 r  ja_da_sclk_OBUF_inst/O
                         net (fo=0)                   0.000     1.498    ja_da_sclk
    Y16                                                               r  ja_da_sclk
  -------------------------------------------------------------------    -------------------

Slack:                    inf
  Source:                 u_div/cnt_reg[7]/C
                            (rising edge-triggered cell FDCE clocked by clk_out1_clk_wiz_audio  {rise@0.000ns fall@40.690ns period=81.380ns})
  Destination:            ja_da_lrck
                            (output port)
  Path Group:             (none)
  Path Type:              Min at Fast Process Corner
  Data Path Delay:        2.168ns  (logic 1.455ns (67.089%)  route 0.714ns (32.911%))
  Logic Levels:           1  (OBUF=1)
  Clock Uncertainty:      0.590ns  ((TSJ^2 + DJ^2)^1/2) / 2 + PE
    Total System Jitter     (TSJ):    0.050ns
    Discrete Jitter          (DJ):    0.474ns
    Phase Error              (PE):    0.352ns

    Location             Delay type                Incr(ns)  Path(ns)    Netlist Resource(s)
  -------------------------------------------------------------------    -------------------
                         (clock clk_out1_clk_wiz_audio rise edge)
                                                      0.000     0.000 r  <hidden>
    H16                                               0.000     0.000 r  sysclk
                         net (fo=0)                   0.000     0.000    u_mmcm/inst/clk_in1
    H16                  IBUF (Prop_ibuf_I_O)         0.219     0.219 r  u_mmcm/inst/clkin1_ibufg/O
                         net (fo=1, routed)           0.440     0.659    u_mmcm/inst/clk_in1_clk_wiz_audio
    MMCME2_ADV_X1Y2      MMCME2_ADV (Prop_mmcme2_adv_CLKIN1_CLKOUT0)
                                                     -2.613    -1.954 r  u_mmcm/inst/mmcm_adv_inst/CLKOUT0
                         net (fo=1, routed)           0.696    -1.257    u_mmcm/inst/clk_out1_clk_wiz_audio
    BUFGCTRL_X0Y16       BUFG (Prop_bufg_I_O)         0.026    -1.231 r  u_mmcm/inst/clkout1_buf/O
                         net (fo=10, routed)          0.626    -0.605    u_div/clk
    SLICE_X113Y72        FDCE                                         r  u_div/cnt_reg[7]/C
  -------------------------------------------------------------------    -------------------
    SLICE_X113Y72        FDCE (Prop_fdce_C_Q)         0.128    -0.477 r  u_div/cnt_reg[7]/Q
                         net (fo=3, routed)           0.714     0.236    ja_ad_lrck_OBUF
    Y19                  OBUF (Prop_obuf_I_O)         1.327     1.563 r  ja_da_lrck_OBUF_inst/O
                         net (fo=0)                   0.000     1.563    ja_da_lrck
    Y19                                                               r  ja_da_lrck
  -------------------------------------------------------------------    -------------------





--------------------------------------------------------------------------------------
Path Group:  (none)
From Clock:  clk_out1_clk_wiz_audio_1
  To Clock:  

Max Delay             6 Endpoints
Min Delay             6 Endpoints
--------------------------------------------------------------------------------------


Max Delay Paths
--------------------------------------------------------------------------------------
Slack:                    inf
  Source:                 u_mmcm/inst/mmcm_adv_inst/CLKOUT0
                            (clock source 'clk_out1_clk_wiz_audio_1'  {rise@0.000ns fall@40.690ns period=81.380ns})
  Destination:            ja_da_mclk
                            (output port)
  Path Group:             (none)
  Path Type:              Max at Slow Process Corner
  Data Path Delay:        9.047ns  (logic 3.680ns (40.681%)  route 5.367ns (59.319%))
  Logic Levels:           2  (BUFG=1 OBUF=1)
  Clock Uncertainty:      0.579ns  ((TSJ^2 + DJ^2)^1/2) / 2 + PE
    Total System Jitter     (TSJ):    0.050ns
    Discrete Jitter          (DJ):    0.451ns
    Phase Error              (PE):    0.352ns

    Location             Delay type                Incr(ns)  Path(ns)    Netlist Resource(s)
  -------------------------------------------------------------------    -------------------
                         (clock clk_out1_clk_wiz_audio_1 fall edge)
                                                     40.690    40.690 f  <hidden>
    H16                                               0.000    40.690 f  sysclk
                         net (fo=0)                   0.000    40.690    u_mmcm/inst/clk_in1
    H16                  IBUF (Prop_ibuf_I_O)         1.451    42.141 f  u_mmcm/inst/clkin1_ibufg/O
                         net (fo=1, routed)           1.285    43.426    u_mmcm/inst/clk_in1_clk_wiz_audio
  -------------------------------------------------------------------    -------------------
    MMCME2_ADV_X1Y2      MMCME2_ADV (Prop_mmcme2_adv_CLKIN1_CLKOUT0)
                                                     -7.759    35.667 f  u_mmcm/inst/mmcm_adv_inst/CLKOUT0
                         net (fo=1, routed)           2.206    37.873    u_mmcm/inst/clk_out1_clk_wiz_audio
    BUFGCTRL_X0Y16       BUFG (Prop_bufg_I_O)         0.101    37.974 f  u_mmcm/inst/clkout1_buf/O
                         net (fo=10, routed)          3.161    41.134    ja_ad_mclk_OBUF
    Y18                  OBUF (Prop_obuf_I_O)         3.579    44.714 f  ja_da_mclk_OBUF_inst/O
                         net (fo=0)                   0.000    44.714    ja_da_mclk
    Y18                                                               f  ja_da_mclk
  -------------------------------------------------------------------    -------------------

Slack:                    inf
  Source:                 u_mmcm/inst/mmcm_adv_inst/CLKOUT0
                            (clock source 'clk_out1_clk_wiz_audio_1'  {rise@0.000ns fall@40.690ns period=81.380ns})
  Destination:            ja_ad_mclk
                            (output port)
  Path Group:             (none)
  Path Type:              Max at Slow Process Corner
  Data Path Delay:        9.011ns  (logic 3.654ns (40.553%)  route 5.357ns (59.447%))
  Logic Levels:           2  (BUFG=1 OBUF=1)
  Clock Uncertainty:      0.579ns  ((TSJ^2 + DJ^2)^1/2) / 2 + PE
    Total System Jitter     (TSJ):    0.050ns
    Discrete Jitter          (DJ):    0.451ns
    Phase Error              (PE):    0.352ns

    Location             Delay type                Incr(ns)  Path(ns)    Netlist Resource(s)
  -------------------------------------------------------------------    -------------------
                         (clock clk_out1_clk_wiz_audio_1 fall edge)
                                                     40.690    40.690 f  <hidden>
    H16                                               0.000    40.690 f  sysclk
                         net (fo=0)                   0.000    40.690    u_mmcm/inst/clk_in1
    H16                  IBUF (Prop_ibuf_I_O)         1.451    42.141 f  u_mmcm/inst/clkin1_ibufg/O
                         net (fo=1, routed)           1.285    43.426    u_mmcm/inst/clk_in1_clk_wiz_audio
  -------------------------------------------------------------------    -------------------
    MMCME2_ADV_X1Y2      MMCME2_ADV (Prop_mmcme2_adv_CLKIN1_CLKOUT0)
                                                     -7.759    35.667 f  u_mmcm/inst/mmcm_adv_inst/CLKOUT0
                         net (fo=1, routed)           2.206    37.873    u_mmcm/inst/clk_out1_clk_wiz_audio
    BUFGCTRL_X0Y16       BUFG (Prop_bufg_I_O)         0.101    37.974 f  u_mmcm/inst/clkout1_buf/O
                         net (fo=10, routed)          3.151    41.124    ja_ad_mclk_OBUF
    U18                  OBUF (Prop_obuf_I_O)         3.553    44.678 f  ja_ad_mclk_OBUF_inst/O
                         net (fo=0)                   0.000    44.678    ja_ad_mclk
    U18                                                               f  ja_ad_mclk
  -------------------------------------------------------------------    -------------------

Slack:                    inf
  Source:                 u_div/cnt_reg[7]/C
                            (rising edge-triggered cell FDCE clocked by clk_out1_clk_wiz_audio_1  {rise@0.000ns fall@40.690ns period=81.380ns})
  Destination:            ja_da_lrck
                            (output port)
  Path Group:             (none)
  Path Type:              Max at Slow Process Corner
  Data Path Delay:        6.602ns  (logic 4.164ns (63.077%)  route 2.438ns (36.923%))
  Logic Levels:           1  (OBUF=1)
  Clock Uncertainty:      0.579ns  ((TSJ^2 + DJ^2)^1/2) / 2 + PE
    Total System Jitter     (TSJ):    0.050ns
    Discrete Jitter          (DJ):    0.451ns
    Phase Error              (PE):    0.352ns

    Location             Delay type                Incr(ns)  Path(ns)    Netlist Resource(s)
  -------------------------------------------------------------------    -------------------
                         (clock clk_out1_clk_wiz_audio_1 rise edge)
                                                      0.000     0.000 r  <hidden>
    H16                                               0.000     0.000 r  sysclk
                         net (fo=0)                   0.000     0.000    u_mmcm/inst/clk_in1
    H16                  IBUF (Prop_ibuf_I_O)         1.451     1.451 r  u_mmcm/inst/clkin1_ibufg/O
                         net (fo=1, routed)           1.285     2.736    u_mmcm/inst/clk_in1_clk_wiz_audio
    MMCME2_ADV_X1Y2      MMCME2_ADV (Prop_mmcme2_adv_CLKIN1_CLKOUT0)
                                                     -7.759    -5.023 r  u_mmcm/inst/mmcm_adv_inst/CLKOUT0
                         net (fo=1, routed)           2.206    -2.817    u_mmcm/inst/clk_out1_clk_wiz_audio
    BUFGCTRL_X0Y16       BUFG (Prop_bufg_I_O)         0.101    -2.716 r  u_mmcm/inst/clkout1_buf/O
                         net (fo=10, routed)          1.848    -0.868    u_div/clk
    SLICE_X113Y72        FDCE                                         r  u_div/cnt_reg[7]/C
  -------------------------------------------------------------------    -------------------
    SLICE_X113Y72        FDCE (Prop_fdce_C_Q)         0.419    -0.449 r  u_div/cnt_reg[7]/Q
                         net (fo=3, routed)           2.438     1.988    ja_ad_lrck_OBUF
    Y19                  OBUF (Prop_obuf_I_O)         3.745     5.734 r  ja_da_lrck_OBUF_inst/O
                         net (fo=0)                   0.000     5.734    ja_da_lrck
    Y19                                                               r  ja_da_lrck
  -------------------------------------------------------------------    -------------------

Slack:                    inf
  Source:                 u_div/cnt_reg[1]/C
                            (rising edge-triggered cell FDCE clocked by clk_out1_clk_wiz_audio_1  {rise@0.000ns fall@40.690ns period=81.380ns})
  Destination:            ja_da_sclk
                            (output port)
  Path Group:             (none)
  Path Type:              Max at Slow Process Corner
  Data Path Delay:        6.343ns  (logic 4.142ns (65.295%)  route 2.201ns (34.705%))
  Logic Levels:           1  (OBUF=1)
  Clock Uncertainty:      0.579ns  ((TSJ^2 + DJ^2)^1/2) / 2 + PE
    Total System Jitter     (TSJ):    0.050ns
    Discrete Jitter          (DJ):    0.451ns
    Phase Error              (PE):    0.352ns

    Location             Delay type                Incr(ns)  Path(ns)    Netlist Resource(s)
  -------------------------------------------------------------------    -------------------
                         (clock clk_out1_clk_wiz_audio_1 rise edge)
                                                      0.000     0.000 r  <hidden>
    H16                                               0.000     0.000 r  sysclk
                         net (fo=0)                   0.000     0.000    u_mmcm/inst/clk_in1
    H16                  IBUF (Prop_ibuf_I_O)         1.451     1.451 r  u_mmcm/inst/clkin1_ibufg/O
                         net (fo=1, routed)           1.285     2.736    u_mmcm/inst/clk_in1_clk_wiz_audio
    MMCME2_ADV_X1Y2      MMCME2_ADV (Prop_mmcme2_adv_CLKIN1_CLKOUT0)
                                                     -7.759    -5.023 r  u_mmcm/inst/mmcm_adv_inst/CLKOUT0
                         net (fo=1, routed)           2.206    -2.817    u_mmcm/inst/clk_out1_clk_wiz_audio
    BUFGCTRL_X0Y16       BUFG (Prop_bufg_I_O)         0.101    -2.716 r  u_mmcm/inst/clkout1_buf/O
                         net (fo=10, routed)          1.848    -0.868    u_div/clk
    SLICE_X112Y72        FDCE                                         r  u_div/cnt_reg[1]/C
  -------------------------------------------------------------------    -------------------
    SLICE_X112Y72        FDCE (Prop_fdce_C_Q)         0.518    -0.350 r  u_div/cnt_reg[1]/Q
                         net (fo=8, routed)           2.201     1.851    ja_ad_sclk_OBUF
    Y16                  OBUF (Prop_obuf_I_O)         3.624     5.475 r  ja_da_sclk_OBUF_inst/O
                         net (fo=0)                   0.000     5.475    ja_da_sclk
    Y16                                                               r  ja_da_sclk
  -------------------------------------------------------------------    -------------------

Slack:                    inf
  Source:                 u_div/cnt_reg[1]/C
                            (rising edge-triggered cell FDCE clocked by clk_out1_clk_wiz_audio_1  {rise@0.000ns fall@40.690ns period=81.380ns})
  Destination:            ja_ad_sclk
                            (output port)
  Path Group:             (none)
  Path Type:              Max at Slow Process Corner
  Data Path Delay:        6.211ns  (logic 4.063ns (65.415%)  route 2.148ns (34.585%))
  Logic Levels:           1  (OBUF=1)
  Clock Uncertainty:      0.579ns  ((TSJ^2 + DJ^2)^1/2) / 2 + PE
    Total System Jitter     (TSJ):    0.050ns
    Discrete Jitter          (DJ):    0.451ns
    Phase Error              (PE):    0.352ns

    Location             Delay type                Incr(ns)  Path(ns)    Netlist Resource(s)
  -------------------------------------------------------------------    -------------------
                         (clock clk_out1_clk_wiz_audio_1 rise edge)
                                                      0.000     0.000 r  <hidden>
    H16                                               0.000     0.000 r  sysclk
                         net (fo=0)                   0.000     0.000    u_mmcm/inst/clk_in1
    H16                  IBUF (Prop_ibuf_I_O)         1.451     1.451 r  u_mmcm/inst/clkin1_ibufg/O
                         net (fo=1, routed)           1.285     2.736    u_mmcm/inst/clk_in1_clk_wiz_audio
    MMCME2_ADV_X1Y2      MMCME2_ADV (Prop_mmcme2_adv_CLKIN1_CLKOUT0)
                                                     -7.759    -5.023 r  u_mmcm/inst/mmcm_adv_inst/CLKOUT0
                         net (fo=1, routed)           2.206    -2.817    u_mmcm/inst/clk_out1_clk_wiz_audio
    BUFGCTRL_X0Y16       BUFG (Prop_bufg_I_O)         0.101    -2.716 r  u_mmcm/inst/clkout1_buf/O
                         net (fo=10, routed)          1.848    -0.868    u_div/clk
    SLICE_X112Y72        FDCE                                         r  u_div/cnt_reg[1]/C
  -------------------------------------------------------------------    -------------------
    SLICE_X112Y72        FDCE (Prop_fdce_C_Q)         0.518    -0.350 r  u_div/cnt_reg[1]/Q
                         net (fo=8, routed)           2.148     1.798    ja_ad_sclk_OBUF
    W18                  OBUF (Prop_obuf_I_O)         3.545     5.343 r  ja_ad_sclk_OBUF_inst/O
                         net (fo=0)                   0.000     5.343    ja_ad_sclk
    W18                                                               r  ja_ad_sclk
  -------------------------------------------------------------------    -------------------

Slack:                    inf
  Source:                 u_div/cnt_reg[7]/C
                            (rising edge-triggered cell FDCE clocked by clk_out1_clk_wiz_audio_1  {rise@0.000ns fall@40.690ns period=81.380ns})
  Destination:            ja_ad_lrck
                            (output port)
  Path Group:             (none)
  Path Type:              Max at Slow Process Corner
  Data Path Delay:        6.070ns  (logic 4.149ns (68.351%)  route 1.921ns (31.649%))
  Logic Levels:           1  (OBUF=1)
  Clock Uncertainty:      0.579ns  ((TSJ^2 + DJ^2)^1/2) / 2 + PE
    Total System Jitter     (TSJ):    0.050ns
    Discrete Jitter          (DJ):    0.451ns
    Phase Error              (PE):    0.352ns

    Location             Delay type                Incr(ns)  Path(ns)    Netlist Resource(s)
  -------------------------------------------------------------------    -------------------
                         (clock clk_out1_clk_wiz_audio_1 rise edge)
                                                      0.000     0.000 r  <hidden>
    H16                                               0.000     0.000 r  sysclk
                         net (fo=0)                   0.000     0.000    u_mmcm/inst/clk_in1
    H16                  IBUF (Prop_ibuf_I_O)         1.451     1.451 r  u_mmcm/inst/clkin1_ibufg/O
                         net (fo=1, routed)           1.285     2.736    u_mmcm/inst/clk_in1_clk_wiz_audio
    MMCME2_ADV_X1Y2      MMCME2_ADV (Prop_mmcme2_adv_CLKIN1_CLKOUT0)
                                                     -7.759    -5.023 r  u_mmcm/inst/mmcm_adv_inst/CLKOUT0
                         net (fo=1, routed)           2.206    -2.817    u_mmcm/inst/clk_out1_clk_wiz_audio
    BUFGCTRL_X0Y16       BUFG (Prop_bufg_I_O)         0.101    -2.716 r  u_mmcm/inst/clkout1_buf/O
                         net (fo=10, routed)          1.848    -0.868    u_div/clk
    SLICE_X113Y72        FDCE                                         r  u_div/cnt_reg[7]/C
  -------------------------------------------------------------------    -------------------
    SLICE_X113Y72        FDCE (Prop_fdce_C_Q)         0.419    -0.449 r  u_div/cnt_reg[7]/Q
                         net (fo=3, routed)           1.921     1.472    ja_ad_lrck_OBUF
    U19                  OBUF (Prop_obuf_I_O)         3.730     5.202 r  ja_ad_lrck_OBUF_inst/O
                         net (fo=0)                   0.000     5.202    ja_ad_lrck
    U19                                                               r  ja_ad_lrck
  -------------------------------------------------------------------    -------------------





Min Delay Paths
--------------------------------------------------------------------------------------
Slack:                    inf
  Source:                 u_mmcm/inst/mmcm_adv_inst/CLKOUT0
                            (clock source 'clk_out1_clk_wiz_audio_1'  {rise@0.000ns fall@40.690ns period=81.380ns})
  Destination:            ja_ad_mclk
                            (output port)
  Path Group:             (none)
  Path Type:              Min at Fast Process Corner
  Data Path Delay:        2.755ns  (logic 1.280ns (46.458%)  route 1.475ns (53.542%))
  Logic Levels:           2  (BUFG=1 OBUF=1)
  Clock Uncertainty:      0.579ns  ((TSJ^2 + DJ^2)^1/2) / 2 + PE
    Total System Jitter     (TSJ):    0.050ns
    Discrete Jitter          (DJ):    0.451ns
    Phase Error              (PE):    0.352ns

    Location             Delay type                Incr(ns)  Path(ns)    Netlist Resource(s)
  -------------------------------------------------------------------    -------------------
                         (clock clk_out1_clk_wiz_audio_1 rise edge)
                                                      0.000     0.000 r  <hidden>
    H16                                               0.000     0.000 r  sysclk
                         net (fo=0)                   0.000     0.000    u_mmcm/inst/clk_in1
    H16                  IBUF (Prop_ibuf_I_O)         0.219     0.219 r  u_mmcm/inst/clkin1_ibufg/O
                         net (fo=1, routed)           0.440     0.659    u_mmcm/inst/clk_in1_clk_wiz_audio
  -------------------------------------------------------------------    -------------------
    MMCME2_ADV_X1Y2      MMCME2_ADV (Prop_mmcme2_adv_CLKIN1_CLKOUT0)
                                                     -2.613    -1.954 r  u_mmcm/inst/mmcm_adv_inst/CLKOUT0
                         net (fo=1, routed)           0.696    -1.257    u_mmcm/inst/clk_out1_clk_wiz_audio
    BUFGCTRL_X0Y16       BUFG (Prop_bufg_I_O)         0.026    -1.231 r  u_mmcm/inst/clkout1_buf/O
                         net (fo=10, routed)          0.778    -0.453    ja_ad_mclk_OBUF
    U18                  OBUF (Prop_obuf_I_O)         1.254     0.801 r  ja_ad_mclk_OBUF_inst/O
                         net (fo=0)                   0.000     0.801    ja_ad_mclk
    U18                                                               r  ja_ad_mclk
  -------------------------------------------------------------------    -------------------

Slack:                    inf
  Source:                 u_mmcm/inst/mmcm_adv_inst/CLKOUT0
                            (clock source 'clk_out1_clk_wiz_audio_1'  {rise@0.000ns fall@40.690ns period=81.380ns})
  Destination:            ja_da_mclk
                            (output port)
  Path Group:             (none)
  Path Type:              Min at Fast Process Corner
  Data Path Delay:        2.788ns  (logic 1.306ns (46.841%)  route 1.482ns (53.159%))
  Logic Levels:           2  (BUFG=1 OBUF=1)
  Clock Uncertainty:      0.579ns  ((TSJ^2 + DJ^2)^1/2) / 2 + PE
    Total System Jitter     (TSJ):    0.050ns
    Discrete Jitter          (DJ):    0.451ns
    Phase Error              (PE):    0.352ns

    Location             Delay type                Incr(ns)  Path(ns)    Netlist Resource(s)
  -------------------------------------------------------------------    -------------------
                         (clock clk_out1_clk_wiz_audio_1 rise edge)
                                                      0.000     0.000 r  <hidden>
    H16                                               0.000     0.000 r  sysclk
                         net (fo=0)                   0.000     0.000    u_mmcm/inst/clk_in1
    H16                  IBUF (Prop_ibuf_I_O)         0.219     0.219 r  u_mmcm/inst/clkin1_ibufg/O
                         net (fo=1, routed)           0.440     0.659    u_mmcm/inst/clk_in1_clk_wiz_audio
  -------------------------------------------------------------------    -------------------
    MMCME2_ADV_X1Y2      MMCME2_ADV (Prop_mmcme2_adv_CLKIN1_CLKOUT0)
                                                     -2.613    -1.954 r  u_mmcm/inst/mmcm_adv_inst/CLKOUT0
                         net (fo=1, routed)           0.696    -1.257    u_mmcm/inst/clk_out1_clk_wiz_audio
    BUFGCTRL_X0Y16       BUFG (Prop_bufg_I_O)         0.026    -1.231 r  u_mmcm/inst/clkout1_buf/O
                         net (fo=10, routed)          0.785    -0.446    ja_ad_mclk_OBUF
    Y18                  OBUF (Prop_obuf_I_O)         1.280     0.834 r  ja_da_mclk_OBUF_inst/O
                         net (fo=0)                   0.000     0.834    ja_da_mclk
    Y18                                                               r  ja_da_mclk
  -------------------------------------------------------------------    -------------------

Slack:                    inf
  Source:                 u_div/cnt_reg[7]/C
                            (rising edge-triggered cell FDCE clocked by clk_out1_clk_wiz_audio_1  {rise@0.000ns fall@40.690ns period=81.380ns})
  Destination:            ja_ad_lrck
                            (output port)
  Path Group:             (none)
  Path Type:              Min at Fast Process Corner
  Data Path Delay:        1.919ns  (logic 1.440ns (75.028%)  route 0.479ns (24.972%))
  Logic Levels:           1  (OBUF=1)
  Clock Uncertainty:      0.579ns  ((TSJ^2 + DJ^2)^1/2) / 2 + PE
    Total System Jitter     (TSJ):    0.050ns
    Discrete Jitter          (DJ):    0.451ns
    Phase Error              (PE):    0.352ns

    Location             Delay type                Incr(ns)  Path(ns)    Netlist Resource(s)
  -------------------------------------------------------------------    -------------------
                         (clock clk_out1_clk_wiz_audio_1 rise edge)
                                                      0.000     0.000 r  <hidden>
    H16                                               0.000     0.000 r  sysclk
                         net (fo=0)                   0.000     0.000    u_mmcm/inst/clk_in1
    H16                  IBUF (Prop_ibuf_I_O)         0.219     0.219 r  u_mmcm/inst/clkin1_ibufg/O
                         net (fo=1, routed)           0.440     0.659    u_mmcm/inst/clk_in1_clk_wiz_audio
    MMCME2_ADV_X1Y2      MMCME2_ADV (Prop_mmcme2_adv_CLKIN1_CLKOUT0)
                                                     -2.613    -1.954 r  u_mmcm/inst/mmcm_adv_inst/CLKOUT0
                         net (fo=1, routed)           0.696    -1.257    u_mmcm/inst/clk_out1_clk_wiz_audio
    BUFGCTRL_X0Y16       BUFG (Prop_bufg_I_O)         0.026    -1.231 r  u_mmcm/inst/clkout1_buf/O
                         net (fo=10, routed)          0.626    -0.605    u_div/clk
    SLICE_X113Y72        FDCE                                         r  u_div/cnt_reg[7]/C
  -------------------------------------------------------------------    -------------------
    SLICE_X113Y72        FDCE (Prop_fdce_C_Q)         0.128    -0.477 r  u_div/cnt_reg[7]/Q
                         net (fo=3, routed)           0.479     0.002    ja_ad_lrck_OBUF
    U19                  OBUF (Prop_obuf_I_O)         1.312     1.313 r  ja_ad_lrck_OBUF_inst/O
                         net (fo=0)                   0.000     1.313    ja_ad_lrck
    U19                                                               r  ja_ad_lrck
  -------------------------------------------------------------------    -------------------

Slack:                    inf
  Source:                 u_div/cnt_reg[1]/C
                            (rising edge-triggered cell FDCE clocked by clk_out1_clk_wiz_audio_1  {rise@0.000ns fall@40.690ns period=81.380ns})
  Destination:            ja_ad_sclk
                            (output port)
  Path Group:             (none)
  Path Type:              Min at Fast Process Corner
  Data Path Delay:        1.962ns  (logic 1.410ns (71.856%)  route 0.552ns (28.144%))
  Logic Levels:           1  (OBUF=1)
  Clock Uncertainty:      0.579ns  ((TSJ^2 + DJ^2)^1/2) / 2 + PE
    Total System Jitter     (TSJ):    0.050ns
    Discrete Jitter          (DJ):    0.451ns
    Phase Error              (PE):    0.352ns

    Location             Delay type                Incr(ns)  Path(ns)    Netlist Resource(s)
  -------------------------------------------------------------------    -------------------
                         (clock clk_out1_clk_wiz_audio_1 rise edge)
                                                      0.000     0.000 r  <hidden>
    H16                                               0.000     0.000 r  sysclk
                         net (fo=0)                   0.000     0.000    u_mmcm/inst/clk_in1
    H16                  IBUF (Prop_ibuf_I_O)         0.219     0.219 r  u_mmcm/inst/clkin1_ibufg/O
                         net (fo=1, routed)           0.440     0.659    u_mmcm/inst/clk_in1_clk_wiz_audio
    MMCME2_ADV_X1Y2      MMCME2_ADV (Prop_mmcme2_adv_CLKIN1_CLKOUT0)
                                                     -2.613    -1.954 r  u_mmcm/inst/mmcm_adv_inst/CLKOUT0
                         net (fo=1, routed)           0.696    -1.257    u_mmcm/inst/clk_out1_clk_wiz_audio
    BUFGCTRL_X0Y16       BUFG (Prop_bufg_I_O)         0.026    -1.231 r  u_mmcm/inst/clkout1_buf/O
                         net (fo=10, routed)          0.626    -0.605    u_div/clk
    SLICE_X112Y72        FDCE                                         r  u_div/cnt_reg[1]/C
  -------------------------------------------------------------------    -------------------
    SLICE_X112Y72        FDCE (Prop_fdce_C_Q)         0.164    -0.441 r  u_div/cnt_reg[1]/Q
                         net (fo=8, routed)           0.552     0.111    ja_ad_sclk_OBUF
    W18                  OBUF (Prop_obuf_I_O)         1.246     1.357 r  ja_ad_sclk_OBUF_inst/O
                         net (fo=0)                   0.000     1.357    ja_ad_sclk
    W18                                                               r  ja_ad_sclk
  -------------------------------------------------------------------    -------------------

Slack:                    inf
  Source:                 u_div/cnt_reg[1]/C
                            (rising edge-triggered cell FDCE clocked by clk_out1_clk_wiz_audio_1  {rise@0.000ns fall@40.690ns period=81.380ns})
  Destination:            ja_da_sclk
                            (output port)
  Path Group:             (none)
  Path Type:              Min at Fast Process Corner
  Data Path Delay:        2.103ns  (logic 1.488ns (70.738%)  route 0.615ns (29.262%))
  Logic Levels:           1  (OBUF=1)
  Clock Uncertainty:      0.579ns  ((TSJ^2 + DJ^2)^1/2) / 2 + PE
    Total System Jitter     (TSJ):    0.050ns
    Discrete Jitter          (DJ):    0.451ns
    Phase Error              (PE):    0.352ns

    Location             Delay type                Incr(ns)  Path(ns)    Netlist Resource(s)
  -------------------------------------------------------------------    -------------------
                         (clock clk_out1_clk_wiz_audio_1 rise edge)
                                                      0.000     0.000 r  <hidden>
    H16                                               0.000     0.000 r  sysclk
                         net (fo=0)                   0.000     0.000    u_mmcm/inst/clk_in1
    H16                  IBUF (Prop_ibuf_I_O)         0.219     0.219 r  u_mmcm/inst/clkin1_ibufg/O
                         net (fo=1, routed)           0.440     0.659    u_mmcm/inst/clk_in1_clk_wiz_audio
    MMCME2_ADV_X1Y2      MMCME2_ADV (Prop_mmcme2_adv_CLKIN1_CLKOUT0)
                                                     -2.613    -1.954 r  u_mmcm/inst/mmcm_adv_inst/CLKOUT0
                         net (fo=1, routed)           0.696    -1.257    u_mmcm/inst/clk_out1_clk_wiz_audio
    BUFGCTRL_X0Y16       BUFG (Prop_bufg_I_O)         0.026    -1.231 r  u_mmcm/inst/clkout1_buf/O
                         net (fo=10, routed)          0.626    -0.605    u_div/clk
    SLICE_X112Y72        FDCE                                         r  u_div/cnt_reg[1]/C
  -------------------------------------------------------------------    -------------------
    SLICE_X112Y72        FDCE (Prop_fdce_C_Q)         0.164    -0.441 r  u_div/cnt_reg[1]/Q
                         net (fo=8, routed)           0.615     0.174    ja_ad_sclk_OBUF
    Y16                  OBUF (Prop_obuf_I_O)         1.324     1.498 r  ja_da_sclk_OBUF_inst/O
                         net (fo=0)                   0.000     1.498    ja_da_sclk
    Y16                                                               r  ja_da_sclk
  -------------------------------------------------------------------    -------------------

Slack:                    inf
  Source:                 u_div/cnt_reg[7]/C
                            (rising edge-triggered cell FDCE clocked by clk_out1_clk_wiz_audio_1  {rise@0.000ns fall@40.690ns period=81.380ns})
  Destination:            ja_da_lrck
                            (output port)
  Path Group:             (none)
  Path Type:              Min at Fast Process Corner
  Data Path Delay:        2.168ns  (logic 1.455ns (67.089%)  route 0.714ns (32.911%))
  Logic Levels:           1  (OBUF=1)
  Clock Uncertainty:      0.579ns  ((TSJ^2 + DJ^2)^1/2) / 2 + PE
    Total System Jitter     (TSJ):    0.050ns
    Discrete Jitter          (DJ):    0.451ns
    Phase Error              (PE):    0.352ns

    Location             Delay type                Incr(ns)  Path(ns)    Netlist Resource(s)
  -------------------------------------------------------------------    -------------------
                         (clock clk_out1_clk_wiz_audio_1 rise edge)
                                                      0.000     0.000 r  <hidden>
    H16                                               0.000     0.000 r  sysclk
                         net (fo=0)                   0.000     0.000    u_mmcm/inst/clk_in1
    H16                  IBUF (Prop_ibuf_I_O)         0.219     0.219 r  u_mmcm/inst/clkin1_ibufg/O
                         net (fo=1, routed)           0.440     0.659    u_mmcm/inst/clk_in1_clk_wiz_audio
    MMCME2_ADV_X1Y2      MMCME2_ADV (Prop_mmcme2_adv_CLKIN1_CLKOUT0)
                                                     -2.613    -1.954 r  u_mmcm/inst/mmcm_adv_inst/CLKOUT0
                         net (fo=1, routed)           0.696    -1.257    u_mmcm/inst/clk_out1_clk_wiz_audio
    BUFGCTRL_X0Y16       BUFG (Prop_bufg_I_O)         0.026    -1.231 r  u_mmcm/inst/clkout1_buf/O
                         net (fo=10, routed)          0.626    -0.605    u_div/clk
    SLICE_X113Y72        FDCE                                         r  u_div/cnt_reg[7]/C
  -------------------------------------------------------------------    -------------------
    SLICE_X113Y72        FDCE (Prop_fdce_C_Q)         0.128    -0.477 r  u_div/cnt_reg[7]/Q
                         net (fo=3, routed)           0.714     0.236    ja_ad_lrck_OBUF
    Y19                  OBUF (Prop_obuf_I_O)         1.327     1.563 r  ja_da_lrck_OBUF_inst/O
                         net (fo=0)                   0.000     1.563    ja_da_lrck
    Y19                                                               r  ja_da_lrck
  -------------------------------------------------------------------    -------------------





