Copyright 1986-2022 Xilinx, Inc. All Rights Reserved. Copyright 2022-2026 Advanced Micro Devices, Inc. All Rights Reserved.
------------------------------------------------------------------------------------------------------------------------------------------------------------------------------------------------------------------------------------------
| Tool Version : Vivado v.2026.1 (win64) Build 6511674 Tue Jun 16 11:02:23 MDT 2026
| Date         : Fri Aug 14 17:55:30 2026
| Host         : DESKTOP-3RVCKQ3 running 64-bit major release  (build 9200)
| Command      : report_timing_summary -max_paths 10 -routable_nets -report_unconstrained -file phase3_top_timing_summary_routed.rpt -pb phase3_top_timing_summary_routed.pb -rpx phase3_top_timing_summary_routed.rpx -warn_on_violation
| Design       : phase3_top
| Device       : 7z020-clg400
| Speed File   : -1  PRODUCTION 1.12 2019-11-22
| Design State : Routed
------------------------------------------------------------------------------------------------------------------------------------------------------------------------------------------------------------------------------------------

Timing Summary Report

------------------------------------------------------------------------------------------------
| Timer Settings
| --------------
------------------------------------------------------------------------------------------------

  Enable Multi Corner Analysis               :  Yes
  Enable Pessimism Removal                   :  Yes
  Pessimism Removal Resolution               :  Nearest Common Node
  Enable Input Delay Default Clock           :  No
  Enable Preset / Clear Arcs                 :  No
  Disable Flight Delays                      :  No
  Ignore I/O Paths                           :  No
  Timing Early Launch at Borrowing Latches   :  No
  Borrow Time for Max Delay Exceptions       :  Yes
  Merge Timing Exceptions                    :  Yes
  Inter-SLR Compensation                     :  Conservative

  Corner  Analyze    Analyze    
  Name    Max Paths  Min Paths  
  ------  ---------  ---------  
  Slow    Yes        Yes        
  Fast    Yes        Yes        


------------------------------------------------------------------------------------------------
| Report Methodology
| ------------------
------------------------------------------------------------------------------------------------

Rule       Severity          Description                                                       Violations  
---------  ----------------  ----------------------------------------------------------------  ----------  
TIMING-6   Critical Warning  No common primary clock between related clocks                    2           
TIMING-56  Warning           Missing logically or physically excluded clock groups constraint  2           

Note: This report is based on the most recent report_methodology run and may not be up-to-date. Run report_methodology on the current design for the latest report.



check_timing report

Table of Contents
-----------------
1. checking no_clock (0)
2. checking constant_clock (0)
3. checking pulse_width_clock (0)
4. checking unconstrained_internal_endpoints (0)
5. checking no_input_delay (2)
6. checking no_output_delay (10)
7. checking multiple_clock (328)
8. checking generated_clocks (0)
9. checking loops (0)
10. checking partial_input_delay (0)
11. checking partial_output_delay (0)
12. checking latch_loops (0)

1. checking no_clock (0)
------------------------
 There are 0 register/latch pins with no clock.


2. checking constant_clock (0)
------------------------------
 There are 0 register/latch pins with constant_clock.


3. checking pulse_width_clock (0)
---------------------------------
 There are 0 register/latch pins which need pulse_width check


4. checking unconstrained_internal_endpoints (0)
------------------------------------------------
 There are 0 pins that are not constrained for maximum delay.

 There are 0 pins that are not constrained for maximum delay due to constant clock.


5. checking no_input_delay (2)
------------------------------
 There are 2 input ports with no input delay specified. (HIGH)

 There are 0 input ports with no input delay but user has a false path constraint.


6. checking no_output_delay (10)
--------------------------------
 There are 10 ports with no output delay specified. (HIGH)

 There are 0 ports with no output delay but user has a false path constraint

 There are 0 ports with no output delay but with a timing clock defined on it or propagating through it


7. checking multiple_clock (328)
--------------------------------
 There are 328 register/latch pins with multiple clocks. (HIGH)


8. checking generated_clocks (0)
--------------------------------
 There are 0 generated clocks that are not connected to a clock source.


9. checking loops (0)
---------------------
 There are 0 combinational loops in the design.


10. checking partial_input_delay (0)
------------------------------------
 There are 0 input ports with partial input delay specified.


11. checking partial_output_delay (0)
-------------------------------------
 There are 0 ports with partial output delay specified.


12. checking latch_loops (0)
----------------------------
 There are 0 combinational latch loops in the design through latch input



------------------------------------------------------------------------------------------------
| Design Timing Summary
| ---------------------
------------------------------------------------------------------------------------------------

    WNS(ns)      TNS(ns)  TNS Failing Endpoints  TNS Total Endpoints      WHS(ns)      THS(ns)  THS Failing Endpoints  THS Total Endpoints     WPWS(ns)     TPWS(ns)  TPWS Failing Endpoints  TPWS Total Endpoints  
    -------      -------  ---------------------  -------------------      -------      -------  ---------------------  -------------------     --------     --------  ----------------------  --------------------  
     75.028        0.000                      0                  961        0.007        0.000                      0                  961        2.000        0.000                       0                   334  


All user specified timing constraints are met.


------------------------------------------------------------------------------------------------
| Clock Summary
| -------------
------------------------------------------------------------------------------------------------

Clock                       Waveform(ns)         Period(ns)      Frequency(MHz)
-----                       ------------         ----------      --------------
sys_clk_pin                 {0.000 4.000}        8.000           125.000         
  clk_out1_clk_wiz_audio_1  {0.000 40.690}       81.380          12.288          
  clkfbout_clk_wiz_audio_1  {0.000 28.000}       56.000          17.857          
sysclk                      {0.000 4.000}        8.000           125.000         
  clk_out1_clk_wiz_audio    {0.000 40.690}       81.380          12.288          
  clkfbout_clk_wiz_audio    {0.000 28.000}       56.000          17.857          


------------------------------------------------------------------------------------------------
| Intra Clock Table
| -----------------
------------------------------------------------------------------------------------------------

Clock                           WNS(ns)      TNS(ns)  TNS Failing Endpoints  TNS Total Endpoints      WHS(ns)      THS(ns)  THS Failing Endpoints  THS Total Endpoints     WPWS(ns)     TPWS(ns)  TPWS Failing Endpoints  TPWS Total Endpoints  
-----                           -------      -------  ---------------------  -------------------      -------      -------  ---------------------  -------------------     --------     --------  ----------------------  --------------------  
sys_clk_pin                                                                                                                                                                   2.000        0.000                       0                     1  
  clk_out1_clk_wiz_audio_1       75.039        0.000                      0                  635        0.246        0.000                      0                  635       40.190        0.000                       0                   330  
  clkfbout_clk_wiz_audio_1                                                                                                                                                   44.000        0.000                       0                     3  
sysclk                                                                                                                                                                        2.000        0.000                       0                     1  
  clk_out1_clk_wiz_audio         75.028        0.000                      0                  635        0.246        0.000                      0                  635       40.190        0.000                       0                   330  
  clkfbout_clk_wiz_audio                                                                                                                                                     44.000        0.000                       0                     3  


------------------------------------------------------------------------------------------------
| Inter Clock Table
| -----------------
------------------------------------------------------------------------------------------------

From Clock                To Clock                      WNS(ns)      TNS(ns)  TNS Failing Endpoints  TNS Total Endpoints      WHS(ns)      THS(ns)  THS Failing Endpoints  THS Total Endpoints  
----------                --------                      -------      -------  ---------------------  -------------------      -------      -------  ---------------------  -------------------  
clk_out1_clk_wiz_audio    clk_out1_clk_wiz_audio_1       75.028        0.000                      0                  635        0.007        0.000                      0                  635  
clk_out1_clk_wiz_audio_1  clk_out1_clk_wiz_audio         75.028        0.000                      0                  635        0.007        0.000                      0                  635  


------------------------------------------------------------------------------------------------
| Other Path Groups Table
| -----------------------
------------------------------------------------------------------------------------------------

Path Group                From Clock                To Clock                      WNS(ns)      TNS(ns)  TNS Failing Endpoints  TNS Total Endpoints      WHS(ns)      THS(ns)  THS Failing Endpoints  THS Total Endpoints  
----------                ----------                --------                      -------      -------  ---------------------  -------------------      -------      -------  ---------------------  -------------------  
**async_default**         clk_out1_clk_wiz_audio    clk_out1_clk_wiz_audio         75.834        0.000                      0                  326        0.644        0.000                      0                  326  
**async_default**         clk_out1_clk_wiz_audio_1  clk_out1_clk_wiz_audio         75.834        0.000                      0                  326        0.405        0.000                      0                  326  
**async_default**         clk_out1_clk_wiz_audio    clk_out1_clk_wiz_audio_1       75.834        0.000                      0                  326        0.405        0.000                      0                  326  
**async_default**         clk_out1_clk_wiz_audio_1  clk_out1_clk_wiz_audio_1       75.845        0.000                      0                  326        0.644        0.000                      0                  326  


------------------------------------------------------------------------------------------------
| User Ignored Path Table
| -----------------------
------------------------------------------------------------------------------------------------

Path Group    From Clock    To Clock    
----------    ----------    --------    


------------------------------------------------------------------------------------------------
| Unconstrained Path Table
| ------------------------
------------------------------------------------------------------------------------------------

Path Group                From Clock                To Clock                
----------                ----------                --------                
(none)                    clk_out1_clk_wiz_audio                              
(none)                    clk_out1_clk_wiz_audio_1                            
(none)                                              clk_out1_clk_wiz_audio    
(none)                                              clk_out1_clk_wiz_audio_1  


------------------------------------------------------------------------------------------------
| Timing Details
| --------------
------------------------------------------------------------------------------------------------


---------------------------------------------------------------------------------------------------
From Clock:  sys_clk_pin
  To Clock:  sys_clk_pin

Setup :           NA  Failing Endpoints,  Worst Slack           NA  ,  Total Violation           NA
Hold  :           NA  Failing Endpoints,  Worst Slack           NA  ,  Total Violation           NA
PW    :            0  Failing Endpoints,  Worst Slack        2.000ns,  Total Violation        0.000ns
---------------------------------------------------------------------------------------------------


Pulse Width Checks
--------------------------------------------------------------------------------------
Clock Name:         sys_clk_pin
Waveform(ns):       { 0.000 4.000 }
Period(ns):         8.000
Sources:            { sysclk }

Check Type        Corner  Lib Pin            Reference Pin  Required(ns)  Actual(ns)  Slack(ns)  Location         Pin
Min Period        n/a     MMCME2_ADV/CLKIN1  n/a            1.249         8.000       6.751      MMCME2_ADV_X1Y2  u_mmcm/inst/mmcm_adv_inst/CLKIN1
Max Period        n/a     MMCME2_ADV/CLKIN1  n/a            100.000       8.000       92.000     MMCME2_ADV_X1Y2  u_mmcm/inst/mmcm_adv_inst/CLKIN1
Low Pulse Width   Slow    MMCME2_ADV/CLKIN1  n/a            2.000         4.000       2.000      MMCME2_ADV_X1Y2  u_mmcm/inst/mmcm_adv_inst/CLKIN1
Low Pulse Width   Fast    MMCME2_ADV/CLKIN1  n/a            2.000         4.000       2.000      MMCME2_ADV_X1Y2  u_mmcm/inst/mmcm_adv_inst/CLKIN1
High Pulse Width  Slow    MMCME2_ADV/CLKIN1  n/a            2.000         4.000       2.000      MMCME2_ADV_X1Y2  u_mmcm/inst/mmcm_adv_inst/CLKIN1
High Pulse Width  Fast    MMCME2_ADV/CLKIN1  n/a            2.000         4.000       2.000      MMCME2_ADV_X1Y2  u_mmcm/inst/mmcm_adv_inst/CLKIN1



---------------------------------------------------------------------------------------------------
From Clock:  clk_out1_clk_wiz_audio_1
  To Clock:  clk_out1_clk_wiz_audio_1

Setup :            0  Failing Endpoints,  Worst Slack       75.039ns,  Total Violation        0.000ns
Hold  :            0  Failing Endpoints,  Worst Slack        0.246ns,  Total Violation        0.000ns
PW    :            0  Failing Endpoints,  Worst Slack       40.190ns,  Total Violation        0.000ns
---------------------------------------------------------------------------------------------------


Max Delay Paths
--------------------------------------------------------------------------------------
Slack (MET) :             75.039ns  (required time - arrival time)
  Source:                 u_rx_ja/lrck_prev_reg/C
                            (rising edge-triggered cell FDCE clocked by clk_out1_clk_wiz_audio_1  {rise@0.000ns fall@40.690ns period=81.380ns})
  Destination:            u_rx_ja/right_data_reg[14]/CE
                            (rising edge-triggered cell FDCE clocked by clk_out1_clk_wiz_audio_1  {rise@0.000ns fall@40.690ns period=81.380ns})
  Path Group:             clk_out1_clk_wiz_audio_1
  Path Type:              Setup (Max at Slow Process Corner)
  Requirement:            81.380ns  (clk_out1_clk_wiz_audio_1 rise@81.380ns - clk_out1_clk_wiz_audio_1 rise@0.000ns)
  Data Path Delay:        5.675ns  (logic 0.795ns (14.009%)  route 4.880ns (85.991%))
  Logic Levels:           2  (LUT2=2)
  Clock Path Skew:        -0.062ns (DCD - SCD + CPR)
    Destination Clock Delay (DCD):    -1.562ns = ( 79.818 - 81.380 ) 
    Source Clock Delay      (SCD):    -0.933ns
    Clock Pessimism Removal (CPR):    0.567ns
  Clock Uncertainty:      0.228ns  ((TSJ^2 + DJ^2)^1/2) / 2 + PE
    Total System Jitter     (TSJ):    0.071ns
    Discrete Jitter          (DJ):    0.451ns
    Phase Error              (PE):    0.000ns

    Location             Delay type                Incr(ns)  Path(ns)    Netlist Resource(s)
  -------------------------------------------------------------------    -------------------
                         (clock clk_out1_clk_wiz_audio_1 rise edge)
                                                      0.000     0.000 r  <hidden>
    H16                                               0.000     0.000 r  sysclk
                         net (fo=0)                   0.000     0.000    u_mmcm/inst/clk_in1
    H16                  IBUF (Prop_ibuf_I_O)         1.451     1.451 r  u_mmcm/inst/clkin1_ibufg/O
                         net (fo=1, routed)           1.285     2.736    u_mmcm/inst/clk_in1_clk_wiz_audio
    MMCME2_ADV_X1Y2      MMCME2_ADV (Prop_mmcme2_adv_CLKIN1_CLKOUT0)
                                                     -7.759    -5.023 r  u_mmcm/inst/mmcm_adv_inst/CLKOUT0
                         net (fo=1, routed)           2.206    -2.817    u_mmcm/inst/clk_out1_clk_wiz_audio
    BUFGCTRL_X0Y16       BUFG (Prop_bufg_I_O)         0.101    -2.716 r  u_mmcm/inst/clkout1_buf/O
                         net (fo=332, routed)         1.783    -0.933    u_rx_ja/clk_out1
    SLICE_X102Y90        FDCE                                         r  u_rx_ja/lrck_prev_reg/C
  -------------------------------------------------------------------    -------------------
    SLICE_X102Y90        FDCE (Prop_fdce_C_Q)         0.518    -0.415 r  u_rx_ja/lrck_prev_reg/Q
                         net (fo=49, routed)          1.948     1.533    u_rx_ja/lrck_prev
    SLICE_X106Y86        LUT2 (Prop_lut2_I0_O)        0.124     1.657 r  u_rx_ja/bit_counter[4]_i_3/O
                         net (fo=126, routed)         0.889     2.546    u_rx_ja/lrck_changed
    SLICE_X112Y86        LUT2 (Prop_lut2_I0_O)        0.153     2.699 r  u_rx_ja/sample_valid_i_1/O
                         net (fo=49, routed)          2.043     4.742    u_rx_ja/channel_prev_reg_0[0]
    SLICE_X104Y89        FDCE                                         r  u_rx_ja/right_data_reg[14]/CE
  -------------------------------------------------------------------    -------------------

                         (clock clk_out1_clk_wiz_audio_1 rise edge)
                                                     81.380    81.380 r  <hidden>
    H16                                               0.000    81.380 r  sysclk
                         net (fo=0)                   0.000    81.380    u_mmcm/inst/clk_in1
    H16                  IBUF (Prop_ibuf_I_O)         1.380    82.760 r  u_mmcm/inst/clkin1_ibufg/O
                         net (fo=1, routed)           1.162    83.922    u_mmcm/inst/clk_in1_clk_wiz_audio
    MMCME2_ADV_X1Y2      MMCME2_ADV (Prop_mmcme2_adv_CLKIN1_CLKOUT0)
                                                     -7.814    76.108 r  u_mmcm/inst/mmcm_adv_inst/CLKOUT0
                         net (fo=1, routed)           2.012    78.120    u_mmcm/inst/clk_out1_clk_wiz_audio
    BUFGCTRL_X0Y16       BUFG (Prop_bufg_I_O)         0.091    78.211 r  u_mmcm/inst/clkout1_buf/O
                         net (fo=332, routed)         1.607    79.818    u_rx_ja/clk_out1
    SLICE_X104Y89        FDCE                                         r  u_rx_ja/right_data_reg[14]/C
                         clock pessimism              0.567    80.385    <hidden>
                         clock uncertainty           -0.228    80.156    <hidden>
    SLICE_X104Y89        FDCE (Setup_fdce_C_CE)      -0.376    79.780    u_rx_ja/right_data_reg[14]
  -------------------------------------------------------------------
                         required time                         79.780    <hidden>
                         arrival time                          -4.742    <hidden>
  -------------------------------------------------------------------
                         slack                                 75.039    <hidden>

Slack (MET) :             75.039ns  (required time - arrival time)
  Source:                 u_rx_ja/lrck_prev_reg/C
                            (rising edge-triggered cell FDCE clocked by clk_out1_clk_wiz_audio_1  {rise@0.000ns fall@40.690ns period=81.380ns})
  Destination:            u_rx_ja/right_data_reg[17]/CE
                            (rising edge-triggered cell FDCE clocked by clk_out1_clk_wiz_audio_1  {rise@0.000ns fall@40.690ns period=81.380ns})
  Path Group:             clk_out1_clk_wiz_audio_1
  Path Type:              Setup (Max at Slow Process Corner)
  Requirement:            81.380ns  (clk_out1_clk_wiz_audio_1 rise@81.380ns - clk_out1_clk_wiz_audio_1 rise@0.000ns)
  Data Path Delay:        5.675ns  (logic 0.795ns (14.009%)  route 4.880ns (85.991%))
  Logic Levels:           2  (LUT2=2)
  Clock Path Skew:        -0.062ns (DCD - SCD + CPR)
    Destination Clock Delay (DCD):    -1.562ns = ( 79.818 - 81.380 ) 
    Source Clock Delay      (SCD):    -0.933ns
    Clock Pessimism Removal (CPR):    0.567ns
  Clock Uncertainty:      0.228ns  ((TSJ^2 + DJ^2)^1/2) / 2 + PE
    Total System Jitter     (TSJ):    0.071ns
    Discrete Jitter          (DJ):    0.451ns
    Phase Error              (PE):    0.000ns

    Location             Delay type                Incr(ns)  Path(ns)    Netlist Resource(s)
  -------------------------------------------------------------------    -------------------
                         (clock clk_out1_clk_wiz_audio_1 rise edge)
                                                      0.000     0.000 r  <hidden>
    H16                                               0.000     0.000 r  sysclk
                         net (fo=0)                   0.000     0.000    u_mmcm/inst/clk_in1
    H16                  IBUF (Prop_ibuf_I_O)         1.451     1.451 r  u_mmcm/inst/clkin1_ibufg/O
                         net (fo=1, routed)           1.285     2.736    u_mmcm/inst/clk_in1_clk_wiz_audio
    MMCME2_ADV_X1Y2      MMCME2_ADV (Prop_mmcme2_adv_CLKIN1_CLKOUT0)
                                                     -7.759    -5.023 r  u_mmcm/inst/mmcm_adv_inst/CLKOUT0
                         net (fo=1, routed)           2.206    -2.817    u_mmcm/inst/clk_out1_clk_wiz_audio
    BUFGCTRL_X0Y16       BUFG (Prop_bufg_I_O)         0.101    -2.716 r  u_mmcm/inst/clkout1_buf/O
                         net (fo=332, routed)         1.783    -0.933    u_rx_ja/clk_out1
    SLICE_X102Y90        FDCE                                         r  u_rx_ja/lrck_prev_reg/C
  -------------------------------------------------------------------    -------------------
    SLICE_X102Y90        FDCE (Prop_fdce_C_Q)         0.518    -0.415 r  u_rx_ja/lrck_prev_reg/Q
                         net (fo=49, routed)          1.948     1.533    u_rx_ja/lrck_prev
    SLICE_X106Y86        LUT2 (Prop_lut2_I0_O)        0.124     1.657 r  u_rx_ja/bit_counter[4]_i_3/O
                         net (fo=126, routed)         0.889     2.546    u_rx_ja/lrck_changed
    SLICE_X112Y86        LUT2 (Prop_lut2_I0_O)        0.153     2.699 r  u_rx_ja/sample_valid_i_1/O
                         net (fo=49, routed)          2.043     4.742    u_rx_ja/channel_prev_reg_0[0]
    SLICE_X104Y89        FDCE                                         r  u_rx_ja/right_data_reg[17]/CE
  -------------------------------------------------------------------    -------------------

                         (clock clk_out1_clk_wiz_audio_1 rise edge)
                                                     81.380    81.380 r  <hidden>
    H16                                               0.000    81.380 r  sysclk
                         net (fo=0)                   0.000    81.380    u_mmcm/inst/clk_in1
    H16                  IBUF (Prop_ibuf_I_O)         1.380    82.760 r  u_mmcm/inst/clkin1_ibufg/O
                         net (fo=1, routed)           1.162    83.922    u_mmcm/inst/clk_in1_clk_wiz_audio
    MMCME2_ADV_X1Y2      MMCME2_ADV (Prop_mmcme2_adv_CLKIN1_CLKOUT0)
                                                     -7.814    76.108 r  u_mmcm/inst/mmcm_adv_inst/CLKOUT0
                         net (fo=1, routed)           2.012    78.120    u_mmcm/inst/clk_out1_clk_wiz_audio
    BUFGCTRL_X0Y16       BUFG (Prop_bufg_I_O)         0.091    78.211 r  u_mmcm/inst/clkout1_buf/O
                         net (fo=332, routed)         1.607    79.818    u_rx_ja/clk_out1
    SLICE_X104Y89        FDCE                                         r  u_rx_ja/right_data_reg[17]/C
                         clock pessimism              0.567    80.385    <hidden>
                         clock uncertainty           -0.228    80.156    <hidden>
    SLICE_X104Y89        FDCE (Setup_fdce_C_CE)      -0.376    79.780    u_rx_ja/right_data_reg[17]
  -------------------------------------------------------------------
                         required time                         79.780    <hidden>
                         arrival time                          -4.742    <hidden>
  -------------------------------------------------------------------
                         slack                                 75.039    <hidden>

Slack (MET) :             75.039ns  (required time - arrival time)
  Source:                 u_rx_ja/lrck_prev_reg/C
                            (rising edge-triggered cell FDCE clocked by clk_out1_clk_wiz_audio_1  {rise@0.000ns fall@40.690ns period=81.380ns})
  Destination:            u_rx_ja/right_data_reg[18]/CE
                            (rising edge-triggered cell FDCE clocked by clk_out1_clk_wiz_audio_1  {rise@0.000ns fall@40.690ns period=81.380ns})
  Path Group:             clk_out1_clk_wiz_audio_1
  Path Type:              Setup (Max at Slow Process Corner)
  Requirement:            81.380ns  (clk_out1_clk_wiz_audio_1 rise@81.380ns - clk_out1_clk_wiz_audio_1 rise@0.000ns)
  Data Path Delay:        5.675ns  (logic 0.795ns (14.009%)  route 4.880ns (85.991%))
  Logic Levels:           2  (LUT2=2)
  Clock Path Skew:        -0.062ns (DCD - SCD + CPR)
    Destination Clock Delay (DCD):    -1.562ns = ( 79.818 - 81.380 ) 
    Source Clock Delay      (SCD):    -0.933ns
    Clock Pessimism Removal (CPR):    0.567ns
  Clock Uncertainty:      0.228ns  ((TSJ^2 + DJ^2)^1/2) / 2 + PE
    Total System Jitter     (TSJ):    0.071ns
    Discrete Jitter          (DJ):    0.451ns
    Phase Error              (PE):    0.000ns

    Location             Delay type                Incr(ns)  Path(ns)    Netlist Resource(s)
  -------------------------------------------------------------------    -------------------
                         (clock clk_out1_clk_wiz_audio_1 rise edge)
                                                      0.000     0.000 r  <hidden>
    H16                                               0.000     0.000 r  sysclk
                         net (fo=0)                   0.000     0.000    u_mmcm/inst/clk_in1
    H16                  IBUF (Prop_ibuf_I_O)         1.451     1.451 r  u_mmcm/inst/clkin1_ibufg/O
                         net (fo=1, routed)           1.285     2.736    u_mmcm/inst/clk_in1_clk_wiz_audio
    MMCME2_ADV_X1Y2      MMCME2_ADV (Prop_mmcme2_adv_CLKIN1_CLKOUT0)
                                                     -7.759    -5.023 r  u_mmcm/inst/mmcm_adv_inst/CLKOUT0
                         net (fo=1, routed)           2.206    -2.817    u_mmcm/inst/clk_out1_clk_wiz_audio
    BUFGCTRL_X0Y16       BUFG (Prop_bufg_I_O)         0.101    -2.716 r  u_mmcm/inst/clkout1_buf/O
                         net (fo=332, routed)         1.783    -0.933    u_rx_ja/clk_out1
    SLICE_X102Y90        FDCE                                         r  u_rx_ja/lrck_prev_reg/C
  -------------------------------------------------------------------    -------------------
    SLICE_X102Y90        FDCE (Prop_fdce_C_Q)         0.518    -0.415 r  u_rx_ja/lrck_prev_reg/Q
                         net (fo=49, routed)          1.948     1.533    u_rx_ja/lrck_prev
    SLICE_X106Y86        LUT2 (Prop_lut2_I0_O)        0.124     1.657 r  u_rx_ja/bit_counter[4]_i_3/O
                         net (fo=126, routed)         0.889     2.546    u_rx_ja/lrck_changed
    SLICE_X112Y86        LUT2 (Prop_lut2_I0_O)        0.153     2.699 r  u_rx_ja/sample_valid_i_1/O
                         net (fo=49, routed)          2.043     4.742    u_rx_ja/channel_prev_reg_0[0]
    SLICE_X104Y89        FDCE                                         r  u_rx_ja/right_data_reg[18]/CE
  -------------------------------------------------------------------    -------------------

                         (clock clk_out1_clk_wiz_audio_1 rise edge)
                                                     81.380    81.380 r  <hidden>
    H16                                               0.000    81.380 r  sysclk
                         net (fo=0)                   0.000    81.380    u_mmcm/inst/clk_in1
    H16                  IBUF (Prop_ibuf_I_O)         1.380    82.760 r  u_mmcm/inst/clkin1_ibufg/O
                         net (fo=1, routed)           1.162    83.922    u_mmcm/inst/clk_in1_clk_wiz_audio
    MMCME2_ADV_X1Y2      MMCME2_ADV (Prop_mmcme2_adv_CLKIN1_CLKOUT0)
                                                     -7.814    76.108 r  u_mmcm/inst/mmcm_adv_inst/CLKOUT0
                         net (fo=1, routed)           2.012    78.120    u_mmcm/inst/clk_out1_clk_wiz_audio
    BUFGCTRL_X0Y16       BUFG (Prop_bufg_I_O)         0.091    78.211 r  u_mmcm/inst/clkout1_buf/O
                         net (fo=332, routed)         1.607    79.818    u_rx_ja/clk_out1
    SLICE_X104Y89        FDCE                                         r  u_rx_ja/right_data_reg[18]/C
                         clock pessimism              0.567    80.385    <hidden>
                         clock uncertainty           -0.228    80.156    <hidden>
    SLICE_X104Y89        FDCE (Setup_fdce_C_CE)      -0.376    79.780    u_rx_ja/right_data_reg[18]
  -------------------------------------------------------------------
                         required time                         79.780    <hidden>
                         arrival time                          -4.742    <hidden>
  -------------------------------------------------------------------
                         slack                                 75.039    <hidden>

Slack (MET) :             75.039ns  (required time - arrival time)
  Source:                 u_rx_ja/lrck_prev_reg/C
                            (rising edge-triggered cell FDCE clocked by clk_out1_clk_wiz_audio_1  {rise@0.000ns fall@40.690ns period=81.380ns})
  Destination:            u_rx_ja/right_data_reg[20]/CE
                            (rising edge-triggered cell FDCE clocked by clk_out1_clk_wiz_audio_1  {rise@0.000ns fall@40.690ns period=81.380ns})
  Path Group:             clk_out1_clk_wiz_audio_1
  Path Type:              Setup (Max at Slow Process Corner)
  Requirement:            81.380ns  (clk_out1_clk_wiz_audio_1 rise@81.380ns - clk_out1_clk_wiz_audio_1 rise@0.000ns)
  Data Path Delay:        5.675ns  (logic 0.795ns (14.009%)  route 4.880ns (85.991%))
  Logic Levels:           2  (LUT2=2)
  Clock Path Skew:        -0.062ns (DCD - SCD + CPR)
    Destination Clock Delay (DCD):    -1.562ns = ( 79.818 - 81.380 ) 
    Source Clock Delay      (SCD):    -0.933ns
    Clock Pessimism Removal (CPR):    0.567ns
  Clock Uncertainty:      0.228ns  ((TSJ^2 + DJ^2)^1/2) / 2 + PE
    Total System Jitter     (TSJ):    0.071ns
    Discrete Jitter          (DJ):    0.451ns
    Phase Error              (PE):    0.000ns

    Location             Delay type                Incr(ns)  Path(ns)    Netlist Resource(s)
  -------------------------------------------------------------------    -------------------
                         (clock clk_out1_clk_wiz_audio_1 rise edge)
                                                      0.000     0.000 r  <hidden>
    H16                                               0.000     0.000 r  sysclk
                         net (fo=0)                   0.000     0.000    u_mmcm/inst/clk_in1
    H16                  IBUF (Prop_ibuf_I_O)         1.451     1.451 r  u_mmcm/inst/clkin1_ibufg/O
                         net (fo=1, routed)           1.285     2.736    u_mmcm/inst/clk_in1_clk_wiz_audio
    MMCME2_ADV_X1Y2      MMCME2_ADV (Prop_mmcme2_adv_CLKIN1_CLKOUT0)
                                                     -7.759    -5.023 r  u_mmcm/inst/mmcm_adv_inst/CLKOUT0
                         net (fo=1, routed)           2.206    -2.817    u_mmcm/inst/clk_out1_clk_wiz_audio
    BUFGCTRL_X0Y16       BUFG (Prop_bufg_I_O)         0.101    -2.716 r  u_mmcm/inst/clkout1_buf/O
                         net (fo=332, routed)         1.783    -0.933    u_rx_ja/clk_out1
    SLICE_X102Y90        FDCE                                         r  u_rx_ja/lrck_prev_reg/C
  -------------------------------------------------------------------    -------------------
    SLICE_X102Y90        FDCE (Prop_fdce_C_Q)         0.518    -0.415 r  u_rx_ja/lrck_prev_reg/Q
                         net (fo=49, routed)          1.948     1.533    u_rx_ja/lrck_prev
    SLICE_X106Y86        LUT2 (Prop_lut2_I0_O)        0.124     1.657 r  u_rx_ja/bit_counter[4]_i_3/O
                         net (fo=126, routed)         0.889     2.546    u_rx_ja/lrck_changed
    SLICE_X112Y86        LUT2 (Prop_lut2_I0_O)        0.153     2.699 r  u_rx_ja/sample_valid_i_1/O
                         net (fo=49, routed)          2.043     4.742    u_rx_ja/channel_prev_reg_0[0]
    SLICE_X104Y89        FDCE                                         r  u_rx_ja/right_data_reg[20]/CE
  -------------------------------------------------------------------    -------------------

                         (clock clk_out1_clk_wiz_audio_1 rise edge)
                                                     81.380    81.380 r  <hidden>
    H16                                               0.000    81.380 r  sysclk
                         net (fo=0)                   0.000    81.380    u_mmcm/inst/clk_in1
    H16                  IBUF (Prop_ibuf_I_O)         1.380    82.760 r  u_mmcm/inst/clkin1_ibufg/O
                         net (fo=1, routed)           1.162    83.922    u_mmcm/inst/clk_in1_clk_wiz_audio
    MMCME2_ADV_X1Y2      MMCME2_ADV (Prop_mmcme2_adv_CLKIN1_CLKOUT0)
                                                     -7.814    76.108 r  u_mmcm/inst/mmcm_adv_inst/CLKOUT0
                         net (fo=1, routed)           2.012    78.120    u_mmcm/inst/clk_out1_clk_wiz_audio
    BUFGCTRL_X0Y16       BUFG (Prop_bufg_I_O)         0.091    78.211 r  u_mmcm/inst/clkout1_buf/O
                         net (fo=332, routed)         1.607    79.818    u_rx_ja/clk_out1
    SLICE_X104Y89        FDCE                                         r  u_rx_ja/right_data_reg[20]/C
                         clock pessimism              0.567    80.385    <hidden>
                         clock uncertainty           -0.228    80.156    <hidden>
    SLICE_X104Y89        FDCE (Setup_fdce_C_CE)      -0.376    79.780    u_rx_ja/right_data_reg[20]
  -------------------------------------------------------------------
                         required time                         79.780    <hidden>
                         arrival time                          -4.742    <hidden>
  -------------------------------------------------------------------
                         slack                                 75.039    <hidden>

Slack (MET) :             75.352ns  (required time - arrival time)
  Source:                 u_rx_ja/lrck_prev_reg/C
                            (rising edge-triggered cell FDCE clocked by clk_out1_clk_wiz_audio_1  {rise@0.000ns fall@40.690ns period=81.380ns})
  Destination:            u_rx_ja/right_data_reg[11]/CE
                            (rising edge-triggered cell FDCE clocked by clk_out1_clk_wiz_audio_1  {rise@0.000ns fall@40.690ns period=81.380ns})
  Path Group:             clk_out1_clk_wiz_audio_1
  Path Type:              Setup (Max at Slow Process Corner)
  Requirement:            81.380ns  (clk_out1_clk_wiz_audio_1 rise@81.380ns - clk_out1_clk_wiz_audio_1 rise@0.000ns)
  Data Path Delay:        5.364ns  (logic 0.795ns (14.821%)  route 4.569ns (85.179%))
  Logic Levels:           2  (LUT2=2)
  Clock Path Skew:        -0.024ns (DCD - SCD + CPR)
    Destination Clock Delay (DCD):    -1.561ns = ( 79.819 - 81.380 ) 
    Source Clock Delay      (SCD):    -0.933ns
    Clock Pessimism Removal (CPR):    0.604ns
  Clock Uncertainty:      0.228ns  ((TSJ^2 + DJ^2)^1/2) / 2 + PE
    Total System Jitter     (TSJ):    0.071ns
    Discrete Jitter          (DJ):    0.451ns
    Phase Error              (PE):    0.000ns

    Location             Delay type                Incr(ns)  Path(ns)    Netlist Resource(s)
  -------------------------------------------------------------------    -------------------
                         (clock clk_out1_clk_wiz_audio_1 rise edge)
                                                      0.000     0.000 r  <hidden>
    H16                                               0.000     0.000 r  sysclk
                         net (fo=0)                   0.000     0.000    u_mmcm/inst/clk_in1
    H16                  IBUF (Prop_ibuf_I_O)         1.451     1.451 r  u_mmcm/inst/clkin1_ibufg/O
                         net (fo=1, routed)           1.285     2.736    u_mmcm/inst/clk_in1_clk_wiz_audio
    MMCME2_ADV_X1Y2      MMCME2_ADV (Prop_mmcme2_adv_CLKIN1_CLKOUT0)
                                                     -7.759    -5.023 r  u_mmcm/inst/mmcm_adv_inst/CLKOUT0
                         net (fo=1, routed)           2.206    -2.817    u_mmcm/inst/clk_out1_clk_wiz_audio
    BUFGCTRL_X0Y16       BUFG (Prop_bufg_I_O)         0.101    -2.716 r  u_mmcm/inst/clkout1_buf/O
                         net (fo=332, routed)         1.783    -0.933    u_rx_ja/clk_out1
    SLICE_X102Y90        FDCE                                         r  u_rx_ja/lrck_prev_reg/C
  -------------------------------------------------------------------    -------------------
    SLICE_X102Y90        FDCE (Prop_fdce_C_Q)         0.518    -0.415 r  u_rx_ja/lrck_prev_reg/Q
                         net (fo=49, routed)          1.948     1.533    u_rx_ja/lrck_prev
    SLICE_X106Y86        LUT2 (Prop_lut2_I0_O)        0.124     1.657 r  u_rx_ja/bit_counter[4]_i_3/O
                         net (fo=126, routed)         0.889     2.546    u_rx_ja/lrck_changed
    SLICE_X112Y86        LUT2 (Prop_lut2_I0_O)        0.153     2.699 r  u_rx_ja/sample_valid_i_1/O
                         net (fo=49, routed)          1.732     4.431    u_rx_ja/channel_prev_reg_0[0]
    SLICE_X103Y91        FDCE                                         r  u_rx_ja/right_data_reg[11]/CE
  -------------------------------------------------------------------    -------------------

                         (clock clk_out1_clk_wiz_audio_1 rise edge)
                                                     81.380    81.380 r  <hidden>
    H16                                               0.000    81.380 r  sysclk
                         net (fo=0)                   0.000    81.380    u_mmcm/inst/clk_in1
    H16                  IBUF (Prop_ibuf_I_O)         1.380    82.760 r  u_mmcm/inst/clkin1_ibufg/O
                         net (fo=1, routed)           1.162    83.922    u_mmcm/inst/clk_in1_clk_wiz_audio
    MMCME2_ADV_X1Y2      MMCME2_ADV (Prop_mmcme2_adv_CLKIN1_CLKOUT0)
                                                     -7.814    76.108 r  u_mmcm/inst/mmcm_adv_inst/CLKOUT0
                         net (fo=1, routed)           2.012    78.120    u_mmcm/inst/clk_out1_clk_wiz_audio
    BUFGCTRL_X0Y16       BUFG (Prop_bufg_I_O)         0.091    78.211 r  u_mmcm/inst/clkout1_buf/O
                         net (fo=332, routed)         1.608    79.819    u_rx_ja/clk_out1
    SLICE_X103Y91        FDCE                                         r  u_rx_ja/right_data_reg[11]/C
                         clock pessimism              0.604    80.423    <hidden>
                         clock uncertainty           -0.228    80.194    <hidden>
    SLICE_X103Y91        FDCE (Setup_fdce_C_CE)      -0.412    79.782    u_rx_ja/right_data_reg[11]
  -------------------------------------------------------------------
                         required time                         79.782    <hidden>
                         arrival time                          -4.431    <hidden>
  -------------------------------------------------------------------
                         slack                                 75.352    <hidden>

Slack (MET) :             75.352ns  (required time - arrival time)
  Source:                 u_rx_ja/lrck_prev_reg/C
                            (rising edge-triggered cell FDCE clocked by clk_out1_clk_wiz_audio_1  {rise@0.000ns fall@40.690ns period=81.380ns})
  Destination:            u_rx_ja/right_data_reg[12]/CE
                            (rising edge-triggered cell FDCE clocked by clk_out1_clk_wiz_audio_1  {rise@0.000ns fall@40.690ns period=81.380ns})
  Path Group:             clk_out1_clk_wiz_audio_1
  Path Type:              Setup (Max at Slow Process Corner)
  Requirement:            81.380ns  (clk_out1_clk_wiz_audio_1 rise@81.380ns - clk_out1_clk_wiz_audio_1 rise@0.000ns)
  Data Path Delay:        5.364ns  (logic 0.795ns (14.821%)  route 4.569ns (85.179%))
  Logic Levels:           2  (LUT2=2)
  Clock Path Skew:        -0.024ns (DCD - SCD + CPR)
    Destination Clock Delay (DCD):    -1.561ns = ( 79.819 - 81.380 ) 
    Source Clock Delay      (SCD):    -0.933ns
    Clock Pessimism Removal (CPR):    0.604ns
  Clock Uncertainty:      0.228ns  ((TSJ^2 + DJ^2)^1/2) / 2 + PE
    Total System Jitter     (TSJ):    0.071ns
    Discrete Jitter          (DJ):    0.451ns
    Phase Error              (PE):    0.000ns

    Location             Delay type                Incr(ns)  Path(ns)    Netlist Resource(s)
  -------------------------------------------------------------------    -------------------
                         (clock clk_out1_clk_wiz_audio_1 rise edge)
                                                      0.000     0.000 r  <hidden>
    H16                                               0.000     0.000 r  sysclk
                         net (fo=0)                   0.000     0.000    u_mmcm/inst/clk_in1
    H16                  IBUF (Prop_ibuf_I_O)         1.451     1.451 r  u_mmcm/inst/clkin1_ibufg/O
                         net (fo=1, routed)           1.285     2.736    u_mmcm/inst/clk_in1_clk_wiz_audio
    MMCME2_ADV_X1Y2      MMCME2_ADV (Prop_mmcme2_adv_CLKIN1_CLKOUT0)
                                                     -7.759    -5.023 r  u_mmcm/inst/mmcm_adv_inst/CLKOUT0
                         net (fo=1, routed)           2.206    -2.817    u_mmcm/inst/clk_out1_clk_wiz_audio
    BUFGCTRL_X0Y16       BUFG (Prop_bufg_I_O)         0.101    -2.716 r  u_mmcm/inst/clkout1_buf/O
                         net (fo=332, routed)         1.783    -0.933    u_rx_ja/clk_out1
    SLICE_X102Y90        FDCE                                         r  u_rx_ja/lrck_prev_reg/C
  -------------------------------------------------------------------    -------------------
    SLICE_X102Y90        FDCE (Prop_fdce_C_Q)         0.518    -0.415 r  u_rx_ja/lrck_prev_reg/Q
                         net (fo=49, routed)          1.948     1.533    u_rx_ja/lrck_prev
    SLICE_X106Y86        LUT2 (Prop_lut2_I0_O)        0.124     1.657 r  u_rx_ja/bit_counter[4]_i_3/O
                         net (fo=126, routed)         0.889     2.546    u_rx_ja/lrck_changed
    SLICE_X112Y86        LUT2 (Prop_lut2_I0_O)        0.153     2.699 r  u_rx_ja/sample_valid_i_1/O
                         net (fo=49, routed)          1.732     4.431    u_rx_ja/channel_prev_reg_0[0]
    SLICE_X103Y91        FDCE                                         r  u_rx_ja/right_data_reg[12]/CE
  -------------------------------------------------------------------    -------------------

                         (clock clk_out1_clk_wiz_audio_1 rise edge)
                                                     81.380    81.380 r  <hidden>
    H16                                               0.000    81.380 r  sysclk
                         net (fo=0)                   0.000    81.380    u_mmcm/inst/clk_in1
    H16                  IBUF (Prop_ibuf_I_O)         1.380    82.760 r  u_mmcm/inst/clkin1_ibufg/O
                         net (fo=1, routed)           1.162    83.922    u_mmcm/inst/clk_in1_clk_wiz_audio
    MMCME2_ADV_X1Y2      MMCME2_ADV (Prop_mmcme2_adv_CLKIN1_CLKOUT0)
                                                     -7.814    76.108 r  u_mmcm/inst/mmcm_adv_inst/CLKOUT0
                         net (fo=1, routed)           2.012    78.120    u_mmcm/inst/clk_out1_clk_wiz_audio
    BUFGCTRL_X0Y16       BUFG (Prop_bufg_I_O)         0.091    78.211 r  u_mmcm/inst/clkout1_buf/O
                         net (fo=332, routed)         1.608    79.819    u_rx_ja/clk_out1
    SLICE_X103Y91        FDCE                                         r  u_rx_ja/right_data_reg[12]/C
                         clock pessimism              0.604    80.423    <hidden>
                         clock uncertainty           -0.228    80.194    <hidden>
    SLICE_X103Y91        FDCE (Setup_fdce_C_CE)      -0.412    79.782    u_rx_ja/right_data_reg[12]
  -------------------------------------------------------------------
                         required time                         79.782    <hidden>
                         arrival time                          -4.431    <hidden>
  -------------------------------------------------------------------
                         slack                                 75.352    <hidden>

Slack (MET) :             75.352ns  (required time - arrival time)
  Source:                 u_rx_ja/lrck_prev_reg/C
                            (rising edge-triggered cell FDCE clocked by clk_out1_clk_wiz_audio_1  {rise@0.000ns fall@40.690ns period=81.380ns})
  Destination:            u_rx_ja/right_data_reg[15]/CE
                            (rising edge-triggered cell FDCE clocked by clk_out1_clk_wiz_audio_1  {rise@0.000ns fall@40.690ns period=81.380ns})
  Path Group:             clk_out1_clk_wiz_audio_1
  Path Type:              Setup (Max at Slow Process Corner)
  Requirement:            81.380ns  (clk_out1_clk_wiz_audio_1 rise@81.380ns - clk_out1_clk_wiz_audio_1 rise@0.000ns)
  Data Path Delay:        5.364ns  (logic 0.795ns (14.821%)  route 4.569ns (85.179%))
  Logic Levels:           2  (LUT2=2)
  Clock Path Skew:        -0.024ns (DCD - SCD + CPR)
    Destination Clock Delay (DCD):    -1.561ns = ( 79.819 - 81.380 ) 
    Source Clock Delay      (SCD):    -0.933ns
    Clock Pessimism Removal (CPR):    0.604ns
  Clock Uncertainty:      0.228ns  ((TSJ^2 + DJ^2)^1/2) / 2 + PE
    Total System Jitter     (TSJ):    0.071ns
    Discrete Jitter          (DJ):    0.451ns
    Phase Error              (PE):    0.000ns

    Location             Delay type                Incr(ns)  Path(ns)    Netlist Resource(s)
  -------------------------------------------------------------------    -------------------
                         (clock clk_out1_clk_wiz_audio_1 rise edge)
                                                      0.000     0.000 r  <hidden>
    H16                                               0.000     0.000 r  sysclk
                         net (fo=0)                   0.000     0.000    u_mmcm/inst/clk_in1
    H16                  IBUF (Prop_ibuf_I_O)         1.451     1.451 r  u_mmcm/inst/clkin1_ibufg/O
                         net (fo=1, routed)           1.285     2.736    u_mmcm/inst/clk_in1_clk_wiz_audio
    MMCME2_ADV_X1Y2      MMCME2_ADV (Prop_mmcme2_adv_CLKIN1_CLKOUT0)
                                                     -7.759    -5.023 r  u_mmcm/inst/mmcm_adv_inst/CLKOUT0
                         net (fo=1, routed)           2.206    -2.817    u_mmcm/inst/clk_out1_clk_wiz_audio
    BUFGCTRL_X0Y16       BUFG (Prop_bufg_I_O)         0.101    -2.716 r  u_mmcm/inst/clkout1_buf/O
                         net (fo=332, routed)         1.783    -0.933    u_rx_ja/clk_out1
    SLICE_X102Y90        FDCE                                         r  u_rx_ja/lrck_prev_reg/C
  -------------------------------------------------------------------    -------------------
    SLICE_X102Y90        FDCE (Prop_fdce_C_Q)         0.518    -0.415 r  u_rx_ja/lrck_prev_reg/Q
                         net (fo=49, routed)          1.948     1.533    u_rx_ja/lrck_prev
    SLICE_X106Y86        LUT2 (Prop_lut2_I0_O)        0.124     1.657 r  u_rx_ja/bit_counter[4]_i_3/O
                         net (fo=126, routed)         0.889     2.546    u_rx_ja/lrck_changed
    SLICE_X112Y86        LUT2 (Prop_lut2_I0_O)        0.153     2.699 r  u_rx_ja/sample_valid_i_1/O
                         net (fo=49, routed)          1.732     4.431    u_rx_ja/channel_prev_reg_0[0]
    SLICE_X103Y91        FDCE                                         r  u_rx_ja/right_data_reg[15]/CE
  -------------------------------------------------------------------    -------------------

                         (clock clk_out1_clk_wiz_audio_1 rise edge)
                                                     81.380    81.380 r  <hidden>
    H16                                               0.000    81.380 r  sysclk
                         net (fo=0)                   0.000    81.380    u_mmcm/inst/clk_in1
    H16                  IBUF (Prop_ibuf_I_O)         1.380    82.760 r  u_mmcm/inst/clkin1_ibufg/O
                         net (fo=1, routed)           1.162    83.922    u_mmcm/inst/clk_in1_clk_wiz_audio
    MMCME2_ADV_X1Y2      MMCME2_ADV (Prop_mmcme2_adv_CLKIN1_CLKOUT0)
                                                     -7.814    76.108 r  u_mmcm/inst/mmcm_adv_inst/CLKOUT0
                         net (fo=1, routed)           2.012    78.120    u_mmcm/inst/clk_out1_clk_wiz_audio
    BUFGCTRL_X0Y16       BUFG (Prop_bufg_I_O)         0.091    78.211 r  u_mmcm/inst/clkout1_buf/O
                         net (fo=332, routed)         1.608    79.819    u_rx_ja/clk_out1
    SLICE_X103Y91        FDCE                                         r  u_rx_ja/right_data_reg[15]/C
                         clock pessimism              0.604    80.423    <hidden>
                         clock uncertainty           -0.228    80.194    <hidden>
    SLICE_X103Y91        FDCE (Setup_fdce_C_CE)      -0.412    79.782    u_rx_ja/right_data_reg[15]
  -------------------------------------------------------------------
                         required time                         79.782    <hidden>
                         arrival time                          -4.431    <hidden>
  -------------------------------------------------------------------
                         slack                                 75.352    <hidden>

Slack (MET) :             75.352ns  (required time - arrival time)
  Source:                 u_rx_ja/lrck_prev_reg/C
                            (rising edge-triggered cell FDCE clocked by clk_out1_clk_wiz_audio_1  {rise@0.000ns fall@40.690ns period=81.380ns})
  Destination:            u_rx_ja/right_data_reg[16]/CE
                            (rising edge-triggered cell FDCE clocked by clk_out1_clk_wiz_audio_1  {rise@0.000ns fall@40.690ns period=81.380ns})
  Path Group:             clk_out1_clk_wiz_audio_1
  Path Type:              Setup (Max at Slow Process Corner)
  Requirement:            81.380ns  (clk_out1_clk_wiz_audio_1 rise@81.380ns - clk_out1_clk_wiz_audio_1 rise@0.000ns)
  Data Path Delay:        5.364ns  (logic 0.795ns (14.821%)  route 4.569ns (85.179%))
  Logic Levels:           2  (LUT2=2)
  Clock Path Skew:        -0.024ns (DCD - SCD + CPR)
    Destination Clock Delay (DCD):    -1.561ns = ( 79.819 - 81.380 ) 
    Source Clock Delay      (SCD):    -0.933ns
    Clock Pessimism Removal (CPR):    0.604ns
  Clock Uncertainty:      0.228ns  ((TSJ^2 + DJ^2)^1/2) / 2 + PE
    Total System Jitter     (TSJ):    0.071ns
    Discrete Jitter          (DJ):    0.451ns
    Phase Error              (PE):    0.000ns

    Location             Delay type                Incr(ns)  Path(ns)    Netlist Resource(s)
  -------------------------------------------------------------------    -------------------
                         (clock clk_out1_clk_wiz_audio_1 rise edge)
                                                      0.000     0.000 r  <hidden>
    H16                                               0.000     0.000 r  sysclk
                         net (fo=0)                   0.000     0.000    u_mmcm/inst/clk_in1
    H16                  IBUF (Prop_ibuf_I_O)         1.451     1.451 r  u_mmcm/inst/clkin1_ibufg/O
                         net (fo=1, routed)           1.285     2.736    u_mmcm/inst/clk_in1_clk_wiz_audio
    MMCME2_ADV_X1Y2      MMCME2_ADV (Prop_mmcme2_adv_CLKIN1_CLKOUT0)
                                                     -7.759    -5.023 r  u_mmcm/inst/mmcm_adv_inst/CLKOUT0
                         net (fo=1, routed)           2.206    -2.817    u_mmcm/inst/clk_out1_clk_wiz_audio
    BUFGCTRL_X0Y16       BUFG (Prop_bufg_I_O)         0.101    -2.716 r  u_mmcm/inst/clkout1_buf/O
                         net (fo=332, routed)         1.783    -0.933    u_rx_ja/clk_out1
    SLICE_X102Y90        FDCE                                         r  u_rx_ja/lrck_prev_reg/C
  -------------------------------------------------------------------    -------------------
    SLICE_X102Y90        FDCE (Prop_fdce_C_Q)         0.518    -0.415 r  u_rx_ja/lrck_prev_reg/Q
                         net (fo=49, routed)          1.948     1.533    u_rx_ja/lrck_prev
    SLICE_X106Y86        LUT2 (Prop_lut2_I0_O)        0.124     1.657 r  u_rx_ja/bit_counter[4]_i_3/O
                         net (fo=126, routed)         0.889     2.546    u_rx_ja/lrck_changed
    SLICE_X112Y86        LUT2 (Prop_lut2_I0_O)        0.153     2.699 r  u_rx_ja/sample_valid_i_1/O
                         net (fo=49, routed)          1.732     4.431    u_rx_ja/channel_prev_reg_0[0]
    SLICE_X103Y91        FDCE                                         r  u_rx_ja/right_data_reg[16]/CE
  -------------------------------------------------------------------    -------------------

                         (clock clk_out1_clk_wiz_audio_1 rise edge)
                                                     81.380    81.380 r  <hidden>
    H16                                               0.000    81.380 r  sysclk
                         net (fo=0)                   0.000    81.380    u_mmcm/inst/clk_in1
    H16                  IBUF (Prop_ibuf_I_O)         1.380    82.760 r  u_mmcm/inst/clkin1_ibufg/O
                         net (fo=1, routed)           1.162    83.922    u_mmcm/inst/clk_in1_clk_wiz_audio
    MMCME2_ADV_X1Y2      MMCME2_ADV (Prop_mmcme2_adv_CLKIN1_CLKOUT0)
                                                     -7.814    76.108 r  u_mmcm/inst/mmcm_adv_inst/CLKOUT0
                         net (fo=1, routed)           2.012    78.120    u_mmcm/inst/clk_out1_clk_wiz_audio
    BUFGCTRL_X0Y16       BUFG (Prop_bufg_I_O)         0.091    78.211 r  u_mmcm/inst/clkout1_buf/O
                         net (fo=332, routed)         1.608    79.819    u_rx_ja/clk_out1
    SLICE_X103Y91        FDCE                                         r  u_rx_ja/right_data_reg[16]/C
                         clock pessimism              0.604    80.423    <hidden>
                         clock uncertainty           -0.228    80.194    <hidden>
    SLICE_X103Y91        FDCE (Setup_fdce_C_CE)      -0.412    79.782    u_rx_ja/right_data_reg[16]
  -------------------------------------------------------------------
                         required time                         79.782    <hidden>
                         arrival time                          -4.431    <hidden>
  -------------------------------------------------------------------
                         slack                                 75.352    <hidden>

Slack (MET) :             75.444ns  (required time - arrival time)
  Source:                 u_rx_jb/right_data_reg[23]/C
                            (rising edge-triggered cell FDCE clocked by clk_out1_clk_wiz_audio_1  {rise@0.000ns fall@40.690ns period=81.380ns})
  Destination:            u_matrix/out_reg_reg[3][3]/D
                            (rising edge-triggered cell FDCE clocked by clk_out1_clk_wiz_audio_1  {rise@0.000ns fall@40.690ns period=81.380ns})
  Path Group:             clk_out1_clk_wiz_audio_1
  Path Type:              Setup (Max at Slow Process Corner)
  Requirement:            81.380ns  (clk_out1_clk_wiz_audio_1 rise@81.380ns - clk_out1_clk_wiz_audio_1 rise@0.000ns)
  Data Path Delay:        5.646ns  (logic 1.785ns (31.617%)  route 3.861ns (68.383%))
  Logic Levels:           5  (CARRY4=3 LUT1=1 LUT3=1)
  Clock Path Skew:        -0.141ns (DCD - SCD + CPR)
    Destination Clock Delay (DCD):    -1.564ns = ( 79.816 - 81.380 ) 
    Source Clock Delay      (SCD):    -0.856ns
    Clock Pessimism Removal (CPR):    0.567ns
  Clock Uncertainty:      0.228ns  ((TSJ^2 + DJ^2)^1/2) / 2 + PE
    Total System Jitter     (TSJ):    0.071ns
    Discrete Jitter          (DJ):    0.451ns
    Phase Error              (PE):    0.000ns

    Location             Delay type                Incr(ns)  Path(ns)    Netlist Resource(s)
  -------------------------------------------------------------------    -------------------
                         (clock clk_out1_clk_wiz_audio_1 rise edge)
                                                      0.000     0.000 r  <hidden>
    H16                                               0.000     0.000 r  sysclk
                         net (fo=0)                   0.000     0.000    u_mmcm/inst/clk_in1
    H16                  IBUF (Prop_ibuf_I_O)         1.451     1.451 r  u_mmcm/inst/clkin1_ibufg/O
                         net (fo=1, routed)           1.285     2.736    u_mmcm/inst/clk_in1_clk_wiz_audio
    MMCME2_ADV_X1Y2      MMCME2_ADV (Prop_mmcme2_adv_CLKIN1_CLKOUT0)
                                                     -7.759    -5.023 r  u_mmcm/inst/mmcm_adv_inst/CLKOUT0
                         net (fo=1, routed)           2.206    -2.817    u_mmcm/inst/clk_out1_clk_wiz_audio
    BUFGCTRL_X0Y16       BUFG (Prop_bufg_I_O)         0.101    -2.716 r  u_mmcm/inst/clkout1_buf/O
                         net (fo=332, routed)         1.860    -0.856    u_rx_jb/clk_out1
    SLICE_X110Y85        FDCE                                         r  u_rx_jb/right_data_reg[23]/C
  -------------------------------------------------------------------    -------------------
    SLICE_X110Y85        FDCE (Prop_fdce_C_Q)         0.456    -0.400 f  u_rx_jb/right_data_reg[23]/Q
                         net (fo=43, routed)          1.838     1.438    u_rx_jb/right_data_reg[23]_1[23]
    SLICE_X109Y80        LUT1 (Prop_lut1_I0_O)        0.124     1.562 r  u_rx_jb/i__carry_i_3__3/O
                         net (fo=1, routed)           0.000     1.562    u_matrix/_inferred__4/i__carry__0_0[1]
    SLICE_X109Y80        CARRY4 (Prop_carry4_S[1]_CO[3])
                                                      0.550     2.112 r  u_matrix/_inferred__4/i__carry/CO[3]
                         net (fo=1, routed)           0.000     2.112    u_matrix/_inferred__4/i__carry_n_0
    SLICE_X109Y81        CARRY4 (Prop_carry4_CI_CO[3])
                                                      0.114     2.226 r  u_matrix/_inferred__4/i__carry__0/CO[3]
                         net (fo=1, routed)           0.000     2.226    u_matrix/_inferred__4/i__carry__0_n_0
    SLICE_X109Y82        CARRY4 (Prop_carry4_CI_CO[2])
                                                      0.228     2.454 r  u_matrix/_inferred__4/i__carry__1/CO[2]
                         net (fo=24, routed)          2.022     4.476    u_matrix/_inferred__4/i__carry__1_n_1
    SLICE_X104Y87        LUT3 (Prop_lut3_I0_O)        0.313     4.789 r  u_matrix/out_reg[3][3]_i_1/O
                         net (fo=1, routed)           0.000     4.789    u_matrix/out_reg[3][3]_i_1_n_0
    SLICE_X104Y87        FDCE                                         r  u_matrix/out_reg_reg[3][3]/D
  -------------------------------------------------------------------    -------------------

                         (clock clk_out1_clk_wiz_audio_1 rise edge)
                                                     81.380    81.380 r  <hidden>
    H16                                               0.000    81.380 r  sysclk
                         net (fo=0)                   0.000    81.380    u_mmcm/inst/clk_in1
    H16                  IBUF (Prop_ibuf_I_O)         1.380    82.760 r  u_mmcm/inst/clkin1_ibufg/O
                         net (fo=1, routed)           1.162    83.922    u_mmcm/inst/clk_in1_clk_wiz_audio
    MMCME2_ADV_X1Y2      MMCME2_ADV (Prop_mmcme2_adv_CLKIN1_CLKOUT0)
                                                     -7.814    76.108 r  u_mmcm/inst/mmcm_adv_inst/CLKOUT0
                         net (fo=1, routed)           2.012    78.120    u_mmcm/inst/clk_out1_clk_wiz_audio
    BUFGCTRL_X0Y16       BUFG (Prop_bufg_I_O)         0.091    78.211 r  u_mmcm/inst/clkout1_buf/O
                         net (fo=332, routed)         1.605    79.816    u_matrix/clk_out1
    SLICE_X104Y87        FDCE                                         r  u_matrix/out_reg_reg[3][3]/C
                         clock pessimism              0.567    80.383    <hidden>
                         clock uncertainty           -0.228    80.154    <hidden>
    SLICE_X104Y87        FDCE (Setup_fdce_C_D)        0.079    80.233    u_matrix/out_reg_reg[3][3]
  -------------------------------------------------------------------
                         required time                         80.233    <hidden>
                         arrival time                          -4.789    <hidden>
  -------------------------------------------------------------------
                         slack                                 75.444    <hidden>

Slack (MET) :             75.454ns  (required time - arrival time)
  Source:                 u_rx_jb/right_data_reg[23]/C
                            (rising edge-triggered cell FDCE clocked by clk_out1_clk_wiz_audio_1  {rise@0.000ns fall@40.690ns period=81.380ns})
  Destination:            u_matrix/out_reg_reg[3][4]/D
                            (rising edge-triggered cell FDCE clocked by clk_out1_clk_wiz_audio_1  {rise@0.000ns fall@40.690ns period=81.380ns})
  Path Group:             clk_out1_clk_wiz_audio_1
  Path Type:              Setup (Max at Slow Process Corner)
  Requirement:            81.380ns  (clk_out1_clk_wiz_audio_1 rise@81.380ns - clk_out1_clk_wiz_audio_1 rise@0.000ns)
  Data Path Delay:        5.675ns  (logic 1.814ns (31.967%)  route 3.861ns (68.033%))
  Logic Levels:           5  (CARRY4=3 LUT1=1 LUT3=1)
  Clock Path Skew:        -0.141ns (DCD - SCD + CPR)
    Destination Clock Delay (DCD):    -1.564ns = ( 79.816 - 81.380 ) 
    Source Clock Delay      (SCD):    -0.856ns
    Clock Pessimism Removal (CPR):    0.567ns
  Clock Uncertainty:      0.228ns  ((TSJ^2 + DJ^2)^1/2) / 2 + PE
    Total System Jitter     (TSJ):    0.071ns
    Discrete Jitter          (DJ):    0.451ns
    Phase Error              (PE):    0.000ns

    Location             Delay type                Incr(ns)  Path(ns)    Netlist Resource(s)
  -------------------------------------------------------------------    -------------------
                         (clock clk_out1_clk_wiz_audio_1 rise edge)
                                                      0.000     0.000 r  <hidden>
    H16                                               0.000     0.000 r  sysclk
                         net (fo=0)                   0.000     0.000    u_mmcm/inst/clk_in1
    H16                  IBUF (Prop_ibuf_I_O)         1.451     1.451 r  u_mmcm/inst/clkin1_ibufg/O
                         net (fo=1, routed)           1.285     2.736    u_mmcm/inst/clk_in1_clk_wiz_audio
    MMCME2_ADV_X1Y2      MMCME2_ADV (Prop_mmcme2_adv_CLKIN1_CLKOUT0)
                                                     -7.759    -5.023 r  u_mmcm/inst/mmcm_adv_inst/CLKOUT0
                         net (fo=1, routed)           2.206    -2.817    u_mmcm/inst/clk_out1_clk_wiz_audio
    BUFGCTRL_X0Y16       BUFG (Prop_bufg_I_O)         0.101    -2.716 r  u_mmcm/inst/clkout1_buf/O
                         net (fo=332, routed)         1.860    -0.856    u_rx_jb/clk_out1
    SLICE_X110Y85        FDCE                                         r  u_rx_jb/right_data_reg[23]/C
  -------------------------------------------------------------------    -------------------
    SLICE_X110Y85        FDCE (Prop_fdce_C_Q)         0.456    -0.400 f  u_rx_jb/right_data_reg[23]/Q
                         net (fo=43, routed)          1.838     1.438    u_rx_jb/right_data_reg[23]_1[23]
    SLICE_X109Y80        LUT1 (Prop_lut1_I0_O)        0.124     1.562 r  u_rx_jb/i__carry_i_3__3/O
                         net (fo=1, routed)           0.000     1.562    u_matrix/_inferred__4/i__carry__0_0[1]
    SLICE_X109Y80        CARRY4 (Prop_carry4_S[1]_CO[3])
                                                      0.550     2.112 r  u_matrix/_inferred__4/i__carry/CO[3]
                         net (fo=1, routed)           0.000     2.112    u_matrix/_inferred__4/i__carry_n_0
    SLICE_X109Y81        CARRY4 (Prop_carry4_CI_CO[3])
                                                      0.114     2.226 r  u_matrix/_inferred__4/i__carry__0/CO[3]
                         net (fo=1, routed)           0.000     2.226    u_matrix/_inferred__4/i__carry__0_n_0
    SLICE_X109Y82        CARRY4 (Prop_carry4_CI_CO[2])
                                                      0.228     2.454 r  u_matrix/_inferred__4/i__carry__1/CO[2]
                         net (fo=24, routed)          2.022     4.476    u_matrix/_inferred__4/i__carry__1_n_1
    SLICE_X104Y87        LUT3 (Prop_lut3_I0_O)        0.342     4.818 r  u_matrix/out_reg[3][4]_i_1/O
                         net (fo=1, routed)           0.000     4.818    u_matrix/out_reg[3][4]_i_1_n_0
    SLICE_X104Y87        FDCE                                         r  u_matrix/out_reg_reg[3][4]/D
  -------------------------------------------------------------------    -------------------

                         (clock clk_out1_clk_wiz_audio_1 rise edge)
                                                     81.380    81.380 r  <hidden>
    H16                                               0.000    81.380 r  sysclk
                         net (fo=0)                   0.000    81.380    u_mmcm/inst/clk_in1
    H16                  IBUF (Prop_ibuf_I_O)         1.380    82.760 r  u_mmcm/inst/clkin1_ibufg/O
                         net (fo=1, routed)           1.162    83.922    u_mmcm/inst/clk_in1_clk_wiz_audio
    MMCME2_ADV_X1Y2      MMCME2_ADV (Prop_mmcme2_adv_CLKIN1_CLKOUT0)
                                                     -7.814    76.108 r  u_mmcm/inst/mmcm_adv_inst/CLKOUT0
                         net (fo=1, routed)           2.012    78.120    u_mmcm/inst/clk_out1_clk_wiz_audio
    BUFGCTRL_X0Y16       BUFG (Prop_bufg_I_O)         0.091    78.211 r  u_mmcm/inst/clkout1_buf/O
                         net (fo=332, routed)         1.605    79.816    u_matrix/clk_out1
    SLICE_X104Y87        FDCE                                         r  u_matrix/out_reg_reg[3][4]/C
                         clock pessimism              0.567    80.383    <hidden>
                         clock uncertainty           -0.228    80.154    <hidden>
    SLICE_X104Y87        FDCE (Setup_fdce_C_D)        0.118    80.272    u_matrix/out_reg_reg[3][4]
  -------------------------------------------------------------------
                         required time                         80.272    <hidden>
                         arrival time                          -4.818    <hidden>
  -------------------------------------------------------------------
                         slack                                 75.454    <hidden>





Min Delay Paths
--------------------------------------------------------------------------------------
Slack (MET) :             0.246ns  (arrival time - required time)
  Source:                 u_rx_jb/right_data_reg[17]/C
                            (rising edge-triggered cell FDCE clocked by clk_out1_clk_wiz_audio_1  {rise@0.000ns fall@40.690ns period=81.380ns})
  Destination:            u_matrix/out_reg_reg[3][17]/D
                            (rising edge-triggered cell FDCE clocked by clk_out1_clk_wiz_audio_1  {rise@0.000ns fall@40.690ns period=81.380ns})
  Path Group:             clk_out1_clk_wiz_audio_1
  Path Type:              Hold (Min at Fast Process Corner)
  Requirement:            0.000ns  (clk_out1_clk_wiz_audio_1 rise@0.000ns - clk_out1_clk_wiz_audio_1 rise@0.000ns)
  Data Path Delay:        0.380ns  (logic 0.186ns (48.934%)  route 0.194ns (51.066%))
  Logic Levels:           1  (LUT3=1)
  Clock Path Skew:        0.013ns (DCD - SCD - CPR)
    Destination Clock Delay (DCD):    -0.840ns
    Source Clock Delay      (SCD):    -0.600ns
    Clock Pessimism Removal (CPR):    -0.252ns

    Location             Delay type                Incr(ns)  Path(ns)    Netlist Resource(s)
  -------------------------------------------------------------------    -------------------
                         (clock clk_out1_clk_wiz_audio_1 rise edge)
                                                      0.000     0.000 r  <hidden>
    H16                                               0.000     0.000 r  sysclk
                         net (fo=0)                   0.000     0.000    u_mmcm/inst/clk_in1
    H16                  IBUF (Prop_ibuf_I_O)         0.219     0.219 r  u_mmcm/inst/clkin1_ibufg/O
                         net (fo=1, routed)           0.440     0.659    u_mmcm/inst/clk_in1_clk_wiz_audio
    MMCME2_ADV_X1Y2      MMCME2_ADV (Prop_mmcme2_adv_CLKIN1_CLKOUT0)
                                                     -2.613    -1.954 r  u_mmcm/inst/mmcm_adv_inst/CLKOUT0
                         net (fo=1, routed)           0.696    -1.257    u_mmcm/inst/clk_out1_clk_wiz_audio
    BUFGCTRL_X0Y16       BUFG (Prop_bufg_I_O)         0.026    -1.231 r  u_mmcm/inst/clkout1_buf/O
                         net (fo=332, routed)         0.631    -0.600    u_rx_jb/clk_out1
    SLICE_X109Y85        FDCE                                         r  u_rx_jb/right_data_reg[17]/C
  -------------------------------------------------------------------    -------------------
    SLICE_X109Y85        FDCE (Prop_fdce_C_Q)         0.141    -0.459 r  u_rx_jb/right_data_reg[17]/Q
                         net (fo=1, routed)           0.194    -0.265    u_matrix/out_reg_reg[3][23]_1[17]
    SLICE_X108Y85        LUT3 (Prop_lut3_I2_O)        0.045    -0.220 r  u_matrix/out_reg[3][17]_i_1/O
                         net (fo=1, routed)           0.000    -0.220    u_matrix/out_reg[3][17]_i_1_n_0
    SLICE_X108Y85        FDCE                                         r  u_matrix/out_reg_reg[3][17]/D
  -------------------------------------------------------------------    -------------------

                         (clock clk_out1_clk_wiz_audio_1 rise edge)
                                                      0.000     0.000 r  <hidden>
    H16                                               0.000     0.000 r  sysclk
                         net (fo=0)                   0.000     0.000    u_mmcm/inst/clk_in1
    H16                  IBUF (Prop_ibuf_I_O)         0.406     0.406 r  u_mmcm/inst/clkin1_ibufg/O
                         net (fo=1, routed)           0.480     0.886    u_mmcm/inst/clk_in1_clk_wiz_audio
    MMCME2_ADV_X1Y2      MMCME2_ADV (Prop_mmcme2_adv_CLKIN1_CLKOUT0)
                                                     -3.407    -2.521 r  u_mmcm/inst/mmcm_adv_inst/CLKOUT0
                         net (fo=1, routed)           0.752    -1.769    u_mmcm/inst/clk_out1_clk_wiz_audio
    BUFGCTRL_X0Y16       BUFG (Prop_bufg_I_O)         0.029    -1.740 r  u_mmcm/inst/clkout1_buf/O
                         net (fo=332, routed)         0.900    -0.840    u_matrix/clk_out1
    SLICE_X108Y85        FDCE                                         r  u_matrix/out_reg_reg[3][17]/C
                         clock pessimism              0.252    -0.587    <hidden>
    SLICE_X108Y85        FDCE (Hold_fdce_C_D)         0.121    -0.466    u_matrix/out_reg_reg[3][17]
  -------------------------------------------------------------------
                         required time                          0.466    <hidden>
                         arrival time                          -0.220    <hidden>
  -------------------------------------------------------------------
                         slack                                  0.246    <hidden>

Slack (MET) :             0.258ns  (arrival time - required time)
  Source:                 u_matrix/out_reg_reg[2][12]/C
                            (rising edge-triggered cell FDCE clocked by clk_out1_clk_wiz_audio_1  {rise@0.000ns fall@40.690ns period=81.380ns})
  Destination:            u_tx_jb/shift_reg_reg[12]/D
                            (rising edge-triggered cell FDCE clocked by clk_out1_clk_wiz_audio_1  {rise@0.000ns fall@40.690ns period=81.380ns})
  Path Group:             clk_out1_clk_wiz_audio_1
  Path Type:              Hold (Min at Fast Process Corner)
  Requirement:            0.000ns  (clk_out1_clk_wiz_audio_1 rise@0.000ns - clk_out1_clk_wiz_audio_1 rise@0.000ns)
  Data Path Delay:        0.392ns  (logic 0.226ns (57.721%)  route 0.166ns (42.279%))
  Logic Levels:           1  (LUT6=1)
  Clock Path Skew:        0.013ns (DCD - SCD - CPR)
    Destination Clock Delay (DCD):    -0.867ns
    Source Clock Delay      (SCD):    -0.627ns
    Clock Pessimism Removal (CPR):    -0.252ns

    Location             Delay type                Incr(ns)  Path(ns)    Netlist Resource(s)
  -------------------------------------------------------------------    -------------------
                         (clock clk_out1_clk_wiz_audio_1 rise edge)
                                                      0.000     0.000 r  <hidden>
    H16                                               0.000     0.000 r  sysclk
                         net (fo=0)                   0.000     0.000    u_mmcm/inst/clk_in1
    H16                  IBUF (Prop_ibuf_I_O)         0.219     0.219 r  u_mmcm/inst/clkin1_ibufg/O
                         net (fo=1, routed)           0.440     0.659    u_mmcm/inst/clk_in1_clk_wiz_audio
    MMCME2_ADV_X1Y2      MMCME2_ADV (Prop_mmcme2_adv_CLKIN1_CLKOUT0)
                                                     -2.613    -1.954 r  u_mmcm/inst/mmcm_adv_inst/CLKOUT0
                         net (fo=1, routed)           0.696    -1.257    u_mmcm/inst/clk_out1_clk_wiz_audio
    BUFGCTRL_X0Y16       BUFG (Prop_bufg_I_O)         0.026    -1.231 r  u_mmcm/inst/clkout1_buf/O
                         net (fo=332, routed)         0.604    -0.627    u_matrix/clk_out1
    SLICE_X103Y85        FDCE                                         r  u_matrix/out_reg_reg[2][12]/C
  -------------------------------------------------------------------    -------------------
    SLICE_X103Y85        FDCE (Prop_fdce_C_Q)         0.128    -0.499 r  u_matrix/out_reg_reg[2][12]/Q
                         net (fo=1, routed)           0.166    -0.334    u_rx_ja/shift_reg_reg[23]_4[11]
    SLICE_X102Y85        LUT6 (Prop_lut6_I2_O)        0.098    -0.236 r  u_rx_ja/shift_reg[12]_i_1__2/O
                         net (fo=1, routed)           0.000    -0.236    u_tx_jb/shift_reg_reg[23]_0[12]
    SLICE_X102Y85        FDCE                                         r  u_tx_jb/shift_reg_reg[12]/D
  -------------------------------------------------------------------    -------------------

                         (clock clk_out1_clk_wiz_audio_1 rise edge)
                                                      0.000     0.000 r  <hidden>
    H16                                               0.000     0.000 r  sysclk
                         net (fo=0)                   0.000     0.000    u_mmcm/inst/clk_in1
    H16                  IBUF (Prop_ibuf_I_O)         0.406     0.406 r  u_mmcm/inst/clkin1_ibufg/O
                         net (fo=1, routed)           0.480     0.886    u_mmcm/inst/clk_in1_clk_wiz_audio
    MMCME2_ADV_X1Y2      MMCME2_ADV (Prop_mmcme2_adv_CLKIN1_CLKOUT0)
                                                     -3.407    -2.521 r  u_mmcm/inst/mmcm_adv_inst/CLKOUT0
                         net (fo=1, routed)           0.752    -1.769    u_mmcm/inst/clk_out1_clk_wiz_audio
    BUFGCTRL_X0Y16       BUFG (Prop_bufg_I_O)         0.029    -1.740 r  u_mmcm/inst/clkout1_buf/O
                         net (fo=332, routed)         0.873    -0.867    u_tx_jb/clk_out1
    SLICE_X102Y85        FDCE                                         r  u_tx_jb/shift_reg_reg[12]/C
                         clock pessimism              0.252    -0.614    <hidden>
    SLICE_X102Y85        FDCE (Hold_fdce_C_D)         0.121    -0.493    u_tx_jb/shift_reg_reg[12]
  -------------------------------------------------------------------
                         required time                          0.493    <hidden>
                         arrival time                          -0.236    <hidden>
  -------------------------------------------------------------------
                         slack                                  0.258    <hidden>

Slack (MET) :             0.258ns  (arrival time - required time)
  Source:                 u_matrix/out_reg_reg[3][8]/C
                            (rising edge-triggered cell FDCE clocked by clk_out1_clk_wiz_audio_1  {rise@0.000ns fall@40.690ns period=81.380ns})
  Destination:            u_tx_jb/shift_reg_reg[8]/D
                            (rising edge-triggered cell FDCE clocked by clk_out1_clk_wiz_audio_1  {rise@0.000ns fall@40.690ns period=81.380ns})
  Path Group:             clk_out1_clk_wiz_audio_1
  Path Type:              Hold (Min at Fast Process Corner)
  Requirement:            0.000ns  (clk_out1_clk_wiz_audio_1 rise@0.000ns - clk_out1_clk_wiz_audio_1 rise@0.000ns)
  Data Path Delay:        0.392ns  (logic 0.226ns (57.623%)  route 0.166ns (42.377%))
  Logic Levels:           1  (LUT6=1)
  Clock Path Skew:        0.013ns (DCD - SCD - CPR)
    Destination Clock Delay (DCD):    -0.867ns
    Source Clock Delay      (SCD):    -0.627ns
    Clock Pessimism Removal (CPR):    -0.252ns

    Location             Delay type                Incr(ns)  Path(ns)    Netlist Resource(s)
  -------------------------------------------------------------------    -------------------
                         (clock clk_out1_clk_wiz_audio_1 rise edge)
                                                      0.000     0.000 r  <hidden>
    H16                                               0.000     0.000 r  sysclk
                         net (fo=0)                   0.000     0.000    u_mmcm/inst/clk_in1
    H16                  IBUF (Prop_ibuf_I_O)         0.219     0.219 r  u_mmcm/inst/clkin1_ibufg/O
                         net (fo=1, routed)           0.440     0.659    u_mmcm/inst/clk_in1_clk_wiz_audio
    MMCME2_ADV_X1Y2      MMCME2_ADV (Prop_mmcme2_adv_CLKIN1_CLKOUT0)
                                                     -2.613    -1.954 r  u_mmcm/inst/mmcm_adv_inst/CLKOUT0
                         net (fo=1, routed)           0.696    -1.257    u_mmcm/inst/clk_out1_clk_wiz_audio
    BUFGCTRL_X0Y16       BUFG (Prop_bufg_I_O)         0.026    -1.231 r  u_mmcm/inst/clkout1_buf/O
                         net (fo=332, routed)         0.604    -0.627    u_matrix/clk_out1
    SLICE_X103Y86        FDCE                                         r  u_matrix/out_reg_reg[3][8]/C
  -------------------------------------------------------------------    -------------------
    SLICE_X103Y86        FDCE (Prop_fdce_C_Q)         0.128    -0.499 r  u_matrix/out_reg_reg[3][8]/Q
                         net (fo=1, routed)           0.166    -0.333    u_rx_ja/shift_reg_reg[23]_5[7]
    SLICE_X102Y86        LUT6 (Prop_lut6_I3_O)        0.098    -0.235 r  u_rx_ja/shift_reg[8]_i_1__2/O
                         net (fo=1, routed)           0.000    -0.235    u_tx_jb/shift_reg_reg[23]_0[8]
    SLICE_X102Y86        FDCE                                         r  u_tx_jb/shift_reg_reg[8]/D
  -------------------------------------------------------------------    -------------------

                         (clock clk_out1_clk_wiz_audio_1 rise edge)
                                                      0.000     0.000 r  <hidden>
    H16                                               0.000     0.000 r  sysclk
                         net (fo=0)                   0.000     0.000    u_mmcm/inst/clk_in1
    H16                  IBUF (Prop_ibuf_I_O)         0.406     0.406 r  u_mmcm/inst/clkin1_ibufg/O
                         net (fo=1, routed)           0.480     0.886    u_mmcm/inst/clk_in1_clk_wiz_audio
    MMCME2_ADV_X1Y2      MMCME2_ADV (Prop_mmcme2_adv_CLKIN1_CLKOUT0)
                                                     -3.407    -2.521 r  u_mmcm/inst/mmcm_adv_inst/CLKOUT0
                         net (fo=1, routed)           0.752    -1.769    u_mmcm/inst/clk_out1_clk_wiz_audio
    BUFGCTRL_X0Y16       BUFG (Prop_bufg_I_O)         0.029    -1.740 r  u_mmcm/inst/clkout1_buf/O
                         net (fo=332, routed)         0.873    -0.867    u_tx_jb/clk_out1
    SLICE_X102Y86        FDCE                                         r  u_tx_jb/shift_reg_reg[8]/C
                         clock pessimism              0.252    -0.614    <hidden>
    SLICE_X102Y86        FDCE (Hold_fdce_C_D)         0.121    -0.493    u_tx_jb/shift_reg_reg[8]
  -------------------------------------------------------------------
                         required time                          0.493    <hidden>
                         arrival time                          -0.235    <hidden>
  -------------------------------------------------------------------
                         slack                                  0.258    <hidden>

Slack (MET) :             0.262ns  (arrival time - required time)
  Source:                 u_rx_ja/bit_counter_reg[0]/C
                            (rising edge-triggered cell FDCE clocked by clk_out1_clk_wiz_audio_1  {rise@0.000ns fall@40.690ns period=81.380ns})
  Destination:            u_rx_ja/bit_counter_reg[3]/D
                            (rising edge-triggered cell FDCE clocked by clk_out1_clk_wiz_audio_1  {rise@0.000ns fall@40.690ns period=81.380ns})
  Path Group:             clk_out1_clk_wiz_audio_1
  Path Type:              Hold (Min at Fast Process Corner)
  Requirement:            0.000ns  (clk_out1_clk_wiz_audio_1 rise@0.000ns - clk_out1_clk_wiz_audio_1 rise@0.000ns)
  Data Path Delay:        0.393ns  (logic 0.207ns (52.626%)  route 0.186ns (47.374%))
  Logic Levels:           1  (LUT5=1)
  Clock Path Skew:        0.000ns (DCD - SCD - CPR)
    Destination Clock Delay (DCD):    -0.834ns
    Source Clock Delay      (SCD):    -0.597ns
    Clock Pessimism Removal (CPR):    -0.236ns

    Location             Delay type                Incr(ns)  Path(ns)    Netlist Resource(s)
  -------------------------------------------------------------------    -------------------
                         (clock clk_out1_clk_wiz_audio_1 rise edge)
                                                      0.000     0.000 r  <hidden>
    H16                                               0.000     0.000 r  sysclk
                         net (fo=0)                   0.000     0.000    u_mmcm/inst/clk_in1
    H16                  IBUF (Prop_ibuf_I_O)         0.219     0.219 r  u_mmcm/inst/clkin1_ibufg/O
                         net (fo=1, routed)           0.440     0.659    u_mmcm/inst/clk_in1_clk_wiz_audio
    MMCME2_ADV_X1Y2      MMCME2_ADV (Prop_mmcme2_adv_CLKIN1_CLKOUT0)
                                                     -2.613    -1.954 r  u_mmcm/inst/mmcm_adv_inst/CLKOUT0
                         net (fo=1, routed)           0.696    -1.257    u_mmcm/inst/clk_out1_clk_wiz_audio
    BUFGCTRL_X0Y16       BUFG (Prop_bufg_I_O)         0.026    -1.231 r  u_mmcm/inst/clkout1_buf/O
                         net (fo=332, routed)         0.634    -0.597    u_rx_ja/clk_out1
    SLICE_X112Y88        FDCE                                         r  u_rx_ja/bit_counter_reg[0]/C
  -------------------------------------------------------------------    -------------------
    SLICE_X112Y88        FDCE (Prop_fdce_C_Q)         0.164    -0.433 r  u_rx_ja/bit_counter_reg[0]/Q
                         net (fo=6, routed)           0.186    -0.247    u_rx_ja/bit_counter_reg_n_0_[0]
    SLICE_X112Y88        LUT5 (Prop_lut5_I1_O)        0.043    -0.204 r  u_rx_ja/bit_counter[3]_i_1/O
                         net (fo=1, routed)           0.000    -0.204    u_rx_ja/bit_counter[3]_i_1_n_0
    SLICE_X112Y88        FDCE                                         r  u_rx_ja/bit_counter_reg[3]/D
  -------------------------------------------------------------------    -------------------

                         (clock clk_out1_clk_wiz_audio_1 rise edge)
                                                      0.000     0.000 r  <hidden>
    H16                                               0.000     0.000 r  sysclk
                         net (fo=0)                   0.000     0.000    u_mmcm/inst/clk_in1
    H16                  IBUF (Prop_ibuf_I_O)         0.406     0.406 r  u_mmcm/inst/clkin1_ibufg/O
                         net (fo=1, routed)           0.480     0.886    u_mmcm/inst/clk_in1_clk_wiz_audio
    MMCME2_ADV_X1Y2      MMCME2_ADV (Prop_mmcme2_adv_CLKIN1_CLKOUT0)
                                                     -3.407    -2.521 r  u_mmcm/inst/mmcm_adv_inst/CLKOUT0
                         net (fo=1, routed)           0.752    -1.769    u_mmcm/inst/clk_out1_clk_wiz_audio
    BUFGCTRL_X0Y16       BUFG (Prop_bufg_I_O)         0.029    -1.740 r  u_mmcm/inst/clkout1_buf/O
                         net (fo=332, routed)         0.906    -0.834    u_rx_ja/clk_out1
    SLICE_X112Y88        FDCE                                         r  u_rx_ja/bit_counter_reg[3]/C
                         clock pessimism              0.236    -0.597    <hidden>
    SLICE_X112Y88        FDCE (Hold_fdce_C_D)         0.131    -0.466    u_rx_ja/bit_counter_reg[3]
  -------------------------------------------------------------------
                         required time                          0.466    <hidden>
                         arrival time                          -0.204    <hidden>
  -------------------------------------------------------------------
                         slack                                  0.262    <hidden>

Slack (MET) :             0.265ns  (arrival time - required time)
  Source:                 u_matrix/out_reg_reg[0][6]/C
                            (rising edge-triggered cell FDCE clocked by clk_out1_clk_wiz_audio_1  {rise@0.000ns fall@40.690ns period=81.380ns})
  Destination:            u_tx_ja/shift_reg_reg[6]/D
                            (rising edge-triggered cell FDCE clocked by clk_out1_clk_wiz_audio_1  {rise@0.000ns fall@40.690ns period=81.380ns})
  Path Group:             clk_out1_clk_wiz_audio_1
  Path Type:              Hold (Min at Fast Process Corner)
  Requirement:            0.000ns  (clk_out1_clk_wiz_audio_1 rise@0.000ns - clk_out1_clk_wiz_audio_1 rise@0.000ns)
  Data Path Delay:        0.373ns  (logic 0.226ns (60.650%)  route 0.147ns (39.350%))
  Logic Levels:           1  (LUT6=1)
  Clock Path Skew:        0.016ns (DCD - SCD - CPR)
    Destination Clock Delay (DCD):    -0.833ns
    Source Clock Delay      (SCD):    -0.596ns
    Clock Pessimism Removal (CPR):    -0.252ns

    Location             Delay type                Incr(ns)  Path(ns)    Netlist Resource(s)
  -------------------------------------------------------------------    -------------------
                         (clock clk_out1_clk_wiz_audio_1 rise edge)
                                                      0.000     0.000 r  <hidden>
    H16                                               0.000     0.000 r  sysclk
                         net (fo=0)                   0.000     0.000    u_mmcm/inst/clk_in1
    H16                  IBUF (Prop_ibuf_I_O)         0.219     0.219 r  u_mmcm/inst/clkin1_ibufg/O
                         net (fo=1, routed)           0.440     0.659    u_mmcm/inst/clk_in1_clk_wiz_audio
    MMCME2_ADV_X1Y2      MMCME2_ADV (Prop_mmcme2_adv_CLKIN1_CLKOUT0)
                                                     -2.613    -1.954 r  u_mmcm/inst/mmcm_adv_inst/CLKOUT0
                         net (fo=1, routed)           0.696    -1.257    u_mmcm/inst/clk_out1_clk_wiz_audio
    BUFGCTRL_X0Y16       BUFG (Prop_bufg_I_O)         0.026    -1.231 r  u_mmcm/inst/clkout1_buf/O
                         net (fo=332, routed)         0.635    -0.596    u_matrix/clk_out1
    SLICE_X110Y91        FDCE                                         r  u_matrix/out_reg_reg[0][6]/C
  -------------------------------------------------------------------    -------------------
    SLICE_X110Y91        FDCE (Prop_fdce_C_Q)         0.128    -0.468 r  u_matrix/out_reg_reg[0][6]/Q
                         net (fo=1, routed)           0.147    -0.322    u_rx_ja/shift_reg_reg[23]_1[5]
    SLICE_X111Y90        LUT6 (Prop_lut6_I2_O)        0.098    -0.224 r  u_rx_ja/shift_reg[6]_i_1__0/O
                         net (fo=1, routed)           0.000    -0.224    u_tx_ja/shift_reg_reg[23]_0[6]
    SLICE_X111Y90        FDCE                                         r  u_tx_ja/shift_reg_reg[6]/D
  -------------------------------------------------------------------    -------------------

                         (clock clk_out1_clk_wiz_audio_1 rise edge)
                                                      0.000     0.000 r  <hidden>
    H16                                               0.000     0.000 r  sysclk
                         net (fo=0)                   0.000     0.000    u_mmcm/inst/clk_in1
    H16                  IBUF (Prop_ibuf_I_O)         0.406     0.406 r  u_mmcm/inst/clkin1_ibufg/O
                         net (fo=1, routed)           0.480     0.886    u_mmcm/inst/clk_in1_clk_wiz_audio
    MMCME2_ADV_X1Y2      MMCME2_ADV (Prop_mmcme2_adv_CLKIN1_CLKOUT0)
                                                     -3.407    -2.521 r  u_mmcm/inst/mmcm_adv_inst/CLKOUT0
                         net (fo=1, routed)           0.752    -1.769    u_mmcm/inst/clk_out1_clk_wiz_audio
    BUFGCTRL_X0Y16       BUFG (Prop_bufg_I_O)         0.029    -1.740 r  u_mmcm/inst/clkout1_buf/O
                         net (fo=332, routed)         0.907    -0.833    u_tx_ja/clk_out1
    SLICE_X111Y90        FDCE                                         r  u_tx_ja/shift_reg_reg[6]/C
                         clock pessimism              0.252    -0.580    <hidden>
    SLICE_X111Y90        FDCE (Hold_fdce_C_D)         0.092    -0.488    u_tx_ja/shift_reg_reg[6]
  -------------------------------------------------------------------
                         required time                          0.488    <hidden>
                         arrival time                          -0.224    <hidden>
  -------------------------------------------------------------------
                         slack                                  0.265    <hidden>

Slack (MET) :             0.267ns  (arrival time - required time)
  Source:                 u_rx_ja/shift_reg_reg[4]/C
                            (rising edge-triggered cell FDCE clocked by clk_out1_clk_wiz_audio_1  {rise@0.000ns fall@40.690ns period=81.380ns})
  Destination:            u_rx_ja/left_data_reg[4]/D
                            (rising edge-triggered cell FDCE clocked by clk_out1_clk_wiz_audio_1  {rise@0.000ns fall@40.690ns period=81.380ns})
  Path Group:             clk_out1_clk_wiz_audio_1
  Path Type:              Hold (Min at Fast Process Corner)
  Requirement:            0.000ns  (clk_out1_clk_wiz_audio_1 rise@0.000ns - clk_out1_clk_wiz_audio_1 rise@0.000ns)
  Data Path Delay:        0.299ns  (logic 0.128ns (42.822%)  route 0.171ns (57.178%))
  Logic Levels:           0  
  Clock Path Skew:        0.016ns (DCD - SCD - CPR)
    Destination Clock Delay (DCD):    -0.834ns
    Source Clock Delay      (SCD):    -0.597ns
    Clock Pessimism Removal (CPR):    -0.252ns

    Location             Delay type                Incr(ns)  Path(ns)    Netlist Resource(s)
  -------------------------------------------------------------------    -------------------
                         (clock clk_out1_clk_wiz_audio_1 rise edge)
                                                      0.000     0.000 r  <hidden>
    H16                                               0.000     0.000 r  sysclk
                         net (fo=0)                   0.000     0.000    u_mmcm/inst/clk_in1
    H16                  IBUF (Prop_ibuf_I_O)         0.219     0.219 r  u_mmcm/inst/clkin1_ibufg/O
                         net (fo=1, routed)           0.440     0.659    u_mmcm/inst/clk_in1_clk_wiz_audio
    MMCME2_ADV_X1Y2      MMCME2_ADV (Prop_mmcme2_adv_CLKIN1_CLKOUT0)
                                                     -2.613    -1.954 r  u_mmcm/inst/mmcm_adv_inst/CLKOUT0
                         net (fo=1, routed)           0.696    -1.257    u_mmcm/inst/clk_out1_clk_wiz_audio
    BUFGCTRL_X0Y16       BUFG (Prop_bufg_I_O)         0.026    -1.231 r  u_mmcm/inst/clkout1_buf/O
                         net (fo=332, routed)         0.634    -0.597    u_rx_ja/clk_out1
    SLICE_X113Y89        FDCE                                         r  u_rx_ja/shift_reg_reg[4]/C
  -------------------------------------------------------------------    -------------------
    SLICE_X113Y89        FDCE (Prop_fdce_C_Q)         0.128    -0.469 r  u_rx_ja/shift_reg_reg[4]/Q
                         net (fo=3, routed)           0.171    -0.299    u_rx_ja/shift_reg_reg_n_0_[4]
    SLICE_X111Y89        FDCE                                         r  u_rx_ja/left_data_reg[4]/D
  -------------------------------------------------------------------    -------------------

                         (clock clk_out1_clk_wiz_audio_1 rise edge)
                                                      0.000     0.000 r  <hidden>
    H16                                               0.000     0.000 r  sysclk
                         net (fo=0)                   0.000     0.000    u_mmcm/inst/clk_in1
    H16                  IBUF (Prop_ibuf_I_O)         0.406     0.406 r  u_mmcm/inst/clkin1_ibufg/O
                         net (fo=1, routed)           0.480     0.886    u_mmcm/inst/clk_in1_clk_wiz_audio
    MMCME2_ADV_X1Y2      MMCME2_ADV (Prop_mmcme2_adv_CLKIN1_CLKOUT0)
                                                     -3.407    -2.521 r  u_mmcm/inst/mmcm_adv_inst/CLKOUT0
                         net (fo=1, routed)           0.752    -1.769    u_mmcm/inst/clk_out1_clk_wiz_audio
    BUFGCTRL_X0Y16       BUFG (Prop_bufg_I_O)         0.029    -1.740 r  u_mmcm/inst/clkout1_buf/O
                         net (fo=332, routed)         0.906    -0.834    u_rx_ja/clk_out1
    SLICE_X111Y89        FDCE                                         r  u_rx_ja/left_data_reg[4]/C
                         clock pessimism              0.252    -0.581    <hidden>
    SLICE_X111Y89        FDCE (Hold_fdce_C_D)         0.016    -0.565    u_rx_ja/left_data_reg[4]
  -------------------------------------------------------------------
                         required time                          0.565    <hidden>
                         arrival time                          -0.299    <hidden>
  -------------------------------------------------------------------
                         slack                                  0.267    <hidden>

Slack (MET) :             0.268ns  (arrival time - required time)
  Source:                 u_div/cnt_reg[1]/C
                            (rising edge-triggered cell FDCE clocked by clk_out1_clk_wiz_audio_1  {rise@0.000ns fall@40.690ns period=81.380ns})
  Destination:            u_div/cnt_reg[2]/D
                            (rising edge-triggered cell FDCE clocked by clk_out1_clk_wiz_audio_1  {rise@0.000ns fall@40.690ns period=81.380ns})
  Path Group:             clk_out1_clk_wiz_audio_1
  Path Type:              Hold (Min at Fast Process Corner)
  Requirement:            0.000ns  (clk_out1_clk_wiz_audio_1 rise@0.000ns - clk_out1_clk_wiz_audio_1 rise@0.000ns)
  Data Path Delay:        0.399ns  (logic 0.207ns (51.901%)  route 0.192ns (48.099%))
  Logic Levels:           1  (LUT3=1)
  Clock Path Skew:        0.000ns (DCD - SCD - CPR)
    Destination Clock Delay (DCD):    -0.842ns
    Source Clock Delay      (SCD):    -0.603ns
    Clock Pessimism Removal (CPR):    -0.238ns

    Location             Delay type                Incr(ns)  Path(ns)    Netlist Resource(s)
  -------------------------------------------------------------------    -------------------
                         (clock clk_out1_clk_wiz_audio_1 rise edge)
                                                      0.000     0.000 r  <hidden>
    H16                                               0.000     0.000 r  sysclk
                         net (fo=0)                   0.000     0.000    u_mmcm/inst/clk_in1
    H16                  IBUF (Prop_ibuf_I_O)         0.219     0.219 r  u_mmcm/inst/clkin1_ibufg/O
                         net (fo=1, routed)           0.440     0.659    u_mmcm/inst/clk_in1_clk_wiz_audio
    MMCME2_ADV_X1Y2      MMCME2_ADV (Prop_mmcme2_adv_CLKIN1_CLKOUT0)
                                                     -2.613    -1.954 r  u_mmcm/inst/mmcm_adv_inst/CLKOUT0
                         net (fo=1, routed)           0.696    -1.257    u_mmcm/inst/clk_out1_clk_wiz_audio
    BUFGCTRL_X0Y16       BUFG (Prop_bufg_I_O)         0.026    -1.231 r  u_mmcm/inst/clkout1_buf/O
                         net (fo=332, routed)         0.628    -0.603    u_div/clk_out1
    SLICE_X112Y80        FDCE                                         r  u_div/cnt_reg[1]/C
  -------------------------------------------------------------------    -------------------
    SLICE_X112Y80        FDCE (Prop_fdce_C_Q)         0.164    -0.439 r  u_div/cnt_reg[1]/Q
                         net (fo=11, routed)          0.192    -0.248    u_div/out[0]
    SLICE_X112Y80        LUT3 (Prop_lut3_I1_O)        0.043    -0.205 r  u_div/cnt[2]_i_1/O
                         net (fo=1, routed)           0.000    -0.205    u_div/p_0_in[2]
    SLICE_X112Y80        FDCE                                         r  u_div/cnt_reg[2]/D
  -------------------------------------------------------------------    -------------------

                         (clock clk_out1_clk_wiz_audio_1 rise edge)
                                                      0.000     0.000 r  <hidden>
    H16                                               0.000     0.000 r  sysclk
                         net (fo=0)                   0.000     0.000    u_mmcm/inst/clk_in1
    H16                  IBUF (Prop_ibuf_I_O)         0.406     0.406 r  u_mmcm/inst/clkin1_ibufg/O
                         net (fo=1, routed)           0.480     0.886    u_mmcm/inst/clk_in1_clk_wiz_audio
    MMCME2_ADV_X1Y2      MMCME2_ADV (Prop_mmcme2_adv_CLKIN1_CLKOUT0)
                                                     -3.407    -2.521 r  u_mmcm/inst/mmcm_adv_inst/CLKOUT0
                         net (fo=1, routed)           0.752    -1.769    u_mmcm/inst/clk_out1_clk_wiz_audio
    BUFGCTRL_X0Y16       BUFG (Prop_bufg_I_O)         0.029    -1.740 r  u_mmcm/inst/clkout1_buf/O
                         net (fo=332, routed)         0.898    -0.842    u_div/clk_out1
    SLICE_X112Y80        FDCE                                         r  u_div/cnt_reg[2]/C
                         clock pessimism              0.238    -0.603    <hidden>
    SLICE_X112Y80        FDCE (Hold_fdce_C_D)         0.131    -0.472    u_div/cnt_reg[2]
  -------------------------------------------------------------------
                         required time                          0.472    <hidden>
                         arrival time                          -0.205    <hidden>
  -------------------------------------------------------------------
                         slack                                  0.268    <hidden>

Slack (MET) :             0.271ns  (arrival time - required time)
  Source:                 u_rx_jb/left_data_reg[1]/C
                            (rising edge-triggered cell FDCE clocked by clk_out1_clk_wiz_audio_1  {rise@0.000ns fall@40.690ns period=81.380ns})
  Destination:            u_matrix/out_reg_reg[2][1]/D
                            (rising edge-triggered cell FDCE clocked by clk_out1_clk_wiz_audio_1  {rise@0.000ns fall@40.690ns period=81.380ns})
  Path Group:             clk_out1_clk_wiz_audio_1
  Path Type:              Hold (Min at Fast Process Corner)
  Requirement:            0.000ns  (clk_out1_clk_wiz_audio_1 rise@0.000ns - clk_out1_clk_wiz_audio_1 rise@0.000ns)
  Data Path Delay:        0.376ns  (logic 0.186ns (49.436%)  route 0.190ns (50.564%))
  Logic Levels:           1  (LUT3=1)
  Clock Path Skew:        0.014ns (DCD - SCD - CPR)
    Destination Clock Delay (DCD):    -0.841ns
    Source Clock Delay      (SCD):    -0.600ns
    Clock Pessimism Removal (CPR):    -0.254ns

    Location             Delay type                Incr(ns)  Path(ns)    Netlist Resource(s)
  -------------------------------------------------------------------    -------------------
                         (clock clk_out1_clk_wiz_audio_1 rise edge)
                                                      0.000     0.000 r  <hidden>
    H16                                               0.000     0.000 r  sysclk
                         net (fo=0)                   0.000     0.000    u_mmcm/inst/clk_in1
    H16                  IBUF (Prop_ibuf_I_O)         0.219     0.219 r  u_mmcm/inst/clkin1_ibufg/O
                         net (fo=1, routed)           0.440     0.659    u_mmcm/inst/clk_in1_clk_wiz_audio
    MMCME2_ADV_X1Y2      MMCME2_ADV (Prop_mmcme2_adv_CLKIN1_CLKOUT0)
                                                     -2.613    -1.954 r  u_mmcm/inst/mmcm_adv_inst/CLKOUT0
                         net (fo=1, routed)           0.696    -1.257    u_mmcm/inst/clk_out1_clk_wiz_audio
    BUFGCTRL_X0Y16       BUFG (Prop_bufg_I_O)         0.026    -1.231 r  u_mmcm/inst/clkout1_buf/O
                         net (fo=332, routed)         0.631    -0.600    u_rx_jb/clk_out1
    SLICE_X109Y84        FDCE                                         r  u_rx_jb/left_data_reg[1]/C
  -------------------------------------------------------------------    -------------------
    SLICE_X109Y84        FDCE (Prop_fdce_C_Q)         0.141    -0.459 r  u_rx_jb/left_data_reg[1]/Q
                         net (fo=1, routed)           0.190    -0.269    u_matrix/out_reg_reg[2][23]_1[1]
    SLICE_X106Y84        LUT3 (Prop_lut3_I2_O)        0.045    -0.224 r  u_matrix/out_reg[2][1]_i_1/O
                         net (fo=1, routed)           0.000    -0.224    u_matrix/out_reg[2][1]_i_1_n_0
    SLICE_X106Y84        FDCE                                         r  u_matrix/out_reg_reg[2][1]/D
  -------------------------------------------------------------------    -------------------

                         (clock clk_out1_clk_wiz_audio_1 rise edge)
                                                      0.000     0.000 r  <hidden>
    H16                                               0.000     0.000 r  sysclk
                         net (fo=0)                   0.000     0.000    u_mmcm/inst/clk_in1
    H16                  IBUF (Prop_ibuf_I_O)         0.406     0.406 r  u_mmcm/inst/clkin1_ibufg/O
                         net (fo=1, routed)           0.480     0.886    u_mmcm/inst/clk_in1_clk_wiz_audio
    MMCME2_ADV_X1Y2      MMCME2_ADV (Prop_mmcme2_adv_CLKIN1_CLKOUT0)
                                                     -3.407    -2.521 r  u_mmcm/inst/mmcm_adv_inst/CLKOUT0
                         net (fo=1, routed)           0.752    -1.769    u_mmcm/inst/clk_out1_clk_wiz_audio
    BUFGCTRL_X0Y16       BUFG (Prop_bufg_I_O)         0.029    -1.740 r  u_mmcm/inst/clkout1_buf/O
                         net (fo=332, routed)         0.899    -0.841    u_matrix/clk_out1
    SLICE_X106Y84        FDCE                                         r  u_matrix/out_reg_reg[2][1]/C
                         clock pessimism              0.254    -0.586    <hidden>
    SLICE_X106Y84        FDCE (Hold_fdce_C_D)         0.091    -0.495    u_matrix/out_reg_reg[2][1]
  -------------------------------------------------------------------
                         required time                          0.495    <hidden>
                         arrival time                          -0.224    <hidden>
  -------------------------------------------------------------------
                         slack                                  0.271    <hidden>

Slack (MET) :             0.274ns  (arrival time - required time)
  Source:                 u_rx_ja/bit_counter_reg[0]/C
                            (rising edge-triggered cell FDCE clocked by clk_out1_clk_wiz_audio_1  {rise@0.000ns fall@40.690ns period=81.380ns})
  Destination:            u_rx_ja/bit_counter_reg[2]/D
                            (rising edge-triggered cell FDCE clocked by clk_out1_clk_wiz_audio_1  {rise@0.000ns fall@40.690ns period=81.380ns})
  Path Group:             clk_out1_clk_wiz_audio_1
  Path Type:              Hold (Min at Fast Process Corner)
  Requirement:            0.000ns  (clk_out1_clk_wiz_audio_1 rise@0.000ns - clk_out1_clk_wiz_audio_1 rise@0.000ns)
  Data Path Delay:        0.395ns  (logic 0.209ns (52.866%)  route 0.186ns (47.134%))
  Logic Levels:           1  (LUT4=1)
  Clock Path Skew:        0.000ns (DCD - SCD - CPR)
    Destination Clock Delay (DCD):    -0.834ns
    Source Clock Delay      (SCD):    -0.597ns
    Clock Pessimism Removal (CPR):    -0.236ns

    Location             Delay type                Incr(ns)  Path(ns)    Netlist Resource(s)
  -------------------------------------------------------------------    -------------------
                         (clock clk_out1_clk_wiz_audio_1 rise edge)
                                                      0.000     0.000 r  <hidden>
    H16                                               0.000     0.000 r  sysclk
                         net (fo=0)                   0.000     0.000    u_mmcm/inst/clk_in1
    H16                  IBUF (Prop_ibuf_I_O)         0.219     0.219 r  u_mmcm/inst/clkin1_ibufg/O
                         net (fo=1, routed)           0.440     0.659    u_mmcm/inst/clk_in1_clk_wiz_audio
    MMCME2_ADV_X1Y2      MMCME2_ADV (Prop_mmcme2_adv_CLKIN1_CLKOUT0)
                                                     -2.613    -1.954 r  u_mmcm/inst/mmcm_adv_inst/CLKOUT0
                         net (fo=1, routed)           0.696    -1.257    u_mmcm/inst/clk_out1_clk_wiz_audio
    BUFGCTRL_X0Y16       BUFG (Prop_bufg_I_O)         0.026    -1.231 r  u_mmcm/inst/clkout1_buf/O
                         net (fo=332, routed)         0.634    -0.597    u_rx_ja/clk_out1
    SLICE_X112Y88        FDCE                                         r  u_rx_ja/bit_counter_reg[0]/C
  -------------------------------------------------------------------    -------------------
    SLICE_X112Y88        FDCE (Prop_fdce_C_Q)         0.164    -0.433 r  u_rx_ja/bit_counter_reg[0]/Q
                         net (fo=6, routed)           0.186    -0.247    u_rx_ja/bit_counter_reg_n_0_[0]
    SLICE_X112Y88        LUT4 (Prop_lut4_I0_O)        0.045    -0.202 r  u_rx_ja/bit_counter[2]_i_1/O
                         net (fo=1, routed)           0.000    -0.202    u_rx_ja/bit_counter[2]_i_1_n_0
    SLICE_X112Y88        FDCE                                         r  u_rx_ja/bit_counter_reg[2]/D
  -------------------------------------------------------------------    -------------------

                         (clock clk_out1_clk_wiz_audio_1 rise edge)
                                                      0.000     0.000 r  <hidden>
    H16                                               0.000     0.000 r  sysclk
                         net (fo=0)                   0.000     0.000    u_mmcm/inst/clk_in1
    H16                  IBUF (Prop_ibuf_I_O)         0.406     0.406 r  u_mmcm/inst/clkin1_ibufg/O
                         net (fo=1, routed)           0.480     0.886    u_mmcm/inst/clk_in1_clk_wiz_audio
    MMCME2_ADV_X1Y2      MMCME2_ADV (Prop_mmcme2_adv_CLKIN1_CLKOUT0)
                                                     -3.407    -2.521 r  u_mmcm/inst/mmcm_adv_inst/CLKOUT0
                         net (fo=1, routed)           0.752    -1.769    u_mmcm/inst/clk_out1_clk_wiz_audio
    BUFGCTRL_X0Y16       BUFG (Prop_bufg_I_O)         0.029    -1.740 r  u_mmcm/inst/clkout1_buf/O
                         net (fo=332, routed)         0.906    -0.834    u_rx_ja/clk_out1
    SLICE_X112Y88        FDCE                                         r  u_rx_ja/bit_counter_reg[2]/C
                         clock pessimism              0.236    -0.597    <hidden>
    SLICE_X112Y88        FDCE (Hold_fdce_C_D)         0.121    -0.476    u_rx_ja/bit_counter_reg[2]
  -------------------------------------------------------------------
                         required time                          0.476    <hidden>
                         arrival time                          -0.202    <hidden>
  -------------------------------------------------------------------
                         slack                                  0.274    <hidden>

Slack (MET) :             0.275ns  (arrival time - required time)
  Source:                 u_rx_ja/right_data_reg[4]/C
                            (rising edge-triggered cell FDCE clocked by clk_out1_clk_wiz_audio_1  {rise@0.000ns fall@40.690ns period=81.380ns})
  Destination:            u_matrix/out_reg_reg[1][4]/D
                            (rising edge-triggered cell FDCE clocked by clk_out1_clk_wiz_audio_1  {rise@0.000ns fall@40.690ns period=81.380ns})
  Path Group:             clk_out1_clk_wiz_audio_1
  Path Type:              Hold (Min at Fast Process Corner)
  Requirement:            0.000ns  (clk_out1_clk_wiz_audio_1 rise@0.000ns - clk_out1_clk_wiz_audio_1 rise@0.000ns)
  Data Path Delay:        0.398ns  (logic 0.209ns (52.572%)  route 0.189ns (47.428%))
  Logic Levels:           1  (LUT3=1)
  Clock Path Skew:        0.016ns (DCD - SCD - CPR)
    Destination Clock Delay (DCD):    -0.834ns
    Source Clock Delay      (SCD):    -0.597ns
    Clock Pessimism Removal (CPR):    -0.252ns

    Location             Delay type                Incr(ns)  Path(ns)    Netlist Resource(s)
  -------------------------------------------------------------------    -------------------
                         (clock clk_out1_clk_wiz_audio_1 rise edge)
                                                      0.000     0.000 r  <hidden>
    H16                                               0.000     0.000 r  sysclk
                         net (fo=0)                   0.000     0.000    u_mmcm/inst/clk_in1
    H16                  IBUF (Prop_ibuf_I_O)         0.219     0.219 r  u_mmcm/inst/clkin1_ibufg/O
                         net (fo=1, routed)           0.440     0.659    u_mmcm/inst/clk_in1_clk_wiz_audio
    MMCME2_ADV_X1Y2      MMCME2_ADV (Prop_mmcme2_adv_CLKIN1_CLKOUT0)
                                                     -2.613    -1.954 r  u_mmcm/inst/mmcm_adv_inst/CLKOUT0
                         net (fo=1, routed)           0.696    -1.257    u_mmcm/inst/clk_out1_clk_wiz_audio
    BUFGCTRL_X0Y16       BUFG (Prop_bufg_I_O)         0.026    -1.231 r  u_mmcm/inst/clkout1_buf/O
                         net (fo=332, routed)         0.634    -0.597    u_rx_ja/clk_out1
    SLICE_X112Y89        FDCE                                         r  u_rx_ja/right_data_reg[4]/C
  -------------------------------------------------------------------    -------------------
    SLICE_X112Y89        FDCE (Prop_fdce_C_Q)         0.164    -0.433 r  u_rx_ja/right_data_reg[4]/Q
                         net (fo=1, routed)           0.189    -0.245    u_matrix/Q[4]
    SLICE_X110Y89        LUT3 (Prop_lut3_I2_O)        0.045    -0.200 r  u_matrix/out_reg[1][4]_i_1/O
                         net (fo=1, routed)           0.000    -0.200    u_matrix/out_reg[1][4]_i_1_n_0
    SLICE_X110Y89        FDCE                                         r  u_matrix/out_reg_reg[1][4]/D
  -------------------------------------------------------------------    -------------------

                         (clock clk_out1_clk_wiz_audio_1 rise edge)
                                                      0.000     0.000 r  <hidden>
    H16                                               0.000     0.000 r  sysclk
                         net (fo=0)                   0.000     0.000    u_mmcm/inst/clk_in1
    H16                  IBUF (Prop_ibuf_I_O)         0.406     0.406 r  u_mmcm/inst/clkin1_ibufg/O
                         net (fo=1, routed)           0.480     0.886    u_mmcm/inst/clk_in1_clk_wiz_audio
    MMCME2_ADV_X1Y2      MMCME2_ADV (Prop_mmcme2_adv_CLKIN1_CLKOUT0)
                                                     -3.407    -2.521 r  u_mmcm/inst/mmcm_adv_inst/CLKOUT0
                         net (fo=1, routed)           0.752    -1.769    u_mmcm/inst/clk_out1_clk_wiz_audio
    BUFGCTRL_X0Y16       BUFG (Prop_bufg_I_O)         0.029    -1.740 r  u_mmcm/inst/clkout1_buf/O
                         net (fo=332, routed)         0.906    -0.834    u_matrix/clk_out1
    SLICE_X110Y89        FDCE                                         r  u_matrix/out_reg_reg[1][4]/C
                         clock pessimism              0.252    -0.581    <hidden>
    SLICE_X110Y89        FDCE (Hold_fdce_C_D)         0.107    -0.474    u_matrix/out_reg_reg[1][4]
  -------------------------------------------------------------------
                         required time                          0.474    <hidden>
                         arrival time                          -0.200    <hidden>
  -------------------------------------------------------------------
                         slack                                  0.275    <hidden>





Pulse Width Checks
--------------------------------------------------------------------------------------
Clock Name:         clk_out1_clk_wiz_audio_1
Waveform(ns):       { 0.000 40.690 }
Period(ns):         81.380
Sources:            { u_mmcm/inst/mmcm_adv_inst/CLKOUT0 }

Check Type        Corner  Lib Pin             Reference Pin  Required(ns)  Actual(ns)  Slack(ns)  Location         Pin
Min Period        n/a     BUFG/I              n/a            2.155         81.380      79.225     BUFGCTRL_X0Y16   u_mmcm/inst/clkout1_buf/I
Min Period        n/a     MMCME2_ADV/CLKOUT0  n/a            1.249         81.380      80.131     MMCME2_ADV_X1Y2  u_mmcm/inst/mmcm_adv_inst/CLKOUT0
Min Period        n/a     FDCE/C              n/a            1.000         81.380      80.380     SLICE_X112Y80    u_div/cnt_reg[0]/C
Min Period        n/a     FDCE/C              n/a            1.000         81.380      80.380     SLICE_X112Y80    u_div/cnt_reg[1]/C
Min Period        n/a     FDCE/C              n/a            1.000         81.380      80.380     SLICE_X112Y80    u_div/cnt_reg[2]/C
Min Period        n/a     FDCE/C              n/a            1.000         81.380      80.380     SLICE_X113Y80    u_div/cnt_reg[3]/C
Min Period        n/a     FDCE/C              n/a            1.000         81.380      80.380     SLICE_X113Y80    u_div/cnt_reg[4]/C
Min Period        n/a     FDCE/C              n/a            1.000         81.380      80.380     SLICE_X113Y80    u_div/cnt_reg[5]/C
Min Period        n/a     FDCE/C              n/a            1.000         81.380      80.380     SLICE_X113Y80    u_div/cnt_reg[6]/C
Min Period        n/a     FDCE/C              n/a            1.000         81.380      80.380     SLICE_X113Y80    u_div/cnt_reg[7]/C
Max Period        n/a     MMCME2_ADV/CLKOUT0  n/a            213.360       81.380      131.980    MMCME2_ADV_X1Y2  u_mmcm/inst/mmcm_adv_inst/CLKOUT0
Low Pulse Width   Slow    FDCE/C              n/a            0.500         40.690      40.190     SLICE_X112Y80    u_div/cnt_reg[0]/C
Low Pulse Width   Fast    FDCE/C              n/a            0.500         40.690      40.190     SLICE_X112Y80    u_div/cnt_reg[0]/C
Low Pulse Width   Slow    FDCE/C              n/a            0.500         40.690      40.190     SLICE_X112Y80    u_div/cnt_reg[1]/C
Low Pulse Width   Fast    FDCE/C              n/a            0.500         40.690      40.190     SLICE_X112Y80    u_div/cnt_reg[1]/C
Low Pulse Width   Slow    FDCE/C              n/a            0.500         40.690      40.190     SLICE_X112Y80    u_div/cnt_reg[2]/C
Low Pulse Width   Fast    FDCE/C              n/a            0.500         40.690      40.190     SLICE_X112Y80    u_div/cnt_reg[2]/C
Low Pulse Width   Slow    FDCE/C              n/a            0.500         40.690      40.190     SLICE_X113Y80    u_div/cnt_reg[3]/C
Low Pulse Width   Fast    FDCE/C              n/a            0.500         40.690      40.190     SLICE_X113Y80    u_div/cnt_reg[3]/C
Low Pulse Width   Slow    FDCE/C              n/a            0.500         40.690      40.190     SLICE_X113Y80    u_div/cnt_reg[4]/C
Low Pulse Width   Fast    FDCE/C              n/a            0.500         40.690      40.190     SLICE_X113Y80    u_div/cnt_reg[4]/C
High Pulse Width  Slow    FDCE/C              n/a            0.500         40.690      40.190     SLICE_X112Y80    u_div/cnt_reg[0]/C
High Pulse Width  Fast    FDCE/C              n/a            0.500         40.690      40.190     SLICE_X112Y80    u_div/cnt_reg[0]/C
High Pulse Width  Slow    FDCE/C              n/a            0.500         40.690      40.190     SLICE_X112Y80    u_div/cnt_reg[1]/C
High Pulse Width  Fast    FDCE/C              n/a            0.500         40.690      40.190     SLICE_X112Y80    u_div/cnt_reg[1]/C
High Pulse Width  Slow    FDCE/C              n/a            0.500         40.690      40.190     SLICE_X112Y80    u_div/cnt_reg[2]/C
High Pulse Width  Fast    FDCE/C              n/a            0.500         40.690      40.190     SLICE_X112Y80    u_div/cnt_reg[2]/C
High Pulse Width  Slow    FDCE/C              n/a            0.500         40.690      40.190     SLICE_X113Y80    u_div/cnt_reg[3]/C
High Pulse Width  Fast    FDCE/C              n/a            0.500         40.690      40.190     SLICE_X113Y80    u_div/cnt_reg[3]/C
High Pulse Width  Slow    FDCE/C              n/a            0.500         40.690      40.190     SLICE_X113Y80    u_div/cnt_reg[4]/C
High Pulse Width  Fast    FDCE/C              n/a            0.500         40.690      40.190     SLICE_X113Y80    u_div/cnt_reg[4]/C



---------------------------------------------------------------------------------------------------
From Clock:  clkfbout_clk_wiz_audio_1
  To Clock:  clkfbout_clk_wiz_audio_1

Setup :           NA  Failing Endpoints,  Worst Slack           NA  ,  Total Violation           NA
Hold  :           NA  Failing Endpoints,  Worst Slack           NA  ,  Total Violation           NA
PW    :            0  Failing Endpoints,  Worst Slack       44.000ns,  Total Violation        0.000ns
---------------------------------------------------------------------------------------------------


Pulse Width Checks
--------------------------------------------------------------------------------------
Clock Name:         clkfbout_clk_wiz_audio_1
Waveform(ns):       { 0.000 28.000 }
Period(ns):         56.000
Sources:            { u_mmcm/inst/mmcm_adv_inst/CLKFBOUT }

Check Type  Corner  Lib Pin              Reference Pin  Required(ns)  Actual(ns)  Slack(ns)  Location         Pin
Min Period  n/a     BUFG/I               n/a            2.155         56.000      53.845     BUFGCTRL_X0Y17   u_mmcm/inst/clkf_buf/I
Min Period  n/a     MMCME2_ADV/CLKFBOUT  n/a            1.249         56.000      54.751     MMCME2_ADV_X1Y2  u_mmcm/inst/mmcm_adv_inst/CLKFBOUT
Min Period  n/a     MMCME2_ADV/CLKFBIN   n/a            1.249         56.000      54.751     MMCME2_ADV_X1Y2  u_mmcm/inst/mmcm_adv_inst/CLKFBIN
Max Period  n/a     MMCME2_ADV/CLKFBIN   n/a            100.000       56.000      44.000     MMCME2_ADV_X1Y2  u_mmcm/inst/mmcm_adv_inst/CLKFBIN
Max Period  n/a     MMCME2_ADV/CLKFBOUT  n/a            213.360       56.000      157.360    MMCME2_ADV_X1Y2  u_mmcm/inst/mmcm_adv_inst/CLKFBOUT



---------------------------------------------------------------------------------------------------
From Clock:  sysclk
  To Clock:  sysclk

Setup :           NA  Failing Endpoints,  Worst Slack           NA  ,  Total Violation           NA
Hold  :           NA  Failing Endpoints,  Worst Slack           NA  ,  Total Violation           NA
PW    :            0  Failing Endpoints,  Worst Slack        2.000ns,  Total Violation        0.000ns
---------------------------------------------------------------------------------------------------


Pulse Width Checks
--------------------------------------------------------------------------------------
Clock Name:         sysclk
Waveform(ns):       { 0.000 4.000 }
Period(ns):         8.000
Sources:            { sysclk }

Check Type        Corner  Lib Pin            Reference Pin  Required(ns)  Actual(ns)  Slack(ns)  Location         Pin
Min Period        n/a     MMCME2_ADV/CLKIN1  n/a            1.249         8.000       6.751      MMCME2_ADV_X1Y2  u_mmcm/inst/mmcm_adv_inst/CLKIN1
Max Period        n/a     MMCME2_ADV/CLKIN1  n/a            100.000       8.000       92.000     MMCME2_ADV_X1Y2  u_mmcm/inst/mmcm_adv_inst/CLKIN1
Low Pulse Width   Slow    MMCME2_ADV/CLKIN1  n/a            2.000         4.000       2.000      MMCME2_ADV_X1Y2  u_mmcm/inst/mmcm_adv_inst/CLKIN1
Low Pulse Width   Fast    MMCME2_ADV/CLKIN1  n/a            2.000         4.000       2.000      MMCME2_ADV_X1Y2  u_mmcm/inst/mmcm_adv_inst/CLKIN1
High Pulse Width  Slow    MMCME2_ADV/CLKIN1  n/a            2.000         4.000       2.000      MMCME2_ADV_X1Y2  u_mmcm/inst/mmcm_adv_inst/CLKIN1
High Pulse Width  Fast    MMCME2_ADV/CLKIN1  n/a            2.000         4.000       2.000      MMCME2_ADV_X1Y2  u_mmcm/inst/mmcm_adv_inst/CLKIN1



---------------------------------------------------------------------------------------------------
From Clock:  clk_out1_clk_wiz_audio
  To Clock:  clk_out1_clk_wiz_audio

Setup :            0  Failing Endpoints,  Worst Slack       75.028ns,  Total Violation        0.000ns
Hold  :            0  Failing Endpoints,  Worst Slack        0.246ns,  Total Violation        0.000ns
PW    :            0  Failing Endpoints,  Worst Slack       40.190ns,  Total Violation        0.000ns
---------------------------------------------------------------------------------------------------


Max Delay Paths
--------------------------------------------------------------------------------------
Slack (MET) :             75.028ns  (required time - arrival time)
  Source:                 u_rx_ja/lrck_prev_reg/C
                            (rising edge-triggered cell FDCE clocked by clk_out1_clk_wiz_audio  {rise@0.000ns fall@40.690ns period=81.380ns})
  Destination:            u_rx_ja/right_data_reg[14]/CE
                            (rising edge-triggered cell FDCE clocked by clk_out1_clk_wiz_audio  {rise@0.000ns fall@40.690ns period=81.380ns})
  Path Group:             clk_out1_clk_wiz_audio
  Path Type:              Setup (Max at Slow Process Corner)
  Requirement:            81.380ns  (clk_out1_clk_wiz_audio rise@81.380ns - clk_out1_clk_wiz_audio rise@0.000ns)
  Data Path Delay:        5.675ns  (logic 0.795ns (14.009%)  route 4.880ns (85.991%))
  Logic Levels:           2  (LUT2=2)
  Clock Path Skew:        -0.062ns (DCD - SCD + CPR)
    Destination Clock Delay (DCD):    -1.562ns = ( 79.818 - 81.380 ) 
    Source Clock Delay      (SCD):    -0.933ns
    Clock Pessimism Removal (CPR):    0.567ns
  Clock Uncertainty:      0.240ns  ((TSJ^2 + DJ^2)^1/2) / 2 + PE
    Total System Jitter     (TSJ):    0.071ns
    Discrete Jitter          (DJ):    0.474ns
    Phase Error              (PE):    0.000ns

    Location             Delay type                Incr(ns)  Path(ns)    Netlist Resource(s)
  -------------------------------------------------------------------    -------------------
                         (clock clk_out1_clk_wiz_audio rise edge)
                                                      0.000     0.000 r  <hidden>
    H16                                               0.000     0.000 r  sysclk
                         net (fo=0)                   0.000     0.000    u_mmcm/inst/clk_in1
    H16                  IBUF (Prop_ibuf_I_O)         1.451     1.451 r  u_mmcm/inst/clkin1_ibufg/O
                         net (fo=1, routed)           1.285     2.736    u_mmcm/inst/clk_in1_clk_wiz_audio
    MMCME2_ADV_X1Y2      MMCME2_ADV (Prop_mmcme2_adv_CLKIN1_CLKOUT0)
                                                     -7.759    -5.023 r  u_mmcm/inst/mmcm_adv_inst/CLKOUT0
                         net (fo=1, routed)           2.206    -2.817    u_mmcm/inst/clk_out1_clk_wiz_audio
    BUFGCTRL_X0Y16       BUFG (Prop_bufg_I_O)         0.101    -2.716 r  u_mmcm/inst/clkout1_buf/O
                         net (fo=332, routed)         1.783    -0.933    u_rx_ja/clk_out1
    SLICE_X102Y90        FDCE                                         r  u_rx_ja/lrck_prev_reg/C
  -------------------------------------------------------------------    -------------------
    SLICE_X102Y90        FDCE (Prop_fdce_C_Q)         0.518    -0.415 r  u_rx_ja/lrck_prev_reg/Q
                         net (fo=49, routed)          1.948     1.533    u_rx_ja/lrck_prev
    SLICE_X106Y86        LUT2 (Prop_lut2_I0_O)        0.124     1.657 r  u_rx_ja/bit_counter[4]_i_3/O
                         net (fo=126, routed)         0.889     2.546    u_rx_ja/lrck_changed
    SLICE_X112Y86        LUT2 (Prop_lut2_I0_O)        0.153     2.699 r  u_rx_ja/sample_valid_i_1/O
                         net (fo=49, routed)          2.043     4.742    u_rx_ja/channel_prev_reg_0[0]
    SLICE_X104Y89        FDCE                                         r  u_rx_ja/right_data_reg[14]/CE
  -------------------------------------------------------------------    -------------------

                         (clock clk_out1_clk_wiz_audio rise edge)
                                                     81.380    81.380 r  <hidden>
    H16                                               0.000    81.380 r  sysclk
                         net (fo=0)                   0.000    81.380    u_mmcm/inst/clk_in1
    H16                  IBUF (Prop_ibuf_I_O)         1.380    82.760 r  u_mmcm/inst/clkin1_ibufg/O
                         net (fo=1, routed)           1.162    83.922    u_mmcm/inst/clk_in1_clk_wiz_audio
    MMCME2_ADV_X1Y2      MMCME2_ADV (Prop_mmcme2_adv_CLKIN1_CLKOUT0)
                                                     -7.814    76.108 r  u_mmcm/inst/mmcm_adv_inst/CLKOUT0
                         net (fo=1, routed)           2.012    78.120    u_mmcm/inst/clk_out1_clk_wiz_audio
    BUFGCTRL_X0Y16       BUFG (Prop_bufg_I_O)         0.091    78.211 r  u_mmcm/inst/clkout1_buf/O
                         net (fo=332, routed)         1.607    79.818    u_rx_ja/clk_out1
    SLICE_X104Y89        FDCE                                         r  u_rx_ja/right_data_reg[14]/C
                         clock pessimism              0.567    80.385    <hidden>
                         clock uncertainty           -0.240    80.145    <hidden>
    SLICE_X104Y89        FDCE (Setup_fdce_C_CE)      -0.376    79.769    u_rx_ja/right_data_reg[14]
  -------------------------------------------------------------------
                         required time                         79.769    <hidden>
                         arrival time                          -4.742    <hidden>
  -------------------------------------------------------------------
                         slack                                 75.028    <hidden>

Slack (MET) :             75.028ns  (required time - arrival time)
  Source:                 u_rx_ja/lrck_prev_reg/C
                            (rising edge-triggered cell FDCE clocked by clk_out1_clk_wiz_audio  {rise@0.000ns fall@40.690ns period=81.380ns})
  Destination:            u_rx_ja/right_data_reg[17]/CE
                            (rising edge-triggered cell FDCE clocked by clk_out1_clk_wiz_audio  {rise@0.000ns fall@40.690ns period=81.380ns})
  Path Group:             clk_out1_clk_wiz_audio
  Path Type:              Setup (Max at Slow Process Corner)
  Requirement:            81.380ns  (clk_out1_clk_wiz_audio rise@81.380ns - clk_out1_clk_wiz_audio rise@0.000ns)
  Data Path Delay:        5.675ns  (logic 0.795ns (14.009%)  route 4.880ns (85.991%))
  Logic Levels:           2  (LUT2=2)
  Clock Path Skew:        -0.062ns (DCD - SCD + CPR)
    Destination Clock Delay (DCD):    -1.562ns = ( 79.818 - 81.380 ) 
    Source Clock Delay      (SCD):    -0.933ns
    Clock Pessimism Removal (CPR):    0.567ns
  Clock Uncertainty:      0.240ns  ((TSJ^2 + DJ^2)^1/2) / 2 + PE
    Total System Jitter     (TSJ):    0.071ns
    Discrete Jitter          (DJ):    0.474ns
    Phase Error              (PE):    0.000ns

    Location             Delay type                Incr(ns)  Path(ns)    Netlist Resource(s)
  -------------------------------------------------------------------    -------------------
                         (clock clk_out1_clk_wiz_audio rise edge)
                                                      0.000     0.000 r  <hidden>
    H16                                               0.000     0.000 r  sysclk
                         net (fo=0)                   0.000     0.000    u_mmcm/inst/clk_in1
    H16                  IBUF (Prop_ibuf_I_O)         1.451     1.451 r  u_mmcm/inst/clkin1_ibufg/O
                         net (fo=1, routed)           1.285     2.736    u_mmcm/inst/clk_in1_clk_wiz_audio
    MMCME2_ADV_X1Y2      MMCME2_ADV (Prop_mmcme2_adv_CLKIN1_CLKOUT0)
                                                     -7.759    -5.023 r  u_mmcm/inst/mmcm_adv_inst/CLKOUT0
                         net (fo=1, routed)           2.206    -2.817    u_mmcm/inst/clk_out1_clk_wiz_audio
    BUFGCTRL_X0Y16       BUFG (Prop_bufg_I_O)         0.101    -2.716 r  u_mmcm/inst/clkout1_buf/O
                         net (fo=332, routed)         1.783    -0.933    u_rx_ja/clk_out1
    SLICE_X102Y90        FDCE                                         r  u_rx_ja/lrck_prev_reg/C
  -------------------------------------------------------------------    -------------------
    SLICE_X102Y90        FDCE (Prop_fdce_C_Q)         0.518    -0.415 r  u_rx_ja/lrck_prev_reg/Q
                         net (fo=49, routed)          1.948     1.533    u_rx_ja/lrck_prev
    SLICE_X106Y86        LUT2 (Prop_lut2_I0_O)        0.124     1.657 r  u_rx_ja/bit_counter[4]_i_3/O
                         net (fo=126, routed)         0.889     2.546    u_rx_ja/lrck_changed
    SLICE_X112Y86        LUT2 (Prop_lut2_I0_O)        0.153     2.699 r  u_rx_ja/sample_valid_i_1/O
                         net (fo=49, routed)          2.043     4.742    u_rx_ja/channel_prev_reg_0[0]
    SLICE_X104Y89        FDCE                                         r  u_rx_ja/right_data_reg[17]/CE
  -------------------------------------------------------------------    -------------------

                         (clock clk_out1_clk_wiz_audio rise edge)
                                                     81.380    81.380 r  <hidden>
    H16                                               0.000    81.380 r  sysclk
                         net (fo=0)                   0.000    81.380    u_mmcm/inst/clk_in1
    H16                  IBUF (Prop_ibuf_I_O)         1.380    82.760 r  u_mmcm/inst/clkin1_ibufg/O
                         net (fo=1, routed)           1.162    83.922    u_mmcm/inst/clk_in1_clk_wiz_audio
    MMCME2_ADV_X1Y2      MMCME2_ADV (Prop_mmcme2_adv_CLKIN1_CLKOUT0)
                                                     -7.814    76.108 r  u_mmcm/inst/mmcm_adv_inst/CLKOUT0
                         net (fo=1, routed)           2.012    78.120    u_mmcm/inst/clk_out1_clk_wiz_audio
    BUFGCTRL_X0Y16       BUFG (Prop_bufg_I_O)         0.091    78.211 r  u_mmcm/inst/clkout1_buf/O
                         net (fo=332, routed)         1.607    79.818    u_rx_ja/clk_out1
    SLICE_X104Y89        FDCE                                         r  u_rx_ja/right_data_reg[17]/C
                         clock pessimism              0.567    80.385    <hidden>
                         clock uncertainty           -0.240    80.145    <hidden>
    SLICE_X104Y89        FDCE (Setup_fdce_C_CE)      -0.376    79.769    u_rx_ja/right_data_reg[17]
  -------------------------------------------------------------------
                         required time                         79.769    <hidden>
                         arrival time                          -4.742    <hidden>
  -------------------------------------------------------------------
                         slack                                 75.028    <hidden>

Slack (MET) :             75.028ns  (required time - arrival time)
  Source:                 u_rx_ja/lrck_prev_reg/C
                            (rising edge-triggered cell FDCE clocked by clk_out1_clk_wiz_audio  {rise@0.000ns fall@40.690ns period=81.380ns})
  Destination:            u_rx_ja/right_data_reg[18]/CE
                            (rising edge-triggered cell FDCE clocked by clk_out1_clk_wiz_audio  {rise@0.000ns fall@40.690ns period=81.380ns})
  Path Group:             clk_out1_clk_wiz_audio
  Path Type:              Setup (Max at Slow Process Corner)
  Requirement:            81.380ns  (clk_out1_clk_wiz_audio rise@81.380ns - clk_out1_clk_wiz_audio rise@0.000ns)
  Data Path Delay:        5.675ns  (logic 0.795ns (14.009%)  route 4.880ns (85.991%))
  Logic Levels:           2  (LUT2=2)
  Clock Path Skew:        -0.062ns (DCD - SCD + CPR)
    Destination Clock Delay (DCD):    -1.562ns = ( 79.818 - 81.380 ) 
    Source Clock Delay      (SCD):    -0.933ns
    Clock Pessimism Removal (CPR):    0.567ns
  Clock Uncertainty:      0.240ns  ((TSJ^2 + DJ^2)^1/2) / 2 + PE
    Total System Jitter     (TSJ):    0.071ns
    Discrete Jitter          (DJ):    0.474ns
    Phase Error              (PE):    0.000ns

    Location             Delay type                Incr(ns)  Path(ns)    Netlist Resource(s)
  -------------------------------------------------------------------    -------------------
                         (clock clk_out1_clk_wiz_audio rise edge)
                                                      0.000     0.000 r  <hidden>
    H16                                               0.000     0.000 r  sysclk
                         net (fo=0)                   0.000     0.000    u_mmcm/inst/clk_in1
    H16                  IBUF (Prop_ibuf_I_O)         1.451     1.451 r  u_mmcm/inst/clkin1_ibufg/O
                         net (fo=1, routed)           1.285     2.736    u_mmcm/inst/clk_in1_clk_wiz_audio
    MMCME2_ADV_X1Y2      MMCME2_ADV (Prop_mmcme2_adv_CLKIN1_CLKOUT0)
                                                     -7.759    -5.023 r  u_mmcm/inst/mmcm_adv_inst/CLKOUT0
                         net (fo=1, routed)           2.206    -2.817    u_mmcm/inst/clk_out1_clk_wiz_audio
    BUFGCTRL_X0Y16       BUFG (Prop_bufg_I_O)         0.101    -2.716 r  u_mmcm/inst/clkout1_buf/O
                         net (fo=332, routed)         1.783    -0.933    u_rx_ja/clk_out1
    SLICE_X102Y90        FDCE                                         r  u_rx_ja/lrck_prev_reg/C
  -------------------------------------------------------------------    -------------------
    SLICE_X102Y90        FDCE (Prop_fdce_C_Q)         0.518    -0.415 r  u_rx_ja/lrck_prev_reg/Q
                         net (fo=49, routed)          1.948     1.533    u_rx_ja/lrck_prev
    SLICE_X106Y86        LUT2 (Prop_lut2_I0_O)        0.124     1.657 r  u_rx_ja/bit_counter[4]_i_3/O
                         net (fo=126, routed)         0.889     2.546    u_rx_ja/lrck_changed
    SLICE_X112Y86        LUT2 (Prop_lut2_I0_O)        0.153     2.699 r  u_rx_ja/sample_valid_i_1/O
                         net (fo=49, routed)          2.043     4.742    u_rx_ja/channel_prev_reg_0[0]
    SLICE_X104Y89        FDCE                                         r  u_rx_ja/right_data_reg[18]/CE
  -------------------------------------------------------------------    -------------------

                         (clock clk_out1_clk_wiz_audio rise edge)
                                                     81.380    81.380 r  <hidden>
    H16                                               0.000    81.380 r  sysclk
                         net (fo=0)                   0.000    81.380    u_mmcm/inst/clk_in1
    H16                  IBUF (Prop_ibuf_I_O)         1.380    82.760 r  u_mmcm/inst/clkin1_ibufg/O
                         net (fo=1, routed)           1.162    83.922    u_mmcm/inst/clk_in1_clk_wiz_audio
    MMCME2_ADV_X1Y2      MMCME2_ADV (Prop_mmcme2_adv_CLKIN1_CLKOUT0)
                                                     -7.814    76.108 r  u_mmcm/inst/mmcm_adv_inst/CLKOUT0
                         net (fo=1, routed)           2.012    78.120    u_mmcm/inst/clk_out1_clk_wiz_audio
    BUFGCTRL_X0Y16       BUFG (Prop_bufg_I_O)         0.091    78.211 r  u_mmcm/inst/clkout1_buf/O
                         net (fo=332, routed)         1.607    79.818    u_rx_ja/clk_out1
    SLICE_X104Y89        FDCE                                         r  u_rx_ja/right_data_reg[18]/C
                         clock pessimism              0.567    80.385    <hidden>
                         clock uncertainty           -0.240    80.145    <hidden>
    SLICE_X104Y89        FDCE (Setup_fdce_C_CE)      -0.376    79.769    u_rx_ja/right_data_reg[18]
  -------------------------------------------------------------------
                         required time                         79.769    <hidden>
                         arrival time                          -4.742    <hidden>
  -------------------------------------------------------------------
                         slack                                 75.028    <hidden>

Slack (MET) :             75.028ns  (required time - arrival time)
  Source:                 u_rx_ja/lrck_prev_reg/C
                            (rising edge-triggered cell FDCE clocked by clk_out1_clk_wiz_audio  {rise@0.000ns fall@40.690ns period=81.380ns})
  Destination:            u_rx_ja/right_data_reg[20]/CE
                            (rising edge-triggered cell FDCE clocked by clk_out1_clk_wiz_audio  {rise@0.000ns fall@40.690ns period=81.380ns})
  Path Group:             clk_out1_clk_wiz_audio
  Path Type:              Setup (Max at Slow Process Corner)
  Requirement:            81.380ns  (clk_out1_clk_wiz_audio rise@81.380ns - clk_out1_clk_wiz_audio rise@0.000ns)
  Data Path Delay:        5.675ns  (logic 0.795ns (14.009%)  route 4.880ns (85.991%))
  Logic Levels:           2  (LUT2=2)
  Clock Path Skew:        -0.062ns (DCD - SCD + CPR)
    Destination Clock Delay (DCD):    -1.562ns = ( 79.818 - 81.380 ) 
    Source Clock Delay      (SCD):    -0.933ns
    Clock Pessimism Removal (CPR):    0.567ns
  Clock Uncertainty:      0.240ns  ((TSJ^2 + DJ^2)^1/2) / 2 + PE
    Total System Jitter     (TSJ):    0.071ns
    Discrete Jitter          (DJ):    0.474ns
    Phase Error              (PE):    0.000ns

    Location             Delay type                Incr(ns)  Path(ns)    Netlist Resource(s)
  -------------------------------------------------------------------    -------------------
                         (clock clk_out1_clk_wiz_audio rise edge)
                                                      0.000     0.000 r  <hidden>
    H16                                               0.000     0.000 r  sysclk
                         net (fo=0)                   0.000     0.000    u_mmcm/inst/clk_in1
    H16                  IBUF (Prop_ibuf_I_O)         1.451     1.451 r  u_mmcm/inst/clkin1_ibufg/O
                         net (fo=1, routed)           1.285     2.736    u_mmcm/inst/clk_in1_clk_wiz_audio
    MMCME2_ADV_X1Y2      MMCME2_ADV (Prop_mmcme2_adv_CLKIN1_CLKOUT0)
                                                     -7.759    -5.023 r  u_mmcm/inst/mmcm_adv_inst/CLKOUT0
                         net (fo=1, routed)           2.206    -2.817    u_mmcm/inst/clk_out1_clk_wiz_audio
    BUFGCTRL_X0Y16       BUFG (Prop_bufg_I_O)         0.101    -2.716 r  u_mmcm/inst/clkout1_buf/O
                         net (fo=332, routed)         1.783    -0.933    u_rx_ja/clk_out1
    SLICE_X102Y90        FDCE                                         r  u_rx_ja/lrck_prev_reg/C
  -------------------------------------------------------------------    -------------------
    SLICE_X102Y90        FDCE (Prop_fdce_C_Q)         0.518    -0.415 r  u_rx_ja/lrck_prev_reg/Q
                         net (fo=49, routed)          1.948     1.533    u_rx_ja/lrck_prev
    SLICE_X106Y86        LUT2 (Prop_lut2_I0_O)        0.124     1.657 r  u_rx_ja/bit_counter[4]_i_3/O
                         net (fo=126, routed)         0.889     2.546    u_rx_ja/lrck_changed
    SLICE_X112Y86        LUT2 (Prop_lut2_I0_O)        0.153     2.699 r  u_rx_ja/sample_valid_i_1/O
                         net (fo=49, routed)          2.043     4.742    u_rx_ja/channel_prev_reg_0[0]
    SLICE_X104Y89        FDCE                                         r  u_rx_ja/right_data_reg[20]/CE
  -------------------------------------------------------------------    -------------------

                         (clock clk_out1_clk_wiz_audio rise edge)
                                                     81.380    81.380 r  <hidden>
    H16                                               0.000    81.380 r  sysclk
                         net (fo=0)                   0.000    81.380    u_mmcm/inst/clk_in1
    H16                  IBUF (Prop_ibuf_I_O)         1.380    82.760 r  u_mmcm/inst/clkin1_ibufg/O
                         net (fo=1, routed)           1.162    83.922    u_mmcm/inst/clk_in1_clk_wiz_audio
    MMCME2_ADV_X1Y2      MMCME2_ADV (Prop_mmcme2_adv_CLKIN1_CLKOUT0)
                                                     -7.814    76.108 r  u_mmcm/inst/mmcm_adv_inst/CLKOUT0
                         net (fo=1, routed)           2.012    78.120    u_mmcm/inst/clk_out1_clk_wiz_audio
    BUFGCTRL_X0Y16       BUFG (Prop_bufg_I_O)         0.091    78.211 r  u_mmcm/inst/clkout1_buf/O
                         net (fo=332, routed)         1.607    79.818    u_rx_ja/clk_out1
    SLICE_X104Y89        FDCE                                         r  u_rx_ja/right_data_reg[20]/C
                         clock pessimism              0.567    80.385    <hidden>
                         clock uncertainty           -0.240    80.145    <hidden>
    SLICE_X104Y89        FDCE (Setup_fdce_C_CE)      -0.376    79.769    u_rx_ja/right_data_reg[20]
  -------------------------------------------------------------------
                         required time                         79.769    <hidden>
                         arrival time                          -4.742    <hidden>
  -------------------------------------------------------------------
                         slack                                 75.028    <hidden>

Slack (MET) :             75.340ns  (required time - arrival time)
  Source:                 u_rx_ja/lrck_prev_reg/C
                            (rising edge-triggered cell FDCE clocked by clk_out1_clk_wiz_audio  {rise@0.000ns fall@40.690ns period=81.380ns})
  Destination:            u_rx_ja/right_data_reg[11]/CE
                            (rising edge-triggered cell FDCE clocked by clk_out1_clk_wiz_audio  {rise@0.000ns fall@40.690ns period=81.380ns})
  Path Group:             clk_out1_clk_wiz_audio
  Path Type:              Setup (Max at Slow Process Corner)
  Requirement:            81.380ns  (clk_out1_clk_wiz_audio rise@81.380ns - clk_out1_clk_wiz_audio rise@0.000ns)
  Data Path Delay:        5.364ns  (logic 0.795ns (14.821%)  route 4.569ns (85.179%))
  Logic Levels:           2  (LUT2=2)
  Clock Path Skew:        -0.024ns (DCD - SCD + CPR)
    Destination Clock Delay (DCD):    -1.561ns = ( 79.819 - 81.380 ) 
    Source Clock Delay      (SCD):    -0.933ns
    Clock Pessimism Removal (CPR):    0.604ns
  Clock Uncertainty:      0.240ns  ((TSJ^2 + DJ^2)^1/2) / 2 + PE
    Total System Jitter     (TSJ):    0.071ns
    Discrete Jitter          (DJ):    0.474ns
    Phase Error              (PE):    0.000ns

    Location             Delay type                Incr(ns)  Path(ns)    Netlist Resource(s)
  -------------------------------------------------------------------    -------------------
                         (clock clk_out1_clk_wiz_audio rise edge)
                                                      0.000     0.000 r  <hidden>
    H16                                               0.000     0.000 r  sysclk
                         net (fo=0)                   0.000     0.000    u_mmcm/inst/clk_in1
    H16                  IBUF (Prop_ibuf_I_O)         1.451     1.451 r  u_mmcm/inst/clkin1_ibufg/O
                         net (fo=1, routed)           1.285     2.736    u_mmcm/inst/clk_in1_clk_wiz_audio
    MMCME2_ADV_X1Y2      MMCME2_ADV (Prop_mmcme2_adv_CLKIN1_CLKOUT0)
                                                     -7.759    -5.023 r  u_mmcm/inst/mmcm_adv_inst/CLKOUT0
                         net (fo=1, routed)           2.206    -2.817    u_mmcm/inst/clk_out1_clk_wiz_audio
    BUFGCTRL_X0Y16       BUFG (Prop_bufg_I_O)         0.101    -2.716 r  u_mmcm/inst/clkout1_buf/O
                         net (fo=332, routed)         1.783    -0.933    u_rx_ja/clk_out1
    SLICE_X102Y90        FDCE                                         r  u_rx_ja/lrck_prev_reg/C
  -------------------------------------------------------------------    -------------------
    SLICE_X102Y90        FDCE (Prop_fdce_C_Q)         0.518    -0.415 r  u_rx_ja/lrck_prev_reg/Q
                         net (fo=49, routed)          1.948     1.533    u_rx_ja/lrck_prev
    SLICE_X106Y86        LUT2 (Prop_lut2_I0_O)        0.124     1.657 r  u_rx_ja/bit_counter[4]_i_3/O
                         net (fo=126, routed)         0.889     2.546    u_rx_ja/lrck_changed
    SLICE_X112Y86        LUT2 (Prop_lut2_I0_O)        0.153     2.699 r  u_rx_ja/sample_valid_i_1/O
                         net (fo=49, routed)          1.732     4.431    u_rx_ja/channel_prev_reg_0[0]
    SLICE_X103Y91        FDCE                                         r  u_rx_ja/right_data_reg[11]/CE
  -------------------------------------------------------------------    -------------------

                         (clock clk_out1_clk_wiz_audio rise edge)
                                                     81.380    81.380 r  <hidden>
    H16                                               0.000    81.380 r  sysclk
                         net (fo=0)                   0.000    81.380    u_mmcm/inst/clk_in1
    H16                  IBUF (Prop_ibuf_I_O)         1.380    82.760 r  u_mmcm/inst/clkin1_ibufg/O
                         net (fo=1, routed)           1.162    83.922    u_mmcm/inst/clk_in1_clk_wiz_audio
    MMCME2_ADV_X1Y2      MMCME2_ADV (Prop_mmcme2_adv_CLKIN1_CLKOUT0)
                                                     -7.814    76.108 r  u_mmcm/inst/mmcm_adv_inst/CLKOUT0
                         net (fo=1, routed)           2.012    78.120    u_mmcm/inst/clk_out1_clk_wiz_audio
    BUFGCTRL_X0Y16       BUFG (Prop_bufg_I_O)         0.091    78.211 r  u_mmcm/inst/clkout1_buf/O
                         net (fo=332, routed)         1.608    79.819    u_rx_ja/clk_out1
    SLICE_X103Y91        FDCE                                         r  u_rx_ja/right_data_reg[11]/C
                         clock pessimism              0.604    80.423    <hidden>
                         clock uncertainty           -0.240    80.183    <hidden>
    SLICE_X103Y91        FDCE (Setup_fdce_C_CE)      -0.412    79.771    u_rx_ja/right_data_reg[11]
  -------------------------------------------------------------------
                         required time                         79.771    <hidden>
                         arrival time                          -4.431    <hidden>
  -------------------------------------------------------------------
                         slack                                 75.340    <hidden>

Slack (MET) :             75.340ns  (required time - arrival time)
  Source:                 u_rx_ja/lrck_prev_reg/C
                            (rising edge-triggered cell FDCE clocked by clk_out1_clk_wiz_audio  {rise@0.000ns fall@40.690ns period=81.380ns})
  Destination:            u_rx_ja/right_data_reg[12]/CE
                            (rising edge-triggered cell FDCE clocked by clk_out1_clk_wiz_audio  {rise@0.000ns fall@40.690ns period=81.380ns})
  Path Group:             clk_out1_clk_wiz_audio
  Path Type:              Setup (Max at Slow Process Corner)
  Requirement:            81.380ns  (clk_out1_clk_wiz_audio rise@81.380ns - clk_out1_clk_wiz_audio rise@0.000ns)
  Data Path Delay:        5.364ns  (logic 0.795ns (14.821%)  route 4.569ns (85.179%))
  Logic Levels:           2  (LUT2=2)
  Clock Path Skew:        -0.024ns (DCD - SCD + CPR)
    Destination Clock Delay (DCD):    -1.561ns = ( 79.819 - 81.380 ) 
    Source Clock Delay      (SCD):    -0.933ns
    Clock Pessimism Removal (CPR):    0.604ns
  Clock Uncertainty:      0.240ns  ((TSJ^2 + DJ^2)^1/2) / 2 + PE
    Total System Jitter     (TSJ):    0.071ns
    Discrete Jitter          (DJ):    0.474ns
    Phase Error              (PE):    0.000ns

    Location             Delay type                Incr(ns)  Path(ns)    Netlist Resource(s)
  -------------------------------------------------------------------    -------------------
                         (clock clk_out1_clk_wiz_audio rise edge)
                                                      0.000     0.000 r  <hidden>
    H16                                               0.000     0.000 r  sysclk
                         net (fo=0)                   0.000     0.000    u_mmcm/inst/clk_in1
    H16                  IBUF (Prop_ibuf_I_O)         1.451     1.451 r  u_mmcm/inst/clkin1_ibufg/O
                         net (fo=1, routed)           1.285     2.736    u_mmcm/inst/clk_in1_clk_wiz_audio
    MMCME2_ADV_X1Y2      MMCME2_ADV (Prop_mmcme2_adv_CLKIN1_CLKOUT0)
                                                     -7.759    -5.023 r  u_mmcm/inst/mmcm_adv_inst/CLKOUT0
                         net (fo=1, routed)           2.206    -2.817    u_mmcm/inst/clk_out1_clk_wiz_audio
    BUFGCTRL_X0Y16       BUFG (Prop_bufg_I_O)         0.101    -2.716 r  u_mmcm/inst/clkout1_buf/O
                         net (fo=332, routed)         1.783    -0.933    u_rx_ja/clk_out1
    SLICE_X102Y90        FDCE                                         r  u_rx_ja/lrck_prev_reg/C
  -------------------------------------------------------------------    -------------------
    SLICE_X102Y90        FDCE (Prop_fdce_C_Q)         0.518    -0.415 r  u_rx_ja/lrck_prev_reg/Q
                         net (fo=49, routed)          1.948     1.533    u_rx_ja/lrck_prev
    SLICE_X106Y86        LUT2 (Prop_lut2_I0_O)        0.124     1.657 r  u_rx_ja/bit_counter[4]_i_3/O
                         net (fo=126, routed)         0.889     2.546    u_rx_ja/lrck_changed
    SLICE_X112Y86        LUT2 (Prop_lut2_I0_O)        0.153     2.699 r  u_rx_ja/sample_valid_i_1/O
                         net (fo=49, routed)          1.732     4.431    u_rx_ja/channel_prev_reg_0[0]
    SLICE_X103Y91        FDCE                                         r  u_rx_ja/right_data_reg[12]/CE
  -------------------------------------------------------------------    -------------------

                         (clock clk_out1_clk_wiz_audio rise edge)
                                                     81.380    81.380 r  <hidden>
    H16                                               0.000    81.380 r  sysclk
                         net (fo=0)                   0.000    81.380    u_mmcm/inst/clk_in1
    H16                  IBUF (Prop_ibuf_I_O)         1.380    82.760 r  u_mmcm/inst/clkin1_ibufg/O
                         net (fo=1, routed)           1.162    83.922    u_mmcm/inst/clk_in1_clk_wiz_audio
    MMCME2_ADV_X1Y2      MMCME2_ADV (Prop_mmcme2_adv_CLKIN1_CLKOUT0)
                                                     -7.814    76.108 r  u_mmcm/inst/mmcm_adv_inst/CLKOUT0
                         net (fo=1, routed)           2.012    78.120    u_mmcm/inst/clk_out1_clk_wiz_audio
    BUFGCTRL_X0Y16       BUFG (Prop_bufg_I_O)         0.091    78.211 r  u_mmcm/inst/clkout1_buf/O
                         net (fo=332, routed)         1.608    79.819    u_rx_ja/clk_out1
    SLICE_X103Y91        FDCE                                         r  u_rx_ja/right_data_reg[12]/C
                         clock pessimism              0.604    80.423    <hidden>
                         clock uncertainty           -0.240    80.183    <hidden>
    SLICE_X103Y91        FDCE (Setup_fdce_C_CE)      -0.412    79.771    u_rx_ja/right_data_reg[12]
  -------------------------------------------------------------------
                         required time                         79.771    <hidden>
                         arrival time                          -4.431    <hidden>
  -------------------------------------------------------------------
                         slack                                 75.340    <hidden>

Slack (MET) :             75.340ns  (required time - arrival time)
  Source:                 u_rx_ja/lrck_prev_reg/C
                            (rising edge-triggered cell FDCE clocked by clk_out1_clk_wiz_audio  {rise@0.000ns fall@40.690ns period=81.380ns})
  Destination:            u_rx_ja/right_data_reg[15]/CE
                            (rising edge-triggered cell FDCE clocked by clk_out1_clk_wiz_audio  {rise@0.000ns fall@40.690ns period=81.380ns})
  Path Group:             clk_out1_clk_wiz_audio
  Path Type:              Setup (Max at Slow Process Corner)
  Requirement:            81.380ns  (clk_out1_clk_wiz_audio rise@81.380ns - clk_out1_clk_wiz_audio rise@0.000ns)
  Data Path Delay:        5.364ns  (logic 0.795ns (14.821%)  route 4.569ns (85.179%))
  Logic Levels:           2  (LUT2=2)
  Clock Path Skew:        -0.024ns (DCD - SCD + CPR)
    Destination Clock Delay (DCD):    -1.561ns = ( 79.819 - 81.380 ) 
    Source Clock Delay      (SCD):    -0.933ns
    Clock Pessimism Removal (CPR):    0.604ns
  Clock Uncertainty:      0.240ns  ((TSJ^2 + DJ^2)^1/2) / 2 + PE
    Total System Jitter     (TSJ):    0.071ns
    Discrete Jitter          (DJ):    0.474ns
    Phase Error              (PE):    0.000ns

    Location             Delay type                Incr(ns)  Path(ns)    Netlist Resource(s)
  -------------------------------------------------------------------    -------------------
                         (clock clk_out1_clk_wiz_audio rise edge)
                                                      0.000     0.000 r  <hidden>
    H16                                               0.000     0.000 r  sysclk
                         net (fo=0)                   0.000     0.000    u_mmcm/inst/clk_in1
    H16                  IBUF (Prop_ibuf_I_O)         1.451     1.451 r  u_mmcm/inst/clkin1_ibufg/O
                         net (fo=1, routed)           1.285     2.736    u_mmcm/inst/clk_in1_clk_wiz_audio
    MMCME2_ADV_X1Y2      MMCME2_ADV (Prop_mmcme2_adv_CLKIN1_CLKOUT0)
                                                     -7.759    -5.023 r  u_mmcm/inst/mmcm_adv_inst/CLKOUT0
                         net (fo=1, routed)           2.206    -2.817    u_mmcm/inst/clk_out1_clk_wiz_audio
    BUFGCTRL_X0Y16       BUFG (Prop_bufg_I_O)         0.101    -2.716 r  u_mmcm/inst/clkout1_buf/O
                         net (fo=332, routed)         1.783    -0.933    u_rx_ja/clk_out1
    SLICE_X102Y90        FDCE                                         r  u_rx_ja/lrck_prev_reg/C
  -------------------------------------------------------------------    -------------------
    SLICE_X102Y90        FDCE (Prop_fdce_C_Q)         0.518    -0.415 r  u_rx_ja/lrck_prev_reg/Q
                         net (fo=49, routed)          1.948     1.533    u_rx_ja/lrck_prev
    SLICE_X106Y86        LUT2 (Prop_lut2_I0_O)        0.124     1.657 r  u_rx_ja/bit_counter[4]_i_3/O
                         net (fo=126, routed)         0.889     2.546    u_rx_ja/lrck_changed
    SLICE_X112Y86        LUT2 (Prop_lut2_I0_O)        0.153     2.699 r  u_rx_ja/sample_valid_i_1/O
                         net (fo=49, routed)          1.732     4.431    u_rx_ja/channel_prev_reg_0[0]
    SLICE_X103Y91        FDCE                                         r  u_rx_ja/right_data_reg[15]/CE
  -------------------------------------------------------------------    -------------------

                         (clock clk_out1_clk_wiz_audio rise edge)
                                                     81.380    81.380 r  <hidden>
    H16                                               0.000    81.380 r  sysclk
                         net (fo=0)                   0.000    81.380    u_mmcm/inst/clk_in1
    H16                  IBUF (Prop_ibuf_I_O)         1.380    82.760 r  u_mmcm/inst/clkin1_ibufg/O
                         net (fo=1, routed)           1.162    83.922    u_mmcm/inst/clk_in1_clk_wiz_audio
    MMCME2_ADV_X1Y2      MMCME2_ADV (Prop_mmcme2_adv_CLKIN1_CLKOUT0)
                                                     -7.814    76.108 r  u_mmcm/inst/mmcm_adv_inst/CLKOUT0
                         net (fo=1, routed)           2.012    78.120    u_mmcm/inst/clk_out1_clk_wiz_audio
    BUFGCTRL_X0Y16       BUFG (Prop_bufg_I_O)         0.091    78.211 r  u_mmcm/inst/clkout1_buf/O
                         net (fo=332, routed)         1.608    79.819    u_rx_ja/clk_out1
    SLICE_X103Y91        FDCE                                         r  u_rx_ja/right_data_reg[15]/C
                         clock pessimism              0.604    80.423    <hidden>
                         clock uncertainty           -0.240    80.183    <hidden>
    SLICE_X103Y91        FDCE (Setup_fdce_C_CE)      -0.412    79.771    u_rx_ja/right_data_reg[15]
  -------------------------------------------------------------------
                         required time                         79.771    <hidden>
                         arrival time                          -4.431    <hidden>
  -------------------------------------------------------------------
                         slack                                 75.340    <hidden>

Slack (MET) :             75.340ns  (required time - arrival time)
  Source:                 u_rx_ja/lrck_prev_reg/C
                            (rising edge-triggered cell FDCE clocked by clk_out1_clk_wiz_audio  {rise@0.000ns fall@40.690ns period=81.380ns})
  Destination:            u_rx_ja/right_data_reg[16]/CE
                            (rising edge-triggered cell FDCE clocked by clk_out1_clk_wiz_audio  {rise@0.000ns fall@40.690ns period=81.380ns})
  Path Group:             clk_out1_clk_wiz_audio
  Path Type:              Setup (Max at Slow Process Corner)
  Requirement:            81.380ns  (clk_out1_clk_wiz_audio rise@81.380ns - clk_out1_clk_wiz_audio rise@0.000ns)
  Data Path Delay:        5.364ns  (logic 0.795ns (14.821%)  route 4.569ns (85.179%))
  Logic Levels:           2  (LUT2=2)
  Clock Path Skew:        -0.024ns (DCD - SCD + CPR)
    Destination Clock Delay (DCD):    -1.561ns = ( 79.819 - 81.380 ) 
    Source Clock Delay      (SCD):    -0.933ns
    Clock Pessimism Removal (CPR):    0.604ns
  Clock Uncertainty:      0.240ns  ((TSJ^2 + DJ^2)^1/2) / 2 + PE
    Total System Jitter     (TSJ):    0.071ns
    Discrete Jitter          (DJ):    0.474ns
    Phase Error              (PE):    0.000ns

    Location             Delay type                Incr(ns)  Path(ns)    Netlist Resource(s)
  -------------------------------------------------------------------    -------------------
                         (clock clk_out1_clk_wiz_audio rise edge)
                                                      0.000     0.000 r  <hidden>
    H16                                               0.000     0.000 r  sysclk
                         net (fo=0)                   0.000     0.000    u_mmcm/inst/clk_in1
    H16                  IBUF (Prop_ibuf_I_O)         1.451     1.451 r  u_mmcm/inst/clkin1_ibufg/O
                         net (fo=1, routed)           1.285     2.736    u_mmcm/inst/clk_in1_clk_wiz_audio
    MMCME2_ADV_X1Y2      MMCME2_ADV (Prop_mmcme2_adv_CLKIN1_CLKOUT0)
                                                     -7.759    -5.023 r  u_mmcm/inst/mmcm_adv_inst/CLKOUT0
                         net (fo=1, routed)           2.206    -2.817    u_mmcm/inst/clk_out1_clk_wiz_audio
    BUFGCTRL_X0Y16       BUFG (Prop_bufg_I_O)         0.101    -2.716 r  u_mmcm/inst/clkout1_buf/O
                         net (fo=332, routed)         1.783    -0.933    u_rx_ja/clk_out1
    SLICE_X102Y90        FDCE                                         r  u_rx_ja/lrck_prev_reg/C
  -------------------------------------------------------------------    -------------------
    SLICE_X102Y90        FDCE (Prop_fdce_C_Q)         0.518    -0.415 r  u_rx_ja/lrck_prev_reg/Q
                         net (fo=49, routed)          1.948     1.533    u_rx_ja/lrck_prev
    SLICE_X106Y86        LUT2 (Prop_lut2_I0_O)        0.124     1.657 r  u_rx_ja/bit_counter[4]_i_3/O
                         net (fo=126, routed)         0.889     2.546    u_rx_ja/lrck_changed
    SLICE_X112Y86        LUT2 (Prop_lut2_I0_O)        0.153     2.699 r  u_rx_ja/sample_valid_i_1/O
                         net (fo=49, routed)          1.732     4.431    u_rx_ja/channel_prev_reg_0[0]
    SLICE_X103Y91        FDCE                                         r  u_rx_ja/right_data_reg[16]/CE
  -------------------------------------------------------------------    -------------------

                         (clock clk_out1_clk_wiz_audio rise edge)
                                                     81.380    81.380 r  <hidden>
    H16                                               0.000    81.380 r  sysclk
                         net (fo=0)                   0.000    81.380    u_mmcm/inst/clk_in1
    H16                  IBUF (Prop_ibuf_I_O)         1.380    82.760 r  u_mmcm/inst/clkin1_ibufg/O
                         net (fo=1, routed)           1.162    83.922    u_mmcm/inst/clk_in1_clk_wiz_audio
    MMCME2_ADV_X1Y2      MMCME2_ADV (Prop_mmcme2_adv_CLKIN1_CLKOUT0)
                                                     -7.814    76.108 r  u_mmcm/inst/mmcm_adv_inst/CLKOUT0
                         net (fo=1, routed)           2.012    78.120    u_mmcm/inst/clk_out1_clk_wiz_audio
    BUFGCTRL_X0Y16       BUFG (Prop_bufg_I_O)         0.091    78.211 r  u_mmcm/inst/clkout1_buf/O
                         net (fo=332, routed)         1.608    79.819    u_rx_ja/clk_out1
    SLICE_X103Y91        FDCE                                         r  u_rx_ja/right_data_reg[16]/C
                         clock pessimism              0.604    80.423    <hidden>
                         clock uncertainty           -0.240    80.183    <hidden>
    SLICE_X103Y91        FDCE (Setup_fdce_C_CE)      -0.412    79.771    u_rx_ja/right_data_reg[16]
  -------------------------------------------------------------------
                         required time                         79.771    <hidden>
                         arrival time                          -4.431    <hidden>
  -------------------------------------------------------------------
                         slack                                 75.340    <hidden>

Slack (MET) :             75.433ns  (required time - arrival time)
  Source:                 u_rx_jb/right_data_reg[23]/C
                            (rising edge-triggered cell FDCE clocked by clk_out1_clk_wiz_audio  {rise@0.000ns fall@40.690ns period=81.380ns})
  Destination:            u_matrix/out_reg_reg[3][3]/D
                            (rising edge-triggered cell FDCE clocked by clk_out1_clk_wiz_audio  {rise@0.000ns fall@40.690ns period=81.380ns})
  Path Group:             clk_out1_clk_wiz_audio
  Path Type:              Setup (Max at Slow Process Corner)
  Requirement:            81.380ns  (clk_out1_clk_wiz_audio rise@81.380ns - clk_out1_clk_wiz_audio rise@0.000ns)
  Data Path Delay:        5.646ns  (logic 1.785ns (31.617%)  route 3.861ns (68.383%))
  Logic Levels:           5  (CARRY4=3 LUT1=1 LUT3=1)
  Clock Path Skew:        -0.141ns (DCD - SCD + CPR)
    Destination Clock Delay (DCD):    -1.564ns = ( 79.816 - 81.380 ) 
    Source Clock Delay      (SCD):    -0.856ns
    Clock Pessimism Removal (CPR):    0.567ns
  Clock Uncertainty:      0.240ns  ((TSJ^2 + DJ^2)^1/2) / 2 + PE
    Total System Jitter     (TSJ):    0.071ns
    Discrete Jitter          (DJ):    0.474ns
    Phase Error              (PE):    0.000ns

    Location             Delay type                Incr(ns)  Path(ns)    Netlist Resource(s)
  -------------------------------------------------------------------    -------------------
                         (clock clk_out1_clk_wiz_audio rise edge)
                                                      0.000     0.000 r  <hidden>
    H16                                               0.000     0.000 r  sysclk
                         net (fo=0)                   0.000     0.000    u_mmcm/inst/clk_in1
    H16                  IBUF (Prop_ibuf_I_O)         1.451     1.451 r  u_mmcm/inst/clkin1_ibufg/O
                         net (fo=1, routed)           1.285     2.736    u_mmcm/inst/clk_in1_clk_wiz_audio
    MMCME2_ADV_X1Y2      MMCME2_ADV (Prop_mmcme2_adv_CLKIN1_CLKOUT0)
                                                     -7.759    -5.023 r  u_mmcm/inst/mmcm_adv_inst/CLKOUT0
                         net (fo=1, routed)           2.206    -2.817    u_mmcm/inst/clk_out1_clk_wiz_audio
    BUFGCTRL_X0Y16       BUFG (Prop_bufg_I_O)         0.101    -2.716 r  u_mmcm/inst/clkout1_buf/O
                         net (fo=332, routed)         1.860    -0.856    u_rx_jb/clk_out1
    SLICE_X110Y85        FDCE                                         r  u_rx_jb/right_data_reg[23]/C
  -------------------------------------------------------------------    -------------------
    SLICE_X110Y85        FDCE (Prop_fdce_C_Q)         0.456    -0.400 f  u_rx_jb/right_data_reg[23]/Q
                         net (fo=43, routed)          1.838     1.438    u_rx_jb/right_data_reg[23]_1[23]
    SLICE_X109Y80        LUT1 (Prop_lut1_I0_O)        0.124     1.562 r  u_rx_jb/i__carry_i_3__3/O
                         net (fo=1, routed)           0.000     1.562    u_matrix/_inferred__4/i__carry__0_0[1]
    SLICE_X109Y80        CARRY4 (Prop_carry4_S[1]_CO[3])
                                                      0.550     2.112 r  u_matrix/_inferred__4/i__carry/CO[3]
                         net (fo=1, routed)           0.000     2.112    u_matrix/_inferred__4/i__carry_n_0
    SLICE_X109Y81        CARRY4 (Prop_carry4_CI_CO[3])
                                                      0.114     2.226 r  u_matrix/_inferred__4/i__carry__0/CO[3]
                         net (fo=1, routed)           0.000     2.226    u_matrix/_inferred__4/i__carry__0_n_0
    SLICE_X109Y82        CARRY4 (Prop_carry4_CI_CO[2])
                                                      0.228     2.454 r  u_matrix/_inferred__4/i__carry__1/CO[2]
                         net (fo=24, routed)          2.022     4.476    u_matrix/_inferred__4/i__carry__1_n_1
    SLICE_X104Y87        LUT3 (Prop_lut3_I0_O)        0.313     4.789 r  u_matrix/out_reg[3][3]_i_1/O
                         net (fo=1, routed)           0.000     4.789    u_matrix/out_reg[3][3]_i_1_n_0
    SLICE_X104Y87        FDCE                                         r  u_matrix/out_reg_reg[3][3]/D
  -------------------------------------------------------------------    -------------------

                         (clock clk_out1_clk_wiz_audio rise edge)
                                                     81.380    81.380 r  <hidden>
    H16                                               0.000    81.380 r  sysclk
                         net (fo=0)                   0.000    81.380    u_mmcm/inst/clk_in1
    H16                  IBUF (Prop_ibuf_I_O)         1.380    82.760 r  u_mmcm/inst/clkin1_ibufg/O
                         net (fo=1, routed)           1.162    83.922    u_mmcm/inst/clk_in1_clk_wiz_audio
    MMCME2_ADV_X1Y2      MMCME2_ADV (Prop_mmcme2_adv_CLKIN1_CLKOUT0)
                                                     -7.814    76.108 r  u_mmcm/inst/mmcm_adv_inst/CLKOUT0
                         net (fo=1, routed)           2.012    78.120    u_mmcm/inst/clk_out1_clk_wiz_audio
    BUFGCTRL_X0Y16       BUFG (Prop_bufg_I_O)         0.091    78.211 r  u_mmcm/inst/clkout1_buf/O
                         net (fo=332, routed)         1.605    79.816    u_matrix/clk_out1
    SLICE_X104Y87        FDCE                                         r  u_matrix/out_reg_reg[3][3]/C
                         clock pessimism              0.567    80.383    <hidden>
                         clock uncertainty           -0.240    80.143    <hidden>
    SLICE_X104Y87        FDCE (Setup_fdce_C_D)        0.079    80.222    u_matrix/out_reg_reg[3][3]
  -------------------------------------------------------------------
                         required time                         80.222    <hidden>
                         arrival time                          -4.789    <hidden>
  -------------------------------------------------------------------
                         slack                                 75.433    <hidden>

Slack (MET) :             75.443ns  (required time - arrival time)
  Source:                 u_rx_jb/right_data_reg[23]/C
                            (rising edge-triggered cell FDCE clocked by clk_out1_clk_wiz_audio  {rise@0.000ns fall@40.690ns period=81.380ns})
  Destination:            u_matrix/out_reg_reg[3][4]/D
                            (rising edge-triggered cell FDCE clocked by clk_out1_clk_wiz_audio  {rise@0.000ns fall@40.690ns period=81.380ns})
  Path Group:             clk_out1_clk_wiz_audio
  Path Type:              Setup (Max at Slow Process Corner)
  Requirement:            81.380ns  (clk_out1_clk_wiz_audio rise@81.380ns - clk_out1_clk_wiz_audio rise@0.000ns)
  Data Path Delay:        5.675ns  (logic 1.814ns (31.967%)  route 3.861ns (68.033%))
  Logic Levels:           5  (CARRY4=3 LUT1=1 LUT3=1)
  Clock Path Skew:        -0.141ns (DCD - SCD + CPR)
    Destination Clock Delay (DCD):    -1.564ns = ( 79.816 - 81.380 ) 
    Source Clock Delay      (SCD):    -0.856ns
    Clock Pessimism Removal (CPR):    0.567ns
  Clock Uncertainty:      0.240ns  ((TSJ^2 + DJ^2)^1/2) / 2 + PE
    Total System Jitter     (TSJ):    0.071ns
    Discrete Jitter          (DJ):    0.474ns
    Phase Error              (PE):    0.000ns

    Location             Delay type                Incr(ns)  Path(ns)    Netlist Resource(s)
  -------------------------------------------------------------------    -------------------
                         (clock clk_out1_clk_wiz_audio rise edge)
                                                      0.000     0.000 r  <hidden>
    H16                                               0.000     0.000 r  sysclk
                         net (fo=0)                   0.000     0.000    u_mmcm/inst/clk_in1
    H16                  IBUF (Prop_ibuf_I_O)         1.451     1.451 r  u_mmcm/inst/clkin1_ibufg/O
                         net (fo=1, routed)           1.285     2.736    u_mmcm/inst/clk_in1_clk_wiz_audio
    MMCME2_ADV_X1Y2      MMCME2_ADV (Prop_mmcme2_adv_CLKIN1_CLKOUT0)
                                                     -7.759    -5.023 r  u_mmcm/inst/mmcm_adv_inst/CLKOUT0
                         net (fo=1, routed)           2.206    -2.817    u_mmcm/inst/clk_out1_clk_wiz_audio
    BUFGCTRL_X0Y16       BUFG (Prop_bufg_I_O)         0.101    -2.716 r  u_mmcm/inst/clkout1_buf/O
                         net (fo=332, routed)         1.860    -0.856    u_rx_jb/clk_out1
    SLICE_X110Y85        FDCE                                         r  u_rx_jb/right_data_reg[23]/C
  -------------------------------------------------------------------    -------------------
    SLICE_X110Y85        FDCE (Prop_fdce_C_Q)         0.456    -0.400 f  u_rx_jb/right_data_reg[23]/Q
                         net (fo=43, routed)          1.838     1.438    u_rx_jb/right_data_reg[23]_1[23]
    SLICE_X109Y80        LUT1 (Prop_lut1_I0_O)        0.124     1.562 r  u_rx_jb/i__carry_i_3__3/O
                         net (fo=1, routed)           0.000     1.562    u_matrix/_inferred__4/i__carry__0_0[1]
    SLICE_X109Y80        CARRY4 (Prop_carry4_S[1]_CO[3])
                                                      0.550     2.112 r  u_matrix/_inferred__4/i__carry/CO[3]
                         net (fo=1, routed)           0.000     2.112    u_matrix/_inferred__4/i__carry_n_0
    SLICE_X109Y81        CARRY4 (Prop_carry4_CI_CO[3])
                                                      0.114     2.226 r  u_matrix/_inferred__4/i__carry__0/CO[3]
                         net (fo=1, routed)           0.000     2.226    u_matrix/_inferred__4/i__carry__0_n_0
    SLICE_X109Y82        CARRY4 (Prop_carry4_CI_CO[2])
                                                      0.228     2.454 r  u_matrix/_inferred__4/i__carry__1/CO[2]
                         net (fo=24, routed)          2.022     4.476    u_matrix/_inferred__4/i__carry__1_n_1
    SLICE_X104Y87        LUT3 (Prop_lut3_I0_O)        0.342     4.818 r  u_matrix/out_reg[3][4]_i_1/O
                         net (fo=1, routed)           0.000     4.818    u_matrix/out_reg[3][4]_i_1_n_0
    SLICE_X104Y87        FDCE                                         r  u_matrix/out_reg_reg[3][4]/D
  -------------------------------------------------------------------    -------------------

                         (clock clk_out1_clk_wiz_audio rise edge)
                                                     81.380    81.380 r  <hidden>
    H16                                               0.000    81.380 r  sysclk
                         net (fo=0)                   0.000    81.380    u_mmcm/inst/clk_in1
    H16                  IBUF (Prop_ibuf_I_O)         1.380    82.760 r  u_mmcm/inst/clkin1_ibufg/O
                         net (fo=1, routed)           1.162    83.922    u_mmcm/inst/clk_in1_clk_wiz_audio
    MMCME2_ADV_X1Y2      MMCME2_ADV (Prop_mmcme2_adv_CLKIN1_CLKOUT0)
                                                     -7.814    76.108 r  u_mmcm/inst/mmcm_adv_inst/CLKOUT0
                         net (fo=1, routed)           2.012    78.120    u_mmcm/inst/clk_out1_clk_wiz_audio
    BUFGCTRL_X0Y16       BUFG (Prop_bufg_I_O)         0.091    78.211 r  u_mmcm/inst/clkout1_buf/O
                         net (fo=332, routed)         1.605    79.816    u_matrix/clk_out1
    SLICE_X104Y87        FDCE                                         r  u_matrix/out_reg_reg[3][4]/C
                         clock pessimism              0.567    80.383    <hidden>
                         clock uncertainty           -0.240    80.143    <hidden>
    SLICE_X104Y87        FDCE (Setup_fdce_C_D)        0.118    80.261    u_matrix/out_reg_reg[3][4]
  -------------------------------------------------------------------
                         required time                         80.261    <hidden>
                         arrival time                          -4.818    <hidden>
  -------------------------------------------------------------------
                         slack                                 75.443    <hidden>





Min Delay Paths
--------------------------------------------------------------------------------------
Slack (MET) :             0.246ns  (arrival time - required time)
  Source:                 u_rx_jb/right_data_reg[17]/C
                            (rising edge-triggered cell FDCE clocked by clk_out1_clk_wiz_audio  {rise@0.000ns fall@40.690ns period=81.380ns})
  Destination:            u_matrix/out_reg_reg[3][17]/D
                            (rising edge-triggered cell FDCE clocked by clk_out1_clk_wiz_audio  {rise@0.000ns fall@40.690ns period=81.380ns})
  Path Group:             clk_out1_clk_wiz_audio
  Path Type:              Hold (Min at Fast Process Corner)
  Requirement:            0.000ns  (clk_out1_clk_wiz_audio rise@0.000ns - clk_out1_clk_wiz_audio rise@0.000ns)
  Data Path Delay:        0.380ns  (logic 0.186ns (48.934%)  route 0.194ns (51.066%))
  Logic Levels:           1  (LUT3=1)
  Clock Path Skew:        0.013ns (DCD - SCD - CPR)
    Destination Clock Delay (DCD):    -0.840ns
    Source Clock Delay      (SCD):    -0.600ns
    Clock Pessimism Removal (CPR):    -0.252ns

    Location             Delay type                Incr(ns)  Path(ns)    Netlist Resource(s)
  -------------------------------------------------------------------    -------------------
                         (clock clk_out1_clk_wiz_audio rise edge)
                                                      0.000     0.000 r  <hidden>
    H16                                               0.000     0.000 r  sysclk
                         net (fo=0)                   0.000     0.000    u_mmcm/inst/clk_in1
    H16                  IBUF (Prop_ibuf_I_O)         0.219     0.219 r  u_mmcm/inst/clkin1_ibufg/O
                         net (fo=1, routed)           0.440     0.659    u_mmcm/inst/clk_in1_clk_wiz_audio
    MMCME2_ADV_X1Y2      MMCME2_ADV (Prop_mmcme2_adv_CLKIN1_CLKOUT0)
                                                     -2.613    -1.954 r  u_mmcm/inst/mmcm_adv_inst/CLKOUT0
                         net (fo=1, routed)           0.696    -1.257    u_mmcm/inst/clk_out1_clk_wiz_audio
    BUFGCTRL_X0Y16       BUFG (Prop_bufg_I_O)         0.026    -1.231 r  u_mmcm/inst/clkout1_buf/O
                         net (fo=332, routed)         0.631    -0.600    u_rx_jb/clk_out1
    SLICE_X109Y85        FDCE                                         r  u_rx_jb/right_data_reg[17]/C
  -------------------------------------------------------------------    -------------------
    SLICE_X109Y85        FDCE (Prop_fdce_C_Q)         0.141    -0.459 r  u_rx_jb/right_data_reg[17]/Q
                         net (fo=1, routed)           0.194    -0.265    u_matrix/out_reg_reg[3][23]_1[17]
    SLICE_X108Y85        LUT3 (Prop_lut3_I2_O)        0.045    -0.220 r  u_matrix/out_reg[3][17]_i_1/O
                         net (fo=1, routed)           0.000    -0.220    u_matrix/out_reg[3][17]_i_1_n_0
    SLICE_X108Y85        FDCE                                         r  u_matrix/out_reg_reg[3][17]/D
  -------------------------------------------------------------------    -------------------

                         (clock clk_out1_clk_wiz_audio rise edge)
                                                      0.000     0.000 r  <hidden>
    H16                                               0.000     0.000 r  sysclk
                         net (fo=0)                   0.000     0.000    u_mmcm/inst/clk_in1
    H16                  IBUF (Prop_ibuf_I_O)         0.406     0.406 r  u_mmcm/inst/clkin1_ibufg/O
                         net (fo=1, routed)           0.480     0.886    u_mmcm/inst/clk_in1_clk_wiz_audio
    MMCME2_ADV_X1Y2      MMCME2_ADV (Prop_mmcme2_adv_CLKIN1_CLKOUT0)
                                                     -3.407    -2.521 r  u_mmcm/inst/mmcm_adv_inst/CLKOUT0
                         net (fo=1, routed)           0.752    -1.769    u_mmcm/inst/clk_out1_clk_wiz_audio
    BUFGCTRL_X0Y16       BUFG (Prop_bufg_I_O)         0.029    -1.740 r  u_mmcm/inst/clkout1_buf/O
                         net (fo=332, routed)         0.900    -0.840    u_matrix/clk_out1
    SLICE_X108Y85        FDCE                                         r  u_matrix/out_reg_reg[3][17]/C
                         clock pessimism              0.252    -0.587    <hidden>
    SLICE_X108Y85        FDCE (Hold_fdce_C_D)         0.121    -0.466    u_matrix/out_reg_reg[3][17]
  -------------------------------------------------------------------
                         required time                          0.466    <hidden>
                         arrival time                          -0.220    <hidden>
  -------------------------------------------------------------------
                         slack                                  0.246    <hidden>

Slack (MET) :             0.258ns  (arrival time - required time)
  Source:                 u_matrix/out_reg_reg[2][12]/C
                            (rising edge-triggered cell FDCE clocked by clk_out1_clk_wiz_audio  {rise@0.000ns fall@40.690ns period=81.380ns})
  Destination:            u_tx_jb/shift_reg_reg[12]/D
                            (rising edge-triggered cell FDCE clocked by clk_out1_clk_wiz_audio  {rise@0.000ns fall@40.690ns period=81.380ns})
  Path Group:             clk_out1_clk_wiz_audio
  Path Type:              Hold (Min at Fast Process Corner)
  Requirement:            0.000ns  (clk_out1_clk_wiz_audio rise@0.000ns - clk_out1_clk_wiz_audio rise@0.000ns)
  Data Path Delay:        0.392ns  (logic 0.226ns (57.721%)  route 0.166ns (42.279%))
  Logic Levels:           1  (LUT6=1)
  Clock Path Skew:        0.013ns (DCD - SCD - CPR)
    Destination Clock Delay (DCD):    -0.867ns
    Source Clock Delay      (SCD):    -0.627ns
    Clock Pessimism Removal (CPR):    -0.252ns

    Location             Delay type                Incr(ns)  Path(ns)    Netlist Resource(s)
  -------------------------------------------------------------------    -------------------
                         (clock clk_out1_clk_wiz_audio rise edge)
                                                      0.000     0.000 r  <hidden>
    H16                                               0.000     0.000 r  sysclk
                         net (fo=0)                   0.000     0.000    u_mmcm/inst/clk_in1
    H16                  IBUF (Prop_ibuf_I_O)         0.219     0.219 r  u_mmcm/inst/clkin1_ibufg/O
                         net (fo=1, routed)           0.440     0.659    u_mmcm/inst/clk_in1_clk_wiz_audio
    MMCME2_ADV_X1Y2      MMCME2_ADV (Prop_mmcme2_adv_CLKIN1_CLKOUT0)
                                                     -2.613    -1.954 r  u_mmcm/inst/mmcm_adv_inst/CLKOUT0
                         net (fo=1, routed)           0.696    -1.257    u_mmcm/inst/clk_out1_clk_wiz_audio
    BUFGCTRL_X0Y16       BUFG (Prop_bufg_I_O)         0.026    -1.231 r  u_mmcm/inst/clkout1_buf/O
                         net (fo=332, routed)         0.604    -0.627    u_matrix/clk_out1
    SLICE_X103Y85        FDCE                                         r  u_matrix/out_reg_reg[2][12]/C
  -------------------------------------------------------------------    -------------------
    SLICE_X103Y85        FDCE (Prop_fdce_C_Q)         0.128    -0.499 r  u_matrix/out_reg_reg[2][12]/Q
                         net (fo=1, routed)           0.166    -0.334    u_rx_ja/shift_reg_reg[23]_4[11]
    SLICE_X102Y85        LUT6 (Prop_lut6_I2_O)        0.098    -0.236 r  u_rx_ja/shift_reg[12]_i_1__2/O
                         net (fo=1, routed)           0.000    -0.236    u_tx_jb/shift_reg_reg[23]_0[12]
    SLICE_X102Y85        FDCE                                         r  u_tx_jb/shift_reg_reg[12]/D
  -------------------------------------------------------------------    -------------------

                         (clock clk_out1_clk_wiz_audio rise edge)
                                                      0.000     0.000 r  <hidden>
    H16                                               0.000     0.000 r  sysclk
                         net (fo=0)                   0.000     0.000    u_mmcm/inst/clk_in1
    H16                  IBUF (Prop_ibuf_I_O)         0.406     0.406 r  u_mmcm/inst/clkin1_ibufg/O
                         net (fo=1, routed)           0.480     0.886    u_mmcm/inst/clk_in1_clk_wiz_audio
    MMCME2_ADV_X1Y2      MMCME2_ADV (Prop_mmcme2_adv_CLKIN1_CLKOUT0)
                                                     -3.407    -2.521 r  u_mmcm/inst/mmcm_adv_inst/CLKOUT0
                         net (fo=1, routed)           0.752    -1.769    u_mmcm/inst/clk_out1_clk_wiz_audio
    BUFGCTRL_X0Y16       BUFG (Prop_bufg_I_O)         0.029    -1.740 r  u_mmcm/inst/clkout1_buf/O
                         net (fo=332, routed)         0.873    -0.867    u_tx_jb/clk_out1
    SLICE_X102Y85        FDCE                                         r  u_tx_jb/shift_reg_reg[12]/C
                         clock pessimism              0.252    -0.614    <hidden>
    SLICE_X102Y85        FDCE (Hold_fdce_C_D)         0.121    -0.493    u_tx_jb/shift_reg_reg[12]
  -------------------------------------------------------------------
                         required time                          0.493    <hidden>
                         arrival time                          -0.236    <hidden>
  -------------------------------------------------------------------
                         slack                                  0.258    <hidden>

Slack (MET) :             0.258ns  (arrival time - required time)
  Source:                 u_matrix/out_reg_reg[3][8]/C
                            (rising edge-triggered cell FDCE clocked by clk_out1_clk_wiz_audio  {rise@0.000ns fall@40.690ns period=81.380ns})
  Destination:            u_tx_jb/shift_reg_reg[8]/D
                            (rising edge-triggered cell FDCE clocked by clk_out1_clk_wiz_audio  {rise@0.000ns fall@40.690ns period=81.380ns})
  Path Group:             clk_out1_clk_wiz_audio
  Path Type:              Hold (Min at Fast Process Corner)
  Requirement:            0.000ns  (clk_out1_clk_wiz_audio rise@0.000ns - clk_out1_clk_wiz_audio rise@0.000ns)
  Data Path Delay:        0.392ns  (logic 0.226ns (57.623%)  route 0.166ns (42.377%))
  Logic Levels:           1  (LUT6=1)
  Clock Path Skew:        0.013ns (DCD - SCD - CPR)
    Destination Clock Delay (DCD):    -0.867ns
    Source Clock Delay      (SCD):    -0.627ns
    Clock Pessimism Removal (CPR):    -0.252ns

    Location             Delay type                Incr(ns)  Path(ns)    Netlist Resource(s)
  -------------------------------------------------------------------    -------------------
                         (clock clk_out1_clk_wiz_audio rise edge)
                                                      0.000     0.000 r  <hidden>
    H16                                               0.000     0.000 r  sysclk
                         net (fo=0)                   0.000     0.000    u_mmcm/inst/clk_in1
    H16                  IBUF (Prop_ibuf_I_O)         0.219     0.219 r  u_mmcm/inst/clkin1_ibufg/O
                         net (fo=1, routed)           0.440     0.659    u_mmcm/inst/clk_in1_clk_wiz_audio
    MMCME2_ADV_X1Y2      MMCME2_ADV (Prop_mmcme2_adv_CLKIN1_CLKOUT0)
                                                     -2.613    -1.954 r  u_mmcm/inst/mmcm_adv_inst/CLKOUT0
                         net (fo=1, routed)           0.696    -1.257    u_mmcm/inst/clk_out1_clk_wiz_audio
    BUFGCTRL_X0Y16       BUFG (Prop_bufg_I_O)         0.026    -1.231 r  u_mmcm/inst/clkout1_buf/O
                         net (fo=332, routed)         0.604    -0.627    u_matrix/clk_out1
    SLICE_X103Y86        FDCE                                         r  u_matrix/out_reg_reg[3][8]/C
  -------------------------------------------------------------------    -------------------
    SLICE_X103Y86        FDCE (Prop_fdce_C_Q)         0.128    -0.499 r  u_matrix/out_reg_reg[3][8]/Q
                         net (fo=1, routed)           0.166    -0.333    u_rx_ja/shift_reg_reg[23]_5[7]
    SLICE_X102Y86        LUT6 (Prop_lut6_I3_O)        0.098    -0.235 r  u_rx_ja/shift_reg[8]_i_1__2/O
                         net (fo=1, routed)           0.000    -0.235    u_tx_jb/shift_reg_reg[23]_0[8]
    SLICE_X102Y86        FDCE                                         r  u_tx_jb/shift_reg_reg[8]/D
  -------------------------------------------------------------------    -------------------

                         (clock clk_out1_clk_wiz_audio rise edge)
                                                      0.000     0.000 r  <hidden>
    H16                                               0.000     0.000 r  sysclk
                         net (fo=0)                   0.000     0.000    u_mmcm/inst/clk_in1
    H16                  IBUF (Prop_ibuf_I_O)         0.406     0.406 r  u_mmcm/inst/clkin1_ibufg/O
                         net (fo=1, routed)           0.480     0.886    u_mmcm/inst/clk_in1_clk_wiz_audio
    MMCME2_ADV_X1Y2      MMCME2_ADV (Prop_mmcme2_adv_CLKIN1_CLKOUT0)
                                                     -3.407    -2.521 r  u_mmcm/inst/mmcm_adv_inst/CLKOUT0
                         net (fo=1, routed)           0.752    -1.769    u_mmcm/inst/clk_out1_clk_wiz_audio
    BUFGCTRL_X0Y16       BUFG (Prop_bufg_I_O)         0.029    -1.740 r  u_mmcm/inst/clkout1_buf/O
                         net (fo=332, routed)         0.873    -0.867    u_tx_jb/clk_out1
    SLICE_X102Y86        FDCE                                         r  u_tx_jb/shift_reg_reg[8]/C
                         clock pessimism              0.252    -0.614    <hidden>
    SLICE_X102Y86        FDCE (Hold_fdce_C_D)         0.121    -0.493    u_tx_jb/shift_reg_reg[8]
  -------------------------------------------------------------------
                         required time                          0.493    <hidden>
                         arrival time                          -0.235    <hidden>
  -------------------------------------------------------------------
                         slack                                  0.258    <hidden>

Slack (MET) :             0.262ns  (arrival time - required time)
  Source:                 u_rx_ja/bit_counter_reg[0]/C
                            (rising edge-triggered cell FDCE clocked by clk_out1_clk_wiz_audio  {rise@0.000ns fall@40.690ns period=81.380ns})
  Destination:            u_rx_ja/bit_counter_reg[3]/D
                            (rising edge-triggered cell FDCE clocked by clk_out1_clk_wiz_audio  {rise@0.000ns fall@40.690ns period=81.380ns})
  Path Group:             clk_out1_clk_wiz_audio
  Path Type:              Hold (Min at Fast Process Corner)
  Requirement:            0.000ns  (clk_out1_clk_wiz_audio rise@0.000ns - clk_out1_clk_wiz_audio rise@0.000ns)
  Data Path Delay:        0.393ns  (logic 0.207ns (52.626%)  route 0.186ns (47.374%))
  Logic Levels:           1  (LUT5=1)
  Clock Path Skew:        0.000ns (DCD - SCD - CPR)
    Destination Clock Delay (DCD):    -0.834ns
    Source Clock Delay      (SCD):    -0.597ns
    Clock Pessimism Removal (CPR):    -0.236ns

    Location             Delay type                Incr(ns)  Path(ns)    Netlist Resource(s)
  -------------------------------------------------------------------    -------------------
                         (clock clk_out1_clk_wiz_audio rise edge)
                                                      0.000     0.000 r  <hidden>
    H16                                               0.000     0.000 r  sysclk
                         net (fo=0)                   0.000     0.000    u_mmcm/inst/clk_in1
    H16                  IBUF (Prop_ibuf_I_O)         0.219     0.219 r  u_mmcm/inst/clkin1_ibufg/O
                         net (fo=1, routed)           0.440     0.659    u_mmcm/inst/clk_in1_clk_wiz_audio
    MMCME2_ADV_X1Y2      MMCME2_ADV (Prop_mmcme2_adv_CLKIN1_CLKOUT0)
                                                     -2.613    -1.954 r  u_mmcm/inst/mmcm_adv_inst/CLKOUT0
                         net (fo=1, routed)           0.696    -1.257    u_mmcm/inst/clk_out1_clk_wiz_audio
    BUFGCTRL_X0Y16       BUFG (Prop_bufg_I_O)         0.026    -1.231 r  u_mmcm/inst/clkout1_buf/O
                         net (fo=332, routed)         0.634    -0.597    u_rx_ja/clk_out1
    SLICE_X112Y88        FDCE                                         r  u_rx_ja/bit_counter_reg[0]/C
  -------------------------------------------------------------------    -------------------
    SLICE_X112Y88        FDCE (Prop_fdce_C_Q)         0.164    -0.433 r  u_rx_ja/bit_counter_reg[0]/Q
                         net (fo=6, routed)           0.186    -0.247    u_rx_ja/bit_counter_reg_n_0_[0]
    SLICE_X112Y88        LUT5 (Prop_lut5_I1_O)        0.043    -0.204 r  u_rx_ja/bit_counter[3]_i_1/O
                         net (fo=1, routed)           0.000    -0.204    u_rx_ja/bit_counter[3]_i_1_n_0
    SLICE_X112Y88        FDCE                                         r  u_rx_ja/bit_counter_reg[3]/D
  -------------------------------------------------------------------    -------------------

                         (clock clk_out1_clk_wiz_audio rise edge)
                                                      0.000     0.000 r  <hidden>
    H16                                               0.000     0.000 r  sysclk
                         net (fo=0)                   0.000     0.000    u_mmcm/inst/clk_in1
    H16                  IBUF (Prop_ibuf_I_O)         0.406     0.406 r  u_mmcm/inst/clkin1_ibufg/O
                         net (fo=1, routed)           0.480     0.886    u_mmcm/inst/clk_in1_clk_wiz_audio
    MMCME2_ADV_X1Y2      MMCME2_ADV (Prop_mmcme2_adv_CLKIN1_CLKOUT0)
                                                     -3.407    -2.521 r  u_mmcm/inst/mmcm_adv_inst/CLKOUT0
                         net (fo=1, routed)           0.752    -1.769    u_mmcm/inst/clk_out1_clk_wiz_audio
    BUFGCTRL_X0Y16       BUFG (Prop_bufg_I_O)         0.029    -1.740 r  u_mmcm/inst/clkout1_buf/O
                         net (fo=332, routed)         0.906    -0.834    u_rx_ja/clk_out1
    SLICE_X112Y88        FDCE                                         r  u_rx_ja/bit_counter_reg[3]/C
                         clock pessimism              0.236    -0.597    <hidden>
    SLICE_X112Y88        FDCE (Hold_fdce_C_D)         0.131    -0.466    u_rx_ja/bit_counter_reg[3]
  -------------------------------------------------------------------
                         required time                          0.466    <hidden>
                         arrival time                          -0.204    <hidden>
  -------------------------------------------------------------------
                         slack                                  0.262    <hidden>

Slack (MET) :             0.265ns  (arrival time - required time)
  Source:                 u_matrix/out_reg_reg[0][6]/C
                            (rising edge-triggered cell FDCE clocked by clk_out1_clk_wiz_audio  {rise@0.000ns fall@40.690ns period=81.380ns})
  Destination:            u_tx_ja/shift_reg_reg[6]/D
                            (rising edge-triggered cell FDCE clocked by clk_out1_clk_wiz_audio  {rise@0.000ns fall@40.690ns period=81.380ns})
  Path Group:             clk_out1_clk_wiz_audio
  Path Type:              Hold (Min at Fast Process Corner)
  Requirement:            0.000ns  (clk_out1_clk_wiz_audio rise@0.000ns - clk_out1_clk_wiz_audio rise@0.000ns)
  Data Path Delay:        0.373ns  (logic 0.226ns (60.650%)  route 0.147ns (39.350%))
  Logic Levels:           1  (LUT6=1)
  Clock Path Skew:        0.016ns (DCD - SCD - CPR)
    Destination Clock Delay (DCD):    -0.833ns
    Source Clock Delay      (SCD):    -0.596ns
    Clock Pessimism Removal (CPR):    -0.252ns

    Location             Delay type                Incr(ns)  Path(ns)    Netlist Resource(s)
  -------------------------------------------------------------------    -------------------
                         (clock clk_out1_clk_wiz_audio rise edge)
                                                      0.000     0.000 r  <hidden>
    H16                                               0.000     0.000 r  sysclk
                         net (fo=0)                   0.000     0.000    u_mmcm/inst/clk_in1
    H16                  IBUF (Prop_ibuf_I_O)         0.219     0.219 r  u_mmcm/inst/clkin1_ibufg/O
                         net (fo=1, routed)           0.440     0.659    u_mmcm/inst/clk_in1_clk_wiz_audio
    MMCME2_ADV_X1Y2      MMCME2_ADV (Prop_mmcme2_adv_CLKIN1_CLKOUT0)
                                                     -2.613    -1.954 r  u_mmcm/inst/mmcm_adv_inst/CLKOUT0
                         net (fo=1, routed)           0.696    -1.257    u_mmcm/inst/clk_out1_clk_wiz_audio
    BUFGCTRL_X0Y16       BUFG (Prop_bufg_I_O)         0.026    -1.231 r  u_mmcm/inst/clkout1_buf/O
                         net (fo=332, routed)         0.635    -0.596    u_matrix/clk_out1
    SLICE_X110Y91        FDCE                                         r  u_matrix/out_reg_reg[0][6]/C
  -------------------------------------------------------------------    -------------------
    SLICE_X110Y91        FDCE (Prop_fdce_C_Q)         0.128    -0.468 r  u_matrix/out_reg_reg[0][6]/Q
                         net (fo=1, routed)           0.147    -0.322    u_rx_ja/shift_reg_reg[23]_1[5]
    SLICE_X111Y90        LUT6 (Prop_lut6_I2_O)        0.098    -0.224 r  u_rx_ja/shift_reg[6]_i_1__0/O
                         net (fo=1, routed)           0.000    -0.224    u_tx_ja/shift_reg_reg[23]_0[6]
    SLICE_X111Y90        FDCE                                         r  u_tx_ja/shift_reg_reg[6]/D
  -------------------------------------------------------------------    -------------------

                         (clock clk_out1_clk_wiz_audio rise edge)
                                                      0.000     0.000 r  <hidden>
    H16                                               0.000     0.000 r  sysclk
                         net (fo=0)                   0.000     0.000    u_mmcm/inst/clk_in1
    H16                  IBUF (Prop_ibuf_I_O)         0.406     0.406 r  u_mmcm/inst/clkin1_ibufg/O
                         net (fo=1, routed)           0.480     0.886    u_mmcm/inst/clk_in1_clk_wiz_audio
    MMCME2_ADV_X1Y2      MMCME2_ADV (Prop_mmcme2_adv_CLKIN1_CLKOUT0)
                                                     -3.407    -2.521 r  u_mmcm/inst/mmcm_adv_inst/CLKOUT0
                         net (fo=1, routed)           0.752    -1.769    u_mmcm/inst/clk_out1_clk_wiz_audio
    BUFGCTRL_X0Y16       BUFG (Prop_bufg_I_O)         0.029    -1.740 r  u_mmcm/inst/clkout1_buf/O
                         net (fo=332, routed)         0.907    -0.833    u_tx_ja/clk_out1
    SLICE_X111Y90        FDCE                                         r  u_tx_ja/shift_reg_reg[6]/C
                         clock pessimism              0.252    -0.580    <hidden>
    SLICE_X111Y90        FDCE (Hold_fdce_C_D)         0.092    -0.488    u_tx_ja/shift_reg_reg[6]
  -------------------------------------------------------------------
                         required time                          0.488    <hidden>
                         arrival time                          -0.224    <hidden>
  -------------------------------------------------------------------
                         slack                                  0.265    <hidden>

Slack (MET) :             0.267ns  (arrival time - required time)
  Source:                 u_rx_ja/shift_reg_reg[4]/C
                            (rising edge-triggered cell FDCE clocked by clk_out1_clk_wiz_audio  {rise@0.000ns fall@40.690ns period=81.380ns})
  Destination:            u_rx_ja/left_data_reg[4]/D
                            (rising edge-triggered cell FDCE clocked by clk_out1_clk_wiz_audio  {rise@0.000ns fall@40.690ns period=81.380ns})
  Path Group:             clk_out1_clk_wiz_audio
  Path Type:              Hold (Min at Fast Process Corner)
  Requirement:            0.000ns  (clk_out1_clk_wiz_audio rise@0.000ns - clk_out1_clk_wiz_audio rise@0.000ns)
  Data Path Delay:        0.299ns  (logic 0.128ns (42.822%)  route 0.171ns (57.178%))
  Logic Levels:           0  
  Clock Path Skew:        0.016ns (DCD - SCD - CPR)
    Destination Clock Delay (DCD):    -0.834ns
    Source Clock Delay      (SCD):    -0.597ns
    Clock Pessimism Removal (CPR):    -0.252ns

    Location             Delay type                Incr(ns)  Path(ns)    Netlist Resource(s)
  -------------------------------------------------------------------    -------------------
                         (clock clk_out1_clk_wiz_audio rise edge)
                                                      0.000     0.000 r  <hidden>
    H16                                               0.000     0.000 r  sysclk
                         net (fo=0)                   0.000     0.000    u_mmcm/inst/clk_in1
    H16                  IBUF (Prop_ibuf_I_O)         0.219     0.219 r  u_mmcm/inst/clkin1_ibufg/O
                         net (fo=1, routed)           0.440     0.659    u_mmcm/inst/clk_in1_clk_wiz_audio
    MMCME2_ADV_X1Y2      MMCME2_ADV (Prop_mmcme2_adv_CLKIN1_CLKOUT0)
                                                     -2.613    -1.954 r  u_mmcm/inst/mmcm_adv_inst/CLKOUT0
                         net (fo=1, routed)           0.696    -1.257    u_mmcm/inst/clk_out1_clk_wiz_audio
    BUFGCTRL_X0Y16       BUFG (Prop_bufg_I_O)         0.026    -1.231 r  u_mmcm/inst/clkout1_buf/O
                         net (fo=332, routed)         0.634    -0.597    u_rx_ja/clk_out1
    SLICE_X113Y89        FDCE                                         r  u_rx_ja/shift_reg_reg[4]/C
  -------------------------------------------------------------------    -------------------
    SLICE_X113Y89        FDCE (Prop_fdce_C_Q)         0.128    -0.469 r  u_rx_ja/shift_reg_reg[4]/Q
                         net (fo=3, routed)           0.171    -0.299    u_rx_ja/shift_reg_reg_n_0_[4]
    SLICE_X111Y89        FDCE                                         r  u_rx_ja/left_data_reg[4]/D
  -------------------------------------------------------------------    -------------------

                         (clock clk_out1_clk_wiz_audio rise edge)
                                                      0.000     0.000 r  <hidden>
    H16                                               0.000     0.000 r  sysclk
                         net (fo=0)                   0.000     0.000    u_mmcm/inst/clk_in1
    H16                  IBUF (Prop_ibuf_I_O)         0.406     0.406 r  u_mmcm/inst/clkin1_ibufg/O
                         net (fo=1, routed)           0.480     0.886    u_mmcm/inst/clk_in1_clk_wiz_audio
    MMCME2_ADV_X1Y2      MMCME2_ADV (Prop_mmcme2_adv_CLKIN1_CLKOUT0)
                                                     -3.407    -2.521 r  u_mmcm/inst/mmcm_adv_inst/CLKOUT0
                         net (fo=1, routed)           0.752    -1.769    u_mmcm/inst/clk_out1_clk_wiz_audio
    BUFGCTRL_X0Y16       BUFG (Prop_bufg_I_O)         0.029    -1.740 r  u_mmcm/inst/clkout1_buf/O
                         net (fo=332, routed)         0.906    -0.834    u_rx_ja/clk_out1
    SLICE_X111Y89        FDCE                                         r  u_rx_ja/left_data_reg[4]/C
                         clock pessimism              0.252    -0.581    <hidden>
    SLICE_X111Y89        FDCE (Hold_fdce_C_D)         0.016    -0.565    u_rx_ja/left_data_reg[4]
  -------------------------------------------------------------------
                         required time                          0.565    <hidden>
                         arrival time                          -0.299    <hidden>
  -------------------------------------------------------------------
                         slack                                  0.267    <hidden>

Slack (MET) :             0.268ns  (arrival time - required time)
  Source:                 u_div/cnt_reg[1]/C
                            (rising edge-triggered cell FDCE clocked by clk_out1_clk_wiz_audio  {rise@0.000ns fall@40.690ns period=81.380ns})
  Destination:            u_div/cnt_reg[2]/D
                            (rising edge-triggered cell FDCE clocked by clk_out1_clk_wiz_audio  {rise@0.000ns fall@40.690ns period=81.380ns})
  Path Group:             clk_out1_clk_wiz_audio
  Path Type:              Hold (Min at Fast Process Corner)
  Requirement:            0.000ns  (clk_out1_clk_wiz_audio rise@0.000ns - clk_out1_clk_wiz_audio rise@0.000ns)
  Data Path Delay:        0.399ns  (logic 0.207ns (51.901%)  route 0.192ns (48.099%))
  Logic Levels:           1  (LUT3=1)
  Clock Path Skew:        0.000ns (DCD - SCD - CPR)
    Destination Clock Delay (DCD):    -0.842ns
    Source Clock Delay      (SCD):    -0.603ns
    Clock Pessimism Removal (CPR):    -0.238ns

    Location             Delay type                Incr(ns)  Path(ns)    Netlist Resource(s)
  -------------------------------------------------------------------    -------------------
                         (clock clk_out1_clk_wiz_audio rise edge)
                                                      0.000     0.000 r  <hidden>
    H16                                               0.000     0.000 r  sysclk
                         net (fo=0)                   0.000     0.000    u_mmcm/inst/clk_in1
    H16                  IBUF (Prop_ibuf_I_O)         0.219     0.219 r  u_mmcm/inst/clkin1_ibufg/O
                         net (fo=1, routed)           0.440     0.659    u_mmcm/inst/clk_in1_clk_wiz_audio
    MMCME2_ADV_X1Y2      MMCME2_ADV (Prop_mmcme2_adv_CLKIN1_CLKOUT0)
                                                     -2.613    -1.954 r  u_mmcm/inst/mmcm_adv_inst/CLKOUT0
                         net (fo=1, routed)           0.696    -1.257    u_mmcm/inst/clk_out1_clk_wiz_audio
    BUFGCTRL_X0Y16       BUFG (Prop_bufg_I_O)         0.026    -1.231 r  u_mmcm/inst/clkout1_buf/O
                         net (fo=332, routed)         0.628    -0.603    u_div/clk_out1
    SLICE_X112Y80        FDCE                                         r  u_div/cnt_reg[1]/C
  -------------------------------------------------------------------    -------------------
    SLICE_X112Y80        FDCE (Prop_fdce_C_Q)         0.164    -0.439 r  u_div/cnt_reg[1]/Q
                         net (fo=11, routed)          0.192    -0.248    u_div/out[0]
    SLICE_X112Y80        LUT3 (Prop_lut3_I1_O)        0.043    -0.205 r  u_div/cnt[2]_i_1/O
                         net (fo=1, routed)           0.000    -0.205    u_div/p_0_in[2]
    SLICE_X112Y80        FDCE                                         r  u_div/cnt_reg[2]/D
  -------------------------------------------------------------------    -------------------

                         (clock clk_out1_clk_wiz_audio rise edge)
                                                      0.000     0.000 r  <hidden>
    H16                                               0.000     0.000 r  sysclk
                         net (fo=0)                   0.000     0.000    u_mmcm/inst/clk_in1
    H16                  IBUF (Prop_ibuf_I_O)         0.406     0.406 r  u_mmcm/inst/clkin1_ibufg/O
                         net (fo=1, routed)           0.480     0.886    u_mmcm/inst/clk_in1_clk_wiz_audio
    MMCME2_ADV_X1Y2      MMCME2_ADV (Prop_mmcme2_adv_CLKIN1_CLKOUT0)
                                                     -3.407    -2.521 r  u_mmcm/inst/mmcm_adv_inst/CLKOUT0
                         net (fo=1, routed)           0.752    -1.769    u_mmcm/inst/clk_out1_clk_wiz_audio
    BUFGCTRL_X0Y16       BUFG (Prop_bufg_I_O)         0.029    -1.740 r  u_mmcm/inst/clkout1_buf/O
                         net (fo=332, routed)         0.898    -0.842    u_div/clk_out1
    SLICE_X112Y80        FDCE                                         r  u_div/cnt_reg[2]/C
                         clock pessimism              0.238    -0.603    <hidden>
    SLICE_X112Y80        FDCE (Hold_fdce_C_D)         0.131    -0.472    u_div/cnt_reg[2]
  -------------------------------------------------------------------
                         required time                          0.472    <hidden>
                         arrival time                          -0.205    <hidden>
  -------------------------------------------------------------------
                         slack                                  0.268    <hidden>

Slack (MET) :             0.271ns  (arrival time - required time)
  Source:                 u_rx_jb/left_data_reg[1]/C
                            (rising edge-triggered cell FDCE clocked by clk_out1_clk_wiz_audio  {rise@0.000ns fall@40.690ns period=81.380ns})
  Destination:            u_matrix/out_reg_reg[2][1]/D
                            (rising edge-triggered cell FDCE clocked by clk_out1_clk_wiz_audio  {rise@0.000ns fall@40.690ns period=81.380ns})
  Path Group:             clk_out1_clk_wiz_audio
  Path Type:              Hold (Min at Fast Process Corner)
  Requirement:            0.000ns  (clk_out1_clk_wiz_audio rise@0.000ns - clk_out1_clk_wiz_audio rise@0.000ns)
  Data Path Delay:        0.376ns  (logic 0.186ns (49.436%)  route 0.190ns (50.564%))
  Logic Levels:           1  (LUT3=1)
  Clock Path Skew:        0.014ns (DCD - SCD - CPR)
    Destination Clock Delay (DCD):    -0.841ns
    Source Clock Delay      (SCD):    -0.600ns
    Clock Pessimism Removal (CPR):    -0.254ns

    Location             Delay type                Incr(ns)  Path(ns)    Netlist Resource(s)
  -------------------------------------------------------------------    -------------------
                         (clock clk_out1_clk_wiz_audio rise edge)
                                                      0.000     0.000 r  <hidden>
    H16                                               0.000     0.000 r  sysclk
                         net (fo=0)                   0.000     0.000    u_mmcm/inst/clk_in1
    H16                  IBUF (Prop_ibuf_I_O)         0.219     0.219 r  u_mmcm/inst/clkin1_ibufg/O
                         net (fo=1, routed)           0.440     0.659    u_mmcm/inst/clk_in1_clk_wiz_audio
    MMCME2_ADV_X1Y2      MMCME2_ADV (Prop_mmcme2_adv_CLKIN1_CLKOUT0)
                                                     -2.613    -1.954 r  u_mmcm/inst/mmcm_adv_inst/CLKOUT0
                         net (fo=1, routed)           0.696    -1.257    u_mmcm/inst/clk_out1_clk_wiz_audio
    BUFGCTRL_X0Y16       BUFG (Prop_bufg_I_O)         0.026    -1.231 r  u_mmcm/inst/clkout1_buf/O
                         net (fo=332, routed)         0.631    -0.600    u_rx_jb/clk_out1
    SLICE_X109Y84        FDCE                                         r  u_rx_jb/left_data_reg[1]/C
  -------------------------------------------------------------------    -------------------
    SLICE_X109Y84        FDCE (Prop_fdce_C_Q)         0.141    -0.459 r  u_rx_jb/left_data_reg[1]/Q
                         net (fo=1, routed)           0.190    -0.269    u_matrix/out_reg_reg[2][23]_1[1]
    SLICE_X106Y84        LUT3 (Prop_lut3_I2_O)        0.045    -0.224 r  u_matrix/out_reg[2][1]_i_1/O
                         net (fo=1, routed)           0.000    -0.224    u_matrix/out_reg[2][1]_i_1_n_0
    SLICE_X106Y84        FDCE                                         r  u_matrix/out_reg_reg[2][1]/D
  -------------------------------------------------------------------    -------------------

                         (clock clk_out1_clk_wiz_audio rise edge)
                                                      0.000     0.000 r  <hidden>
    H16                                               0.000     0.000 r  sysclk
                         net (fo=0)                   0.000     0.000    u_mmcm/inst/clk_in1
    H16                  IBUF (Prop_ibuf_I_O)         0.406     0.406 r  u_mmcm/inst/clkin1_ibufg/O
                         net (fo=1, routed)           0.480     0.886    u_mmcm/inst/clk_in1_clk_wiz_audio
    MMCME2_ADV_X1Y2      MMCME2_ADV (Prop_mmcme2_adv_CLKIN1_CLKOUT0)
                                                     -3.407    -2.521 r  u_mmcm/inst/mmcm_adv_inst/CLKOUT0
                         net (fo=1, routed)           0.752    -1.769    u_mmcm/inst/clk_out1_clk_wiz_audio
    BUFGCTRL_X0Y16       BUFG (Prop_bufg_I_O)         0.029    -1.740 r  u_mmcm/inst/clkout1_buf/O
                         net (fo=332, routed)         0.899    -0.841    u_matrix/clk_out1
    SLICE_X106Y84        FDCE                                         r  u_matrix/out_reg_reg[2][1]/C
                         clock pessimism              0.254    -0.586    <hidden>
    SLICE_X106Y84        FDCE (Hold_fdce_C_D)         0.091    -0.495    u_matrix/out_reg_reg[2][1]
  -------------------------------------------------------------------
                         required time                          0.495    <hidden>
                         arrival time                          -0.224    <hidden>
  -------------------------------------------------------------------
                         slack                                  0.271    <hidden>

Slack (MET) :             0.274ns  (arrival time - required time)
  Source:                 u_rx_ja/bit_counter_reg[0]/C
                            (rising edge-triggered cell FDCE clocked by clk_out1_clk_wiz_audio  {rise@0.000ns fall@40.690ns period=81.380ns})
  Destination:            u_rx_ja/bit_counter_reg[2]/D
                            (rising edge-triggered cell FDCE clocked by clk_out1_clk_wiz_audio  {rise@0.000ns fall@40.690ns period=81.380ns})
  Path Group:             clk_out1_clk_wiz_audio
  Path Type:              Hold (Min at Fast Process Corner)
  Requirement:            0.000ns  (clk_out1_clk_wiz_audio rise@0.000ns - clk_out1_clk_wiz_audio rise@0.000ns)
  Data Path Delay:        0.395ns  (logic 0.209ns (52.866%)  route 0.186ns (47.134%))
  Logic Levels:           1  (LUT4=1)
  Clock Path Skew:        0.000ns (DCD - SCD - CPR)
    Destination Clock Delay (DCD):    -0.834ns
    Source Clock Delay      (SCD):    -0.597ns
    Clock Pessimism Removal (CPR):    -0.236ns

    Location             Delay type                Incr(ns)  Path(ns)    Netlist Resource(s)
  -------------------------------------------------------------------    -------------------
                         (clock clk_out1_clk_wiz_audio rise edge)
                                                      0.000     0.000 r  <hidden>
    H16                                               0.000     0.000 r  sysclk
                         net (fo=0)                   0.000     0.000    u_mmcm/inst/clk_in1
    H16                  IBUF (Prop_ibuf_I_O)         0.219     0.219 r  u_mmcm/inst/clkin1_ibufg/O
                         net (fo=1, routed)           0.440     0.659    u_mmcm/inst/clk_in1_clk_wiz_audio
    MMCME2_ADV_X1Y2      MMCME2_ADV (Prop_mmcme2_adv_CLKIN1_CLKOUT0)
                                                     -2.613    -1.954 r  u_mmcm/inst/mmcm_adv_inst/CLKOUT0
                         net (fo=1, routed)           0.696    -1.257    u_mmcm/inst/clk_out1_clk_wiz_audio
    BUFGCTRL_X0Y16       BUFG (Prop_bufg_I_O)         0.026    -1.231 r  u_mmcm/inst/clkout1_buf/O
                         net (fo=332, routed)         0.634    -0.597    u_rx_ja/clk_out1
    SLICE_X112Y88        FDCE                                         r  u_rx_ja/bit_counter_reg[0]/C
  -------------------------------------------------------------------    -------------------
    SLICE_X112Y88        FDCE (Prop_fdce_C_Q)         0.164    -0.433 r  u_rx_ja/bit_counter_reg[0]/Q
                         net (fo=6, routed)           0.186    -0.247    u_rx_ja/bit_counter_reg_n_0_[0]
    SLICE_X112Y88        LUT4 (Prop_lut4_I0_O)        0.045    -0.202 r  u_rx_ja/bit_counter[2]_i_1/O
                         net (fo=1, routed)           0.000    -0.202    u_rx_ja/bit_counter[2]_i_1_n_0
    SLICE_X112Y88        FDCE                                         r  u_rx_ja/bit_counter_reg[2]/D
  -------------------------------------------------------------------    -------------------

                         (clock clk_out1_clk_wiz_audio rise edge)
                                                      0.000     0.000 r  <hidden>
    H16                                               0.000     0.000 r  sysclk
                         net (fo=0)                   0.000     0.000    u_mmcm/inst/clk_in1
    H16                  IBUF (Prop_ibuf_I_O)         0.406     0.406 r  u_mmcm/inst/clkin1_ibufg/O
                         net (fo=1, routed)           0.480     0.886    u_mmcm/inst/clk_in1_clk_wiz_audio
    MMCME2_ADV_X1Y2      MMCME2_ADV (Prop_mmcme2_adv_CLKIN1_CLKOUT0)
                                                     -3.407    -2.521 r  u_mmcm/inst/mmcm_adv_inst/CLKOUT0
                         net (fo=1, routed)           0.752    -1.769    u_mmcm/inst/clk_out1_clk_wiz_audio
    BUFGCTRL_X0Y16       BUFG (Prop_bufg_I_O)         0.029    -1.740 r  u_mmcm/inst/clkout1_buf/O
                         net (fo=332, routed)         0.906    -0.834    u_rx_ja/clk_out1
    SLICE_X112Y88        FDCE                                         r  u_rx_ja/bit_counter_reg[2]/C
                         clock pessimism              0.236    -0.597    <hidden>
    SLICE_X112Y88        FDCE (Hold_fdce_C_D)         0.121    -0.476    u_rx_ja/bit_counter_reg[2]
  -------------------------------------------------------------------
                         required time                          0.476    <hidden>
                         arrival time                          -0.202    <hidden>
  -------------------------------------------------------------------
                         slack                                  0.274    <hidden>

Slack (MET) :             0.275ns  (arrival time - required time)
  Source:                 u_rx_ja/right_data_reg[4]/C
                            (rising edge-triggered cell FDCE clocked by clk_out1_clk_wiz_audio  {rise@0.000ns fall@40.690ns period=81.380ns})
  Destination:            u_matrix/out_reg_reg[1][4]/D
                            (rising edge-triggered cell FDCE clocked by clk_out1_clk_wiz_audio  {rise@0.000ns fall@40.690ns period=81.380ns})
  Path Group:             clk_out1_clk_wiz_audio
  Path Type:              Hold (Min at Fast Process Corner)
  Requirement:            0.000ns  (clk_out1_clk_wiz_audio rise@0.000ns - clk_out1_clk_wiz_audio rise@0.000ns)
  Data Path Delay:        0.398ns  (logic 0.209ns (52.572%)  route 0.189ns (47.428%))
  Logic Levels:           1  (LUT3=1)
  Clock Path Skew:        0.016ns (DCD - SCD - CPR)
    Destination Clock Delay (DCD):    -0.834ns
    Source Clock Delay      (SCD):    -0.597ns
    Clock Pessimism Removal (CPR):    -0.252ns

    Location             Delay type                Incr(ns)  Path(ns)    Netlist Resource(s)
  -------------------------------------------------------------------    -------------------
                         (clock clk_out1_clk_wiz_audio rise edge)
                                                      0.000     0.000 r  <hidden>
    H16                                               0.000     0.000 r  sysclk
                         net (fo=0)                   0.000     0.000    u_mmcm/inst/clk_in1
    H16                  IBUF (Prop_ibuf_I_O)         0.219     0.219 r  u_mmcm/inst/clkin1_ibufg/O
                         net (fo=1, routed)           0.440     0.659    u_mmcm/inst/clk_in1_clk_wiz_audio
    MMCME2_ADV_X1Y2      MMCME2_ADV (Prop_mmcme2_adv_CLKIN1_CLKOUT0)
                                                     -2.613    -1.954 r  u_mmcm/inst/mmcm_adv_inst/CLKOUT0
                         net (fo=1, routed)           0.696    -1.257    u_mmcm/inst/clk_out1_clk_wiz_audio
    BUFGCTRL_X0Y16       BUFG (Prop_bufg_I_O)         0.026    -1.231 r  u_mmcm/inst/clkout1_buf/O
                         net (fo=332, routed)         0.634    -0.597    u_rx_ja/clk_out1
    SLICE_X112Y89        FDCE                                         r  u_rx_ja/right_data_reg[4]/C
  -------------------------------------------------------------------    -------------------
    SLICE_X112Y89        FDCE (Prop_fdce_C_Q)         0.164    -0.433 r  u_rx_ja/right_data_reg[4]/Q
                         net (fo=1, routed)           0.189    -0.245    u_matrix/Q[4]
    SLICE_X110Y89        LUT3 (Prop_lut3_I2_O)        0.045    -0.200 r  u_matrix/out_reg[1][4]_i_1/O
                         net (fo=1, routed)           0.000    -0.200    u_matrix/out_reg[1][4]_i_1_n_0
    SLICE_X110Y89        FDCE                                         r  u_matrix/out_reg_reg[1][4]/D
  -------------------------------------------------------------------    -------------------

                         (clock clk_out1_clk_wiz_audio rise edge)
                                                      0.000     0.000 r  <hidden>
    H16                                               0.000     0.000 r  sysclk
                         net (fo=0)                   0.000     0.000    u_mmcm/inst/clk_in1
    H16                  IBUF (Prop_ibuf_I_O)         0.406     0.406 r  u_mmcm/inst/clkin1_ibufg/O
                         net (fo=1, routed)           0.480     0.886    u_mmcm/inst/clk_in1_clk_wiz_audio
    MMCME2_ADV_X1Y2      MMCME2_ADV (Prop_mmcme2_adv_CLKIN1_CLKOUT0)
                                                     -3.407    -2.521 r  u_mmcm/inst/mmcm_adv_inst/CLKOUT0
                         net (fo=1, routed)           0.752    -1.769    u_mmcm/inst/clk_out1_clk_wiz_audio
    BUFGCTRL_X0Y16       BUFG (Prop_bufg_I_O)         0.029    -1.740 r  u_mmcm/inst/clkout1_buf/O
                         net (fo=332, routed)         0.906    -0.834    u_matrix/clk_out1
    SLICE_X110Y89        FDCE                                         r  u_matrix/out_reg_reg[1][4]/C
                         clock pessimism              0.252    -0.581    <hidden>
    SLICE_X110Y89        FDCE (Hold_fdce_C_D)         0.107    -0.474    u_matrix/out_reg_reg[1][4]
  -------------------------------------------------------------------
                         required time                          0.474    <hidden>
                         arrival time                          -0.200    <hidden>
  -------------------------------------------------------------------
                         slack                                  0.275    <hidden>





Pulse Width Checks
--------------------------------------------------------------------------------------
Clock Name:         clk_out1_clk_wiz_audio
Waveform(ns):       { 0.000 40.690 }
Period(ns):         81.380
Sources:            { u_mmcm/inst/mmcm_adv_inst/CLKOUT0 }

Check Type        Corner  Lib Pin             Reference Pin  Required(ns)  Actual(ns)  Slack(ns)  Location         Pin
Min Period        n/a     BUFG/I              n/a            2.155         81.380      79.225     BUFGCTRL_X0Y16   u_mmcm/inst/clkout1_buf/I
Min Period        n/a     MMCME2_ADV/CLKOUT0  n/a            1.249         81.380      80.131     MMCME2_ADV_X1Y2  u_mmcm/inst/mmcm_adv_inst/CLKOUT0
Min Period        n/a     FDCE/C              n/a            1.000         81.380      80.380     SLICE_X112Y80    u_div/cnt_reg[0]/C
Min Period        n/a     FDCE/C              n/a            1.000         81.380      80.380     SLICE_X112Y80    u_div/cnt_reg[1]/C
Min Period        n/a     FDCE/C              n/a            1.000         81.380      80.380     SLICE_X112Y80    u_div/cnt_reg[2]/C
Min Period        n/a     FDCE/C              n/a            1.000         81.380      80.380     SLICE_X113Y80    u_div/cnt_reg[3]/C
Min Period        n/a     FDCE/C              n/a            1.000         81.380      80.380     SLICE_X113Y80    u_div/cnt_reg[4]/C
Min Period        n/a     FDCE/C              n/a            1.000         81.380      80.380     SLICE_X113Y80    u_div/cnt_reg[5]/C
Min Period        n/a     FDCE/C              n/a            1.000         81.380      80.380     SLICE_X113Y80    u_div/cnt_reg[6]/C
Min Period        n/a     FDCE/C              n/a            1.000         81.380      80.380     SLICE_X113Y80    u_div/cnt_reg[7]/C
Max Period        n/a     MMCME2_ADV/CLKOUT0  n/a            213.360       81.380      131.980    MMCME2_ADV_X1Y2  u_mmcm/inst/mmcm_adv_inst/CLKOUT0
Low Pulse Width   Slow    FDCE/C              n/a            0.500         40.690      40.190     SLICE_X112Y80    u_div/cnt_reg[0]/C
Low Pulse Width   Fast    FDCE/C              n/a            0.500         40.690      40.190     SLICE_X112Y80    u_div/cnt_reg[0]/C
Low Pulse Width   Slow    FDCE/C              n/a            0.500         40.690      40.190     SLICE_X112Y80    u_div/cnt_reg[1]/C
Low Pulse Width   Fast    FDCE/C              n/a            0.500         40.690      40.190     SLICE_X112Y80    u_div/cnt_reg[1]/C
Low Pulse Width   Slow    FDCE/C              n/a            0.500         40.690      40.190     SLICE_X112Y80    u_div/cnt_reg[2]/C
Low Pulse Width   Fast    FDCE/C              n/a            0.500         40.690      40.190     SLICE_X112Y80    u_div/cnt_reg[2]/C
Low Pulse Width   Slow    FDCE/C              n/a            0.500         40.690      40.190     SLICE_X113Y80    u_div/cnt_reg[3]/C
Low Pulse Width   Fast    FDCE/C              n/a            0.500         40.690      40.190     SLICE_X113Y80    u_div/cnt_reg[3]/C
Low Pulse Width   Slow    FDCE/C              n/a            0.500         40.690      40.190     SLICE_X113Y80    u_div/cnt_reg[4]/C
Low Pulse Width   Fast    FDCE/C              n/a            0.500         40.690      40.190     SLICE_X113Y80    u_div/cnt_reg[4]/C
High Pulse Width  Slow    FDCE/C              n/a            0.500         40.690      40.190     SLICE_X112Y80    u_div/cnt_reg[0]/C
High Pulse Width  Fast    FDCE/C              n/a            0.500         40.690      40.190     SLICE_X112Y80    u_div/cnt_reg[0]/C
High Pulse Width  Slow    FDCE/C              n/a            0.500         40.690      40.190     SLICE_X112Y80    u_div/cnt_reg[1]/C
High Pulse Width  Fast    FDCE/C              n/a            0.500         40.690      40.190     SLICE_X112Y80    u_div/cnt_reg[1]/C
High Pulse Width  Slow    FDCE/C              n/a            0.500         40.690      40.190     SLICE_X112Y80    u_div/cnt_reg[2]/C
High Pulse Width  Fast    FDCE/C              n/a            0.500         40.690      40.190     SLICE_X112Y80    u_div/cnt_reg[2]/C
High Pulse Width  Slow    FDCE/C              n/a            0.500         40.690      40.190     SLICE_X113Y80    u_div/cnt_reg[3]/C
High Pulse Width  Fast    FDCE/C              n/a            0.500         40.690      40.190     SLICE_X113Y80    u_div/cnt_reg[3]/C
High Pulse Width  Slow    FDCE/C              n/a            0.500         40.690      40.190     SLICE_X113Y80    u_div/cnt_reg[4]/C
High Pulse Width  Fast    FDCE/C              n/a            0.500         40.690      40.190     SLICE_X113Y80    u_div/cnt_reg[4]/C



---------------------------------------------------------------------------------------------------
From Clock:  clkfbout_clk_wiz_audio
  To Clock:  clkfbout_clk_wiz_audio

Setup :           NA  Failing Endpoints,  Worst Slack           NA  ,  Total Violation           NA
Hold  :           NA  Failing Endpoints,  Worst Slack           NA  ,  Total Violation           NA
PW    :            0  Failing Endpoints,  Worst Slack       44.000ns,  Total Violation        0.000ns
---------------------------------------------------------------------------------------------------


Pulse Width Checks
--------------------------------------------------------------------------------------
Clock Name:         clkfbout_clk_wiz_audio
Waveform(ns):       { 0.000 28.000 }
Period(ns):         56.000
Sources:            { u_mmcm/inst/mmcm_adv_inst/CLKFBOUT }

Check Type  Corner  Lib Pin              Reference Pin  Required(ns)  Actual(ns)  Slack(ns)  Location         Pin
Min Period  n/a     BUFG/I               n/a            2.155         56.000      53.845     BUFGCTRL_X0Y17   u_mmcm/inst/clkf_buf/I
Min Period  n/a     MMCME2_ADV/CLKFBOUT  n/a            1.249         56.000      54.751     MMCME2_ADV_X1Y2  u_mmcm/inst/mmcm_adv_inst/CLKFBOUT
Min Period  n/a     MMCME2_ADV/CLKFBIN   n/a            1.249         56.000      54.751     MMCME2_ADV_X1Y2  u_mmcm/inst/mmcm_adv_inst/CLKFBIN
Max Period  n/a     MMCME2_ADV/CLKFBIN   n/a            100.000       56.000      44.000     MMCME2_ADV_X1Y2  u_mmcm/inst/mmcm_adv_inst/CLKFBIN
Max Period  n/a     MMCME2_ADV/CLKFBOUT  n/a            213.360       56.000      157.360    MMCME2_ADV_X1Y2  u_mmcm/inst/mmcm_adv_inst/CLKFBOUT



---------------------------------------------------------------------------------------------------
From Clock:  clk_out1_clk_wiz_audio
  To Clock:  clk_out1_clk_wiz_audio_1

Setup :            0  Failing Endpoints,  Worst Slack       75.028ns,  Total Violation        0.000ns
Hold  :            0  Failing Endpoints,  Worst Slack        0.007ns,  Total Violation        0.000ns
---------------------------------------------------------------------------------------------------


Max Delay Paths
--------------------------------------------------------------------------------------
Slack (MET) :             75.028ns  (required time - arrival time)
  Source:                 u_rx_ja/lrck_prev_reg/C
                            (rising edge-triggered cell FDCE clocked by clk_out1_clk_wiz_audio  {rise@0.000ns fall@40.690ns period=81.380ns})
  Destination:            u_rx_ja/right_data_reg[14]/CE
                            (rising edge-triggered cell FDCE clocked by clk_out1_clk_wiz_audio_1  {rise@0.000ns fall@40.690ns period=81.380ns})
  Path Group:             clk_out1_clk_wiz_audio_1
  Path Type:              Setup (Max at Slow Process Corner)
  Requirement:            81.380ns  (clk_out1_clk_wiz_audio_1 rise@81.380ns - clk_out1_clk_wiz_audio rise@0.000ns)
  Data Path Delay:        5.675ns  (logic 0.795ns (14.009%)  route 4.880ns (85.991%))
  Logic Levels:           2  (LUT2=2)
  Clock Path Skew:        -0.062ns (DCD - SCD + CPR)
    Destination Clock Delay (DCD):    -1.562ns = ( 79.818 - 81.380 ) 
    Source Clock Delay      (SCD):    -0.933ns
    Clock Pessimism Removal (CPR):    0.567ns
  Clock Uncertainty:      0.240ns  ((TSJ^2 + DJ^2)^1/2) / 2 + PE
    Total System Jitter     (TSJ):    0.071ns
    Discrete Jitter          (DJ):    0.474ns
    Phase Error              (PE):    0.000ns
  Clock Domain Crossing:  Inter clock paths are considered valid unless explicitly excluded by timing constraints such as set_clock_groups or set_false_path.

    Location             Delay type                Incr(ns)  Path(ns)    Netlist Resource(s)
  -------------------------------------------------------------------    -------------------
                         (clock clk_out1_clk_wiz_audio rise edge)
                                                      0.000     0.000 r  <hidden>
    H16                                               0.000     0.000 r  sysclk
                         net (fo=0)                   0.000     0.000    u_mmcm/inst/clk_in1
    H16                  IBUF (Prop_ibuf_I_O)         1.451     1.451 r  u_mmcm/inst/clkin1_ibufg/O
                         net (fo=1, routed)           1.285     2.736    u_mmcm/inst/clk_in1_clk_wiz_audio
    MMCME2_ADV_X1Y2      MMCME2_ADV (Prop_mmcme2_adv_CLKIN1_CLKOUT0)
                                                     -7.759    -5.023 r  u_mmcm/inst/mmcm_adv_inst/CLKOUT0
                         net (fo=1, routed)           2.206    -2.817    u_mmcm/inst/clk_out1_clk_wiz_audio
    BUFGCTRL_X0Y16       BUFG (Prop_bufg_I_O)         0.101    -2.716 r  u_mmcm/inst/clkout1_buf/O
                         net (fo=332, routed)         1.783    -0.933    u_rx_ja/clk_out1
    SLICE_X102Y90        FDCE                                         r  u_rx_ja/lrck_prev_reg/C
  -------------------------------------------------------------------    -------------------
    SLICE_X102Y90        FDCE (Prop_fdce_C_Q)         0.518    -0.415 r  u_rx_ja/lrck_prev_reg/Q
                         net (fo=49, routed)          1.948     1.533    u_rx_ja/lrck_prev
    SLICE_X106Y86        LUT2 (Prop_lut2_I0_O)        0.124     1.657 r  u_rx_ja/bit_counter[4]_i_3/O
                         net (fo=126, routed)         0.889     2.546    u_rx_ja/lrck_changed
    SLICE_X112Y86        LUT2 (Prop_lut2_I0_O)        0.153     2.699 r  u_rx_ja/sample_valid_i_1/O
                         net (fo=49, routed)          2.043     4.742    u_rx_ja/channel_prev_reg_0[0]
    SLICE_X104Y89        FDCE                                         r  u_rx_ja/right_data_reg[14]/CE
  -------------------------------------------------------------------    -------------------

                         (clock clk_out1_clk_wiz_audio_1 rise edge)
                                                     81.380    81.380 r  <hidden>
    H16                                               0.000    81.380 r  sysclk
                         net (fo=0)                   0.000    81.380    u_mmcm/inst/clk_in1
    H16                  IBUF (Prop_ibuf_I_O)         1.380    82.760 r  u_mmcm/inst/clkin1_ibufg/O
                         net (fo=1, routed)           1.162    83.922    u_mmcm/inst/clk_in1_clk_wiz_audio
    MMCME2_ADV_X1Y2      MMCME2_ADV (Prop_mmcme2_adv_CLKIN1_CLKOUT0)
                                                     -7.814    76.108 r  u_mmcm/inst/mmcm_adv_inst/CLKOUT0
                         net (fo=1, routed)           2.012    78.120    u_mmcm/inst/clk_out1_clk_wiz_audio
    BUFGCTRL_X0Y16       BUFG (Prop_bufg_I_O)         0.091    78.211 r  u_mmcm/inst/clkout1_buf/O
                         net (fo=332, routed)         1.607    79.818    u_rx_ja/clk_out1
    SLICE_X104Y89        FDCE                                         r  u_rx_ja/right_data_reg[14]/C
                         clock pessimism              0.567    80.385    <hidden>
                         clock uncertainty           -0.240    80.145    <hidden>
    SLICE_X104Y89        FDCE (Setup_fdce_C_CE)      -0.376    79.769    u_rx_ja/right_data_reg[14]
  -------------------------------------------------------------------
                         required time                         79.769    <hidden>
                         arrival time                          -4.742    <hidden>
  -------------------------------------------------------------------
                         slack                                 75.028    <hidden>

Slack (MET) :             75.028ns  (required time - arrival time)
  Source:                 u_rx_ja/lrck_prev_reg/C
                            (rising edge-triggered cell FDCE clocked by clk_out1_clk_wiz_audio  {rise@0.000ns fall@40.690ns period=81.380ns})
  Destination:            u_rx_ja/right_data_reg[17]/CE
                            (rising edge-triggered cell FDCE clocked by clk_out1_clk_wiz_audio_1  {rise@0.000ns fall@40.690ns period=81.380ns})
  Path Group:             clk_out1_clk_wiz_audio_1
  Path Type:              Setup (Max at Slow Process Corner)
  Requirement:            81.380ns  (clk_out1_clk_wiz_audio_1 rise@81.380ns - clk_out1_clk_wiz_audio rise@0.000ns)
  Data Path Delay:        5.675ns  (logic 0.795ns (14.009%)  route 4.880ns (85.991%))
  Logic Levels:           2  (LUT2=2)
  Clock Path Skew:        -0.062ns (DCD - SCD + CPR)
    Destination Clock Delay (DCD):    -1.562ns = ( 79.818 - 81.380 ) 
    Source Clock Delay      (SCD):    -0.933ns
    Clock Pessimism Removal (CPR):    0.567ns
  Clock Uncertainty:      0.240ns  ((TSJ^2 + DJ^2)^1/2) / 2 + PE
    Total System Jitter     (TSJ):    0.071ns
    Discrete Jitter          (DJ):    0.474ns
    Phase Error              (PE):    0.000ns
  Clock Domain Crossing:  Inter clock paths are considered valid unless explicitly excluded by timing constraints such as set_clock_groups or set_false_path.

    Location             Delay type                Incr(ns)  Path(ns)    Netlist Resource(s)
  -------------------------------------------------------------------    -------------------
                         (clock clk_out1_clk_wiz_audio rise edge)
                                                      0.000     0.000 r  <hidden>
    H16                                               0.000     0.000 r  sysclk
                         net (fo=0)                   0.000     0.000    u_mmcm/inst/clk_in1
    H16                  IBUF (Prop_ibuf_I_O)         1.451     1.451 r  u_mmcm/inst/clkin1_ibufg/O
                         net (fo=1, routed)           1.285     2.736    u_mmcm/inst/clk_in1_clk_wiz_audio
    MMCME2_ADV_X1Y2      MMCME2_ADV (Prop_mmcme2_adv_CLKIN1_CLKOUT0)
                                                     -7.759    -5.023 r  u_mmcm/inst/mmcm_adv_inst/CLKOUT0
                         net (fo=1, routed)           2.206    -2.817    u_mmcm/inst/clk_out1_clk_wiz_audio
    BUFGCTRL_X0Y16       BUFG (Prop_bufg_I_O)         0.101    -2.716 r  u_mmcm/inst/clkout1_buf/O
                         net (fo=332, routed)         1.783    -0.933    u_rx_ja/clk_out1
    SLICE_X102Y90        FDCE                                         r  u_rx_ja/lrck_prev_reg/C
  -------------------------------------------------------------------    -------------------
    SLICE_X102Y90        FDCE (Prop_fdce_C_Q)         0.518    -0.415 r  u_rx_ja/lrck_prev_reg/Q
                         net (fo=49, routed)          1.948     1.533    u_rx_ja/lrck_prev
    SLICE_X106Y86        LUT2 (Prop_lut2_I0_O)        0.124     1.657 r  u_rx_ja/bit_counter[4]_i_3/O
                         net (fo=126, routed)         0.889     2.546    u_rx_ja/lrck_changed
    SLICE_X112Y86        LUT2 (Prop_lut2_I0_O)        0.153     2.699 r  u_rx_ja/sample_valid_i_1/O
                         net (fo=49, routed)          2.043     4.742    u_rx_ja/channel_prev_reg_0[0]
    SLICE_X104Y89        FDCE                                         r  u_rx_ja/right_data_reg[17]/CE
  -------------------------------------------------------------------    -------------------

                         (clock clk_out1_clk_wiz_audio_1 rise edge)
                                                     81.380    81.380 r  <hidden>
    H16                                               0.000    81.380 r  sysclk
                         net (fo=0)                   0.000    81.380    u_mmcm/inst/clk_in1
    H16                  IBUF (Prop_ibuf_I_O)         1.380    82.760 r  u_mmcm/inst/clkin1_ibufg/O
                         net (fo=1, routed)           1.162    83.922    u_mmcm/inst/clk_in1_clk_wiz_audio
    MMCME2_ADV_X1Y2      MMCME2_ADV (Prop_mmcme2_adv_CLKIN1_CLKOUT0)
                                                     -7.814    76.108 r  u_mmcm/inst/mmcm_adv_inst/CLKOUT0
                         net (fo=1, routed)           2.012    78.120    u_mmcm/inst/clk_out1_clk_wiz_audio
    BUFGCTRL_X0Y16       BUFG (Prop_bufg_I_O)         0.091    78.211 r  u_mmcm/inst/clkout1_buf/O
                         net (fo=332, routed)         1.607    79.818    u_rx_ja/clk_out1
    SLICE_X104Y89        FDCE                                         r  u_rx_ja/right_data_reg[17]/C
                         clock pessimism              0.567    80.385    <hidden>
                         clock uncertainty           -0.240    80.145    <hidden>
    SLICE_X104Y89        FDCE (Setup_fdce_C_CE)      -0.376    79.769    u_rx_ja/right_data_reg[17]
  -------------------------------------------------------------------
                         required time                         79.769    <hidden>
                         arrival time                          -4.742    <hidden>
  -------------------------------------------------------------------
                         slack                                 75.028    <hidden>

Slack (MET) :             75.028ns  (required time - arrival time)
  Source:                 u_rx_ja/lrck_prev_reg/C
                            (rising edge-triggered cell FDCE clocked by clk_out1_clk_wiz_audio  {rise@0.000ns fall@40.690ns period=81.380ns})
  Destination:            u_rx_ja/right_data_reg[18]/CE
                            (rising edge-triggered cell FDCE clocked by clk_out1_clk_wiz_audio_1  {rise@0.000ns fall@40.690ns period=81.380ns})
  Path Group:             clk_out1_clk_wiz_audio_1
  Path Type:              Setup (Max at Slow Process Corner)
  Requirement:            81.380ns  (clk_out1_clk_wiz_audio_1 rise@81.380ns - clk_out1_clk_wiz_audio rise@0.000ns)
  Data Path Delay:        5.675ns  (logic 0.795ns (14.009%)  route 4.880ns (85.991%))
  Logic Levels:           2  (LUT2=2)
  Clock Path Skew:        -0.062ns (DCD - SCD + CPR)
    Destination Clock Delay (DCD):    -1.562ns = ( 79.818 - 81.380 ) 
    Source Clock Delay      (SCD):    -0.933ns
    Clock Pessimism Removal (CPR):    0.567ns
  Clock Uncertainty:      0.240ns  ((TSJ^2 + DJ^2)^1/2) / 2 + PE
    Total System Jitter     (TSJ):    0.071ns
    Discrete Jitter          (DJ):    0.474ns
    Phase Error              (PE):    0.000ns
  Clock Domain Crossing:  Inter clock paths are considered valid unless explicitly excluded by timing constraints such as set_clock_groups or set_false_path.

    Location             Delay type                Incr(ns)  Path(ns)    Netlist Resource(s)
  -------------------------------------------------------------------    -------------------
                         (clock clk_out1_clk_wiz_audio rise edge)
                                                      0.000     0.000 r  <hidden>
    H16                                               0.000     0.000 r  sysclk
                         net (fo=0)                   0.000     0.000    u_mmcm/inst/clk_in1
    H16                  IBUF (Prop_ibuf_I_O)         1.451     1.451 r  u_mmcm/inst/clkin1_ibufg/O
                         net (fo=1, routed)           1.285     2.736    u_mmcm/inst/clk_in1_clk_wiz_audio
    MMCME2_ADV_X1Y2      MMCME2_ADV (Prop_mmcme2_adv_CLKIN1_CLKOUT0)
                                                     -7.759    -5.023 r  u_mmcm/inst/mmcm_adv_inst/CLKOUT0
                         net (fo=1, routed)           2.206    -2.817    u_mmcm/inst/clk_out1_clk_wiz_audio
    BUFGCTRL_X0Y16       BUFG (Prop_bufg_I_O)         0.101    -2.716 r  u_mmcm/inst/clkout1_buf/O
                         net (fo=332, routed)         1.783    -0.933    u_rx_ja/clk_out1
    SLICE_X102Y90        FDCE                                         r  u_rx_ja/lrck_prev_reg/C
  -------------------------------------------------------------------    -------------------
    SLICE_X102Y90        FDCE (Prop_fdce_C_Q)         0.518    -0.415 r  u_rx_ja/lrck_prev_reg/Q
                         net (fo=49, routed)          1.948     1.533    u_rx_ja/lrck_prev
    SLICE_X106Y86        LUT2 (Prop_lut2_I0_O)        0.124     1.657 r  u_rx_ja/bit_counter[4]_i_3/O
                         net (fo=126, routed)         0.889     2.546    u_rx_ja/lrck_changed
    SLICE_X112Y86        LUT2 (Prop_lut2_I0_O)        0.153     2.699 r  u_rx_ja/sample_valid_i_1/O
                         net (fo=49, routed)          2.043     4.742    u_rx_ja/channel_prev_reg_0[0]
    SLICE_X104Y89        FDCE                                         r  u_rx_ja/right_data_reg[18]/CE
  -------------------------------------------------------------------    -------------------

                         (clock clk_out1_clk_wiz_audio_1 rise edge)
                                                     81.380    81.380 r  <hidden>
    H16                                               0.000    81.380 r  sysclk
                         net (fo=0)                   0.000    81.380    u_mmcm/inst/clk_in1
    H16                  IBUF (Prop_ibuf_I_O)         1.380    82.760 r  u_mmcm/inst/clkin1_ibufg/O
                         net (fo=1, routed)           1.162    83.922    u_mmcm/inst/clk_in1_clk_wiz_audio
    MMCME2_ADV_X1Y2      MMCME2_ADV (Prop_mmcme2_adv_CLKIN1_CLKOUT0)
                                                     -7.814    76.108 r  u_mmcm/inst/mmcm_adv_inst/CLKOUT0
                         net (fo=1, routed)           2.012    78.120    u_mmcm/inst/clk_out1_clk_wiz_audio
    BUFGCTRL_X0Y16       BUFG (Prop_bufg_I_O)         0.091    78.211 r  u_mmcm/inst/clkout1_buf/O
                         net (fo=332, routed)         1.607    79.818    u_rx_ja/clk_out1
    SLICE_X104Y89        FDCE                                         r  u_rx_ja/right_data_reg[18]/C
                         clock pessimism              0.567    80.385    <hidden>
                         clock uncertainty           -0.240    80.145    <hidden>
    SLICE_X104Y89        FDCE (Setup_fdce_C_CE)      -0.376    79.769    u_rx_ja/right_data_reg[18]
  -------------------------------------------------------------------
                         required time                         79.769    <hidden>
                         arrival time                          -4.742    <hidden>
  -------------------------------------------------------------------
                         slack                                 75.028    <hidden>

Slack (MET) :             75.028ns  (required time - arrival time)
  Source:                 u_rx_ja/lrck_prev_reg/C
                            (rising edge-triggered cell FDCE clocked by clk_out1_clk_wiz_audio  {rise@0.000ns fall@40.690ns period=81.380ns})
  Destination:            u_rx_ja/right_data_reg[20]/CE
                            (rising edge-triggered cell FDCE clocked by clk_out1_clk_wiz_audio_1  {rise@0.000ns fall@40.690ns period=81.380ns})
  Path Group:             clk_out1_clk_wiz_audio_1
  Path Type:              Setup (Max at Slow Process Corner)
  Requirement:            81.380ns  (clk_out1_clk_wiz_audio_1 rise@81.380ns - clk_out1_clk_wiz_audio rise@0.000ns)
  Data Path Delay:        5.675ns  (logic 0.795ns (14.009%)  route 4.880ns (85.991%))
  Logic Levels:           2  (LUT2=2)
  Clock Path Skew:        -0.062ns (DCD - SCD + CPR)
    Destination Clock Delay (DCD):    -1.562ns = ( 79.818 - 81.380 ) 
    Source Clock Delay      (SCD):    -0.933ns
    Clock Pessimism Removal (CPR):    0.567ns
  Clock Uncertainty:      0.240ns  ((TSJ^2 + DJ^2)^1/2) / 2 + PE
    Total System Jitter     (TSJ):    0.071ns
    Discrete Jitter          (DJ):    0.474ns
    Phase Error              (PE):    0.000ns
  Clock Domain Crossing:  Inter clock paths are considered valid unless explicitly excluded by timing constraints such as set_clock_groups or set_false_path.

    Location             Delay type                Incr(ns)  Path(ns)    Netlist Resource(s)
  -------------------------------------------------------------------    -------------------
                         (clock clk_out1_clk_wiz_audio rise edge)
                                                      0.000     0.000 r  <hidden>
    H16                                               0.000     0.000 r  sysclk
                         net (fo=0)                   0.000     0.000    u_mmcm/inst/clk_in1
    H16                  IBUF (Prop_ibuf_I_O)         1.451     1.451 r  u_mmcm/inst/clkin1_ibufg/O
                         net (fo=1, routed)           1.285     2.736    u_mmcm/inst/clk_in1_clk_wiz_audio
    MMCME2_ADV_X1Y2      MMCME2_ADV (Prop_mmcme2_adv_CLKIN1_CLKOUT0)
                                                     -7.759    -5.023 r  u_mmcm/inst/mmcm_adv_inst/CLKOUT0
                         net (fo=1, routed)           2.206    -2.817    u_mmcm/inst/clk_out1_clk_wiz_audio
    BUFGCTRL_X0Y16       BUFG (Prop_bufg_I_O)         0.101    -2.716 r  u_mmcm/inst/clkout1_buf/O
                         net (fo=332, routed)         1.783    -0.933    u_rx_ja/clk_out1
    SLICE_X102Y90        FDCE                                         r  u_rx_ja/lrck_prev_reg/C
  -------------------------------------------------------------------    -------------------
    SLICE_X102Y90        FDCE (Prop_fdce_C_Q)         0.518    -0.415 r  u_rx_ja/lrck_prev_reg/Q
                         net (fo=49, routed)          1.948     1.533    u_rx_ja/lrck_prev
    SLICE_X106Y86        LUT2 (Prop_lut2_I0_O)        0.124     1.657 r  u_rx_ja/bit_counter[4]_i_3/O
                         net (fo=126, routed)         0.889     2.546    u_rx_ja/lrck_changed
    SLICE_X112Y86        LUT2 (Prop_lut2_I0_O)        0.153     2.699 r  u_rx_ja/sample_valid_i_1/O
                         net (fo=49, routed)          2.043     4.742    u_rx_ja/channel_prev_reg_0[0]
    SLICE_X104Y89        FDCE                                         r  u_rx_ja/right_data_reg[20]/CE
  -------------------------------------------------------------------    -------------------

                         (clock clk_out1_clk_wiz_audio_1 rise edge)
                                                     81.380    81.380 r  <hidden>
    H16                                               0.000    81.380 r  sysclk
                         net (fo=0)                   0.000    81.380    u_mmcm/inst/clk_in1
    H16                  IBUF (Prop_ibuf_I_O)         1.380    82.760 r  u_mmcm/inst/clkin1_ibufg/O
                         net (fo=1, routed)           1.162    83.922    u_mmcm/inst/clk_in1_clk_wiz_audio
    MMCME2_ADV_X1Y2      MMCME2_ADV (Prop_mmcme2_adv_CLKIN1_CLKOUT0)
                                                     -7.814    76.108 r  u_mmcm/inst/mmcm_adv_inst/CLKOUT0
                         net (fo=1, routed)           2.012    78.120    u_mmcm/inst/clk_out1_clk_wiz_audio
    BUFGCTRL_X0Y16       BUFG (Prop_bufg_I_O)         0.091    78.211 r  u_mmcm/inst/clkout1_buf/O
                         net (fo=332, routed)         1.607    79.818    u_rx_ja/clk_out1
    SLICE_X104Y89        FDCE                                         r  u_rx_ja/right_data_reg[20]/C
                         clock pessimism              0.567    80.385    <hidden>
                         clock uncertainty           -0.240    80.145    <hidden>
    SLICE_X104Y89        FDCE (Setup_fdce_C_CE)      -0.376    79.769    u_rx_ja/right_data_reg[20]
  -------------------------------------------------------------------
                         required time                         79.769    <hidden>
                         arrival time                          -4.742    <hidden>
  -------------------------------------------------------------------
                         slack                                 75.028    <hidden>

Slack (MET) :             75.340ns  (required time - arrival time)
  Source:                 u_rx_ja/lrck_prev_reg/C
                            (rising edge-triggered cell FDCE clocked by clk_out1_clk_wiz_audio  {rise@0.000ns fall@40.690ns period=81.380ns})
  Destination:            u_rx_ja/right_data_reg[11]/CE
                            (rising edge-triggered cell FDCE clocked by clk_out1_clk_wiz_audio_1  {rise@0.000ns fall@40.690ns period=81.380ns})
  Path Group:             clk_out1_clk_wiz_audio_1
  Path Type:              Setup (Max at Slow Process Corner)
  Requirement:            81.380ns  (clk_out1_clk_wiz_audio_1 rise@81.380ns - clk_out1_clk_wiz_audio rise@0.000ns)
  Data Path Delay:        5.364ns  (logic 0.795ns (14.821%)  route 4.569ns (85.179%))
  Logic Levels:           2  (LUT2=2)
  Clock Path Skew:        -0.024ns (DCD - SCD + CPR)
    Destination Clock Delay (DCD):    -1.561ns = ( 79.819 - 81.380 ) 
    Source Clock Delay      (SCD):    -0.933ns
    Clock Pessimism Removal (CPR):    0.604ns
  Clock Uncertainty:      0.240ns  ((TSJ^2 + DJ^2)^1/2) / 2 + PE
    Total System Jitter     (TSJ):    0.071ns
    Discrete Jitter          (DJ):    0.474ns
    Phase Error              (PE):    0.000ns
  Clock Domain Crossing:  Inter clock paths are considered valid unless explicitly excluded by timing constraints such as set_clock_groups or set_false_path.

    Location             Delay type                Incr(ns)  Path(ns)    Netlist Resource(s)
  -------------------------------------------------------------------    -------------------
                         (clock clk_out1_clk_wiz_audio rise edge)
                                                      0.000     0.000 r  <hidden>
    H16                                               0.000     0.000 r  sysclk
                         net (fo=0)                   0.000     0.000    u_mmcm/inst/clk_in1
    H16                  IBUF (Prop_ibuf_I_O)         1.451     1.451 r  u_mmcm/inst/clkin1_ibufg/O
                         net (fo=1, routed)           1.285     2.736    u_mmcm/inst/clk_in1_clk_wiz_audio
    MMCME2_ADV_X1Y2      MMCME2_ADV (Prop_mmcme2_adv_CLKIN1_CLKOUT0)
                                                     -7.759    -5.023 r  u_mmcm/inst/mmcm_adv_inst/CLKOUT0
                         net (fo=1, routed)           2.206    -2.817    u_mmcm/inst/clk_out1_clk_wiz_audio
    BUFGCTRL_X0Y16       BUFG (Prop_bufg_I_O)         0.101    -2.716 r  u_mmcm/inst/clkout1_buf/O
                         net (fo=332, routed)         1.783    -0.933    u_rx_ja/clk_out1
    SLICE_X102Y90        FDCE                                         r  u_rx_ja/lrck_prev_reg/C
  -------------------------------------------------------------------    -------------------
    SLICE_X102Y90        FDCE (Prop_fdce_C_Q)         0.518    -0.415 r  u_rx_ja/lrck_prev_reg/Q
                         net (fo=49, routed)          1.948     1.533    u_rx_ja/lrck_prev
    SLICE_X106Y86        LUT2 (Prop_lut2_I0_O)        0.124     1.657 r  u_rx_ja/bit_counter[4]_i_3/O
                         net (fo=126, routed)         0.889     2.546    u_rx_ja/lrck_changed
    SLICE_X112Y86        LUT2 (Prop_lut2_I0_O)        0.153     2.699 r  u_rx_ja/sample_valid_i_1/O
                         net (fo=49, routed)          1.732     4.431    u_rx_ja/channel_prev_reg_0[0]
    SLICE_X103Y91        FDCE                                         r  u_rx_ja/right_data_reg[11]/CE
  -------------------------------------------------------------------    -------------------

                         (clock clk_out1_clk_wiz_audio_1 rise edge)
                                                     81.380    81.380 r  <hidden>
    H16                                               0.000    81.380 r  sysclk
                         net (fo=0)                   0.000    81.380    u_mmcm/inst/clk_in1
    H16                  IBUF (Prop_ibuf_I_O)         1.380    82.760 r  u_mmcm/inst/clkin1_ibufg/O
                         net (fo=1, routed)           1.162    83.922    u_mmcm/inst/clk_in1_clk_wiz_audio
    MMCME2_ADV_X1Y2      MMCME2_ADV (Prop_mmcme2_adv_CLKIN1_CLKOUT0)
                                                     -7.814    76.108 r  u_mmcm/inst/mmcm_adv_inst/CLKOUT0
                         net (fo=1, routed)           2.012    78.120    u_mmcm/inst/clk_out1_clk_wiz_audio
    BUFGCTRL_X0Y16       BUFG (Prop_bufg_I_O)         0.091    78.211 r  u_mmcm/inst/clkout1_buf/O
                         net (fo=332, routed)         1.608    79.819    u_rx_ja/clk_out1
    SLICE_X103Y91        FDCE                                         r  u_rx_ja/right_data_reg[11]/C
                         clock pessimism              0.604    80.423    <hidden>
                         clock uncertainty           -0.240    80.183    <hidden>
    SLICE_X103Y91        FDCE (Setup_fdce_C_CE)      -0.412    79.771    u_rx_ja/right_data_reg[11]
  -------------------------------------------------------------------
                         required time                         79.771    <hidden>
                         arrival time                          -4.431    <hidden>
  -------------------------------------------------------------------
                         slack                                 75.340    <hidden>

Slack (MET) :             75.340ns  (required time - arrival time)
  Source:                 u_rx_ja/lrck_prev_reg/C
                            (rising edge-triggered cell FDCE clocked by clk_out1_clk_wiz_audio  {rise@0.000ns fall@40.690ns period=81.380ns})
  Destination:            u_rx_ja/right_data_reg[12]/CE
                            (rising edge-triggered cell FDCE clocked by clk_out1_clk_wiz_audio_1  {rise@0.000ns fall@40.690ns period=81.380ns})
  Path Group:             clk_out1_clk_wiz_audio_1
  Path Type:              Setup (Max at Slow Process Corner)
  Requirement:            81.380ns  (clk_out1_clk_wiz_audio_1 rise@81.380ns - clk_out1_clk_wiz_audio rise@0.000ns)
  Data Path Delay:        5.364ns  (logic 0.795ns (14.821%)  route 4.569ns (85.179%))
  Logic Levels:           2  (LUT2=2)
  Clock Path Skew:        -0.024ns (DCD - SCD + CPR)
    Destination Clock Delay (DCD):    -1.561ns = ( 79.819 - 81.380 ) 
    Source Clock Delay      (SCD):    -0.933ns
    Clock Pessimism Removal (CPR):    0.604ns
  Clock Uncertainty:      0.240ns  ((TSJ^2 + DJ^2)^1/2) / 2 + PE
    Total System Jitter     (TSJ):    0.071ns
    Discrete Jitter          (DJ):    0.474ns
    Phase Error              (PE):    0.000ns
  Clock Domain Crossing:  Inter clock paths are considered valid unless explicitly excluded by timing constraints such as set_clock_groups or set_false_path.

    Location             Delay type                Incr(ns)  Path(ns)    Netlist Resource(s)
  -------------------------------------------------------------------    -------------------
                         (clock clk_out1_clk_wiz_audio rise edge)
                                                      0.000     0.000 r  <hidden>
    H16                                               0.000     0.000 r  sysclk
                         net (fo=0)                   0.000     0.000    u_mmcm/inst/clk_in1
    H16                  IBUF (Prop_ibuf_I_O)         1.451     1.451 r  u_mmcm/inst/clkin1_ibufg/O
                         net (fo=1, routed)           1.285     2.736    u_mmcm/inst/clk_in1_clk_wiz_audio
    MMCME2_ADV_X1Y2      MMCME2_ADV (Prop_mmcme2_adv_CLKIN1_CLKOUT0)
                                                     -7.759    -5.023 r  u_mmcm/inst/mmcm_adv_inst/CLKOUT0
                         net (fo=1, routed)           2.206    -2.817    u_mmcm/inst/clk_out1_clk_wiz_audio
    BUFGCTRL_X0Y16       BUFG (Prop_bufg_I_O)         0.101    -2.716 r  u_mmcm/inst/clkout1_buf/O
                         net (fo=332, routed)         1.783    -0.933    u_rx_ja/clk_out1
    SLICE_X102Y90        FDCE                                         r  u_rx_ja/lrck_prev_reg/C
  -------------------------------------------------------------------    -------------------
    SLICE_X102Y90        FDCE (Prop_fdce_C_Q)         0.518    -0.415 r  u_rx_ja/lrck_prev_reg/Q
                         net (fo=49, routed)          1.948     1.533    u_rx_ja/lrck_prev
    SLICE_X106Y86        LUT2 (Prop_lut2_I0_O)        0.124     1.657 r  u_rx_ja/bit_counter[4]_i_3/O
                         net (fo=126, routed)         0.889     2.546    u_rx_ja/lrck_changed
    SLICE_X112Y86        LUT2 (Prop_lut2_I0_O)        0.153     2.699 r  u_rx_ja/sample_valid_i_1/O
                         net (fo=49, routed)          1.732     4.431    u_rx_ja/channel_prev_reg_0[0]
    SLICE_X103Y91        FDCE                                         r  u_rx_ja/right_data_reg[12]/CE
  -------------------------------------------------------------------    -------------------

                         (clock clk_out1_clk_wiz_audio_1 rise edge)
                                                     81.380    81.380 r  <hidden>
    H16                                               0.000    81.380 r  sysclk
                         net (fo=0)                   0.000    81.380    u_mmcm/inst/clk_in1
    H16                  IBUF (Prop_ibuf_I_O)         1.380    82.760 r  u_mmcm/inst/clkin1_ibufg/O
                         net (fo=1, routed)           1.162    83.922    u_mmcm/inst/clk_in1_clk_wiz_audio
    MMCME2_ADV_X1Y2      MMCME2_ADV (Prop_mmcme2_adv_CLKIN1_CLKOUT0)
                                                     -7.814    76.108 r  u_mmcm/inst/mmcm_adv_inst/CLKOUT0
                         net (fo=1, routed)           2.012    78.120    u_mmcm/inst/clk_out1_clk_wiz_audio
    BUFGCTRL_X0Y16       BUFG (Prop_bufg_I_O)         0.091    78.211 r  u_mmcm/inst/clkout1_buf/O
                         net (fo=332, routed)         1.608    79.819    u_rx_ja/clk_out1
    SLICE_X103Y91        FDCE                                         r  u_rx_ja/right_data_reg[12]/C
                         clock pessimism              0.604    80.423    <hidden>
                         clock uncertainty           -0.240    80.183    <hidden>
    SLICE_X103Y91        FDCE (Setup_fdce_C_CE)      -0.412    79.771    u_rx_ja/right_data_reg[12]
  -------------------------------------------------------------------
                         required time                         79.771    <hidden>
                         arrival time                          -4.431    <hidden>
  -------------------------------------------------------------------
                         slack                                 75.340    <hidden>

Slack (MET) :             75.340ns  (required time - arrival time)
  Source:                 u_rx_ja/lrck_prev_reg/C
                            (rising edge-triggered cell FDCE clocked by clk_out1_clk_wiz_audio  {rise@0.000ns fall@40.690ns period=81.380ns})
  Destination:            u_rx_ja/right_data_reg[15]/CE
                            (rising edge-triggered cell FDCE clocked by clk_out1_clk_wiz_audio_1  {rise@0.000ns fall@40.690ns period=81.380ns})
  Path Group:             clk_out1_clk_wiz_audio_1
  Path Type:              Setup (Max at Slow Process Corner)
  Requirement:            81.380ns  (clk_out1_clk_wiz_audio_1 rise@81.380ns - clk_out1_clk_wiz_audio rise@0.000ns)
  Data Path Delay:        5.364ns  (logic 0.795ns (14.821%)  route 4.569ns (85.179%))
  Logic Levels:           2  (LUT2=2)
  Clock Path Skew:        -0.024ns (DCD - SCD + CPR)
    Destination Clock Delay (DCD):    -1.561ns = ( 79.819 - 81.380 ) 
    Source Clock Delay      (SCD):    -0.933ns
    Clock Pessimism Removal (CPR):    0.604ns
  Clock Uncertainty:      0.240ns  ((TSJ^2 + DJ^2)^1/2) / 2 + PE
    Total System Jitter     (TSJ):    0.071ns
    Discrete Jitter          (DJ):    0.474ns
    Phase Error              (PE):    0.000ns
  Clock Domain Crossing:  Inter clock paths are considered valid unless explicitly excluded by timing constraints such as set_clock_groups or set_false_path.

    Location             Delay type                Incr(ns)  Path(ns)    Netlist Resource(s)
  -------------------------------------------------------------------    -------------------
                         (clock clk_out1_clk_wiz_audio rise edge)
                                                      0.000     0.000 r  <hidden>
    H16                                               0.000     0.000 r  sysclk
                         net (fo=0)                   0.000     0.000    u_mmcm/inst/clk_in1
    H16                  IBUF (Prop_ibuf_I_O)         1.451     1.451 r  u_mmcm/inst/clkin1_ibufg/O
                         net (fo=1, routed)           1.285     2.736    u_mmcm/inst/clk_in1_clk_wiz_audio
    MMCME2_ADV_X1Y2      MMCME2_ADV (Prop_mmcme2_adv_CLKIN1_CLKOUT0)
                                                     -7.759    -5.023 r  u_mmcm/inst/mmcm_adv_inst/CLKOUT0
                         net (fo=1, routed)           2.206    -2.817    u_mmcm/inst/clk_out1_clk_wiz_audio
    BUFGCTRL_X0Y16       BUFG (Prop_bufg_I_O)         0.101    -2.716 r  u_mmcm/inst/clkout1_buf/O
                         net (fo=332, routed)         1.783    -0.933    u_rx_ja/clk_out1
    SLICE_X102Y90        FDCE                                         r  u_rx_ja/lrck_prev_reg/C
  -------------------------------------------------------------------    -------------------
    SLICE_X102Y90        FDCE (Prop_fdce_C_Q)         0.518    -0.415 r  u_rx_ja/lrck_prev_reg/Q
                         net (fo=49, routed)          1.948     1.533    u_rx_ja/lrck_prev
    SLICE_X106Y86        LUT2 (Prop_lut2_I0_O)        0.124     1.657 r  u_rx_ja/bit_counter[4]_i_3/O
                         net (fo=126, routed)         0.889     2.546    u_rx_ja/lrck_changed
    SLICE_X112Y86        LUT2 (Prop_lut2_I0_O)        0.153     2.699 r  u_rx_ja/sample_valid_i_1/O
                         net (fo=49, routed)          1.732     4.431    u_rx_ja/channel_prev_reg_0[0]
    SLICE_X103Y91        FDCE                                         r  u_rx_ja/right_data_reg[15]/CE
  -------------------------------------------------------------------    -------------------

                         (clock clk_out1_clk_wiz_audio_1 rise edge)
                                                     81.380    81.380 r  <hidden>
    H16                                               0.000    81.380 r  sysclk
                         net (fo=0)                   0.000    81.380    u_mmcm/inst/clk_in1
    H16                  IBUF (Prop_ibuf_I_O)         1.380    82.760 r  u_mmcm/inst/clkin1_ibufg/O
                         net (fo=1, routed)           1.162    83.922    u_mmcm/inst/clk_in1_clk_wiz_audio
    MMCME2_ADV_X1Y2      MMCME2_ADV (Prop_mmcme2_adv_CLKIN1_CLKOUT0)
                                                     -7.814    76.108 r  u_mmcm/inst/mmcm_adv_inst/CLKOUT0
                         net (fo=1, routed)           2.012    78.120    u_mmcm/inst/clk_out1_clk_wiz_audio
    BUFGCTRL_X0Y16       BUFG (Prop_bufg_I_O)         0.091    78.211 r  u_mmcm/inst/clkout1_buf/O
                         net (fo=332, routed)         1.608    79.819    u_rx_ja/clk_out1
    SLICE_X103Y91        FDCE                                         r  u_rx_ja/right_data_reg[15]/C
                         clock pessimism              0.604    80.423    <hidden>
                         clock uncertainty           -0.240    80.183    <hidden>
    SLICE_X103Y91        FDCE (Setup_fdce_C_CE)      -0.412    79.771    u_rx_ja/right_data_reg[15]
  -------------------------------------------------------------------
                         required time                         79.771    <hidden>
                         arrival time                          -4.431    <hidden>
  -------------------------------------------------------------------
                         slack                                 75.340    <hidden>

Slack (MET) :             75.340ns  (required time - arrival time)
  Source:                 u_rx_ja/lrck_prev_reg/C
                            (rising edge-triggered cell FDCE clocked by clk_out1_clk_wiz_audio  {rise@0.000ns fall@40.690ns period=81.380ns})
  Destination:            u_rx_ja/right_data_reg[16]/CE
                            (rising edge-triggered cell FDCE clocked by clk_out1_clk_wiz_audio_1  {rise@0.000ns fall@40.690ns period=81.380ns})
  Path Group:             clk_out1_clk_wiz_audio_1
  Path Type:              Setup (Max at Slow Process Corner)
  Requirement:            81.380ns  (clk_out1_clk_wiz_audio_1 rise@81.380ns - clk_out1_clk_wiz_audio rise@0.000ns)
  Data Path Delay:        5.364ns  (logic 0.795ns (14.821%)  route 4.569ns (85.179%))
  Logic Levels:           2  (LUT2=2)
  Clock Path Skew:        -0.024ns (DCD - SCD + CPR)
    Destination Clock Delay (DCD):    -1.561ns = ( 79.819 - 81.380 ) 
    Source Clock Delay      (SCD):    -0.933ns
    Clock Pessimism Removal (CPR):    0.604ns
  Clock Uncertainty:      0.240ns  ((TSJ^2 + DJ^2)^1/2) / 2 + PE
    Total System Jitter     (TSJ):    0.071ns
    Discrete Jitter          (DJ):    0.474ns
    Phase Error              (PE):    0.000ns
  Clock Domain Crossing:  Inter clock paths are considered valid unless explicitly excluded by timing constraints such as set_clock_groups or set_false_path.

    Location             Delay type                Incr(ns)  Path(ns)    Netlist Resource(s)
  -------------------------------------------------------------------    -------------------
                         (clock clk_out1_clk_wiz_audio rise edge)
                                                      0.000     0.000 r  <hidden>
    H16                                               0.000     0.000 r  sysclk
                         net (fo=0)                   0.000     0.000    u_mmcm/inst/clk_in1
    H16                  IBUF (Prop_ibuf_I_O)         1.451     1.451 r  u_mmcm/inst/clkin1_ibufg/O
                         net (fo=1, routed)           1.285     2.736    u_mmcm/inst/clk_in1_clk_wiz_audio
    MMCME2_ADV_X1Y2      MMCME2_ADV (Prop_mmcme2_adv_CLKIN1_CLKOUT0)
                                                     -7.759    -5.023 r  u_mmcm/inst/mmcm_adv_inst/CLKOUT0
                         net (fo=1, routed)           2.206    -2.817    u_mmcm/inst/clk_out1_clk_wiz_audio
    BUFGCTRL_X0Y16       BUFG (Prop_bufg_I_O)         0.101    -2.716 r  u_mmcm/inst/clkout1_buf/O
                         net (fo=332, routed)         1.783    -0.933    u_rx_ja/clk_out1
    SLICE_X102Y90        FDCE                                         r  u_rx_ja/lrck_prev_reg/C
  -------------------------------------------------------------------    -------------------
    SLICE_X102Y90        FDCE (Prop_fdce_C_Q)         0.518    -0.415 r  u_rx_ja/lrck_prev_reg/Q
                         net (fo=49, routed)          1.948     1.533    u_rx_ja/lrck_prev
    SLICE_X106Y86        LUT2 (Prop_lut2_I0_O)        0.124     1.657 r  u_rx_ja/bit_counter[4]_i_3/O
                         net (fo=126, routed)         0.889     2.546    u_rx_ja/lrck_changed
    SLICE_X112Y86        LUT2 (Prop_lut2_I0_O)        0.153     2.699 r  u_rx_ja/sample_valid_i_1/O
                         net (fo=49, routed)          1.732     4.431    u_rx_ja/channel_prev_reg_0[0]
    SLICE_X103Y91        FDCE                                         r  u_rx_ja/right_data_reg[16]/CE
  -------------------------------------------------------------------    -------------------

                         (clock clk_out1_clk_wiz_audio_1 rise edge)
                                                     81.380    81.380 r  <hidden>
    H16                                               0.000    81.380 r  sysclk
                         net (fo=0)                   0.000    81.380    u_mmcm/inst/clk_in1
    H16                  IBUF (Prop_ibuf_I_O)         1.380    82.760 r  u_mmcm/inst/clkin1_ibufg/O
                         net (fo=1, routed)           1.162    83.922    u_mmcm/inst/clk_in1_clk_wiz_audio
    MMCME2_ADV_X1Y2      MMCME2_ADV (Prop_mmcme2_adv_CLKIN1_CLKOUT0)
                                                     -7.814    76.108 r  u_mmcm/inst/mmcm_adv_inst/CLKOUT0
                         net (fo=1, routed)           2.012    78.120    u_mmcm/inst/clk_out1_clk_wiz_audio
    BUFGCTRL_X0Y16       BUFG (Prop_bufg_I_O)         0.091    78.211 r  u_mmcm/inst/clkout1_buf/O
                         net (fo=332, routed)         1.608    79.819    u_rx_ja/clk_out1
    SLICE_X103Y91        FDCE                                         r  u_rx_ja/right_data_reg[16]/C
                         clock pessimism              0.604    80.423    <hidden>
                         clock uncertainty           -0.240    80.183    <hidden>
    SLICE_X103Y91        FDCE (Setup_fdce_C_CE)      -0.412    79.771    u_rx_ja/right_data_reg[16]
  -------------------------------------------------------------------
                         required time                         79.771    <hidden>
                         arrival time                          -4.431    <hidden>
  -------------------------------------------------------------------
                         slack                                 75.340    <hidden>

Slack (MET) :             75.433ns  (required time - arrival time)
  Source:                 u_rx_jb/right_data_reg[23]/C
                            (rising edge-triggered cell FDCE clocked by clk_out1_clk_wiz_audio  {rise@0.000ns fall@40.690ns period=81.380ns})
  Destination:            u_matrix/out_reg_reg[3][3]/D
                            (rising edge-triggered cell FDCE clocked by clk_out1_clk_wiz_audio_1  {rise@0.000ns fall@40.690ns period=81.380ns})
  Path Group:             clk_out1_clk_wiz_audio_1
  Path Type:              Setup (Max at Slow Process Corner)
  Requirement:            81.380ns  (clk_out1_clk_wiz_audio_1 rise@81.380ns - clk_out1_clk_wiz_audio rise@0.000ns)
  Data Path Delay:        5.646ns  (logic 1.785ns (31.617%)  route 3.861ns (68.383%))
  Logic Levels:           5  (CARRY4=3 LUT1=1 LUT3=1)
  Clock Path Skew:        -0.141ns (DCD - SCD + CPR)
    Destination Clock Delay (DCD):    -1.564ns = ( 79.816 - 81.380 ) 
    Source Clock Delay      (SCD):    -0.856ns
    Clock Pessimism Removal (CPR):    0.567ns
  Clock Uncertainty:      0.240ns  ((TSJ^2 + DJ^2)^1/2) / 2 + PE
    Total System Jitter     (TSJ):    0.071ns
    Discrete Jitter          (DJ):    0.474ns
    Phase Error              (PE):    0.000ns
  Clock Domain Crossing:  Inter clock paths are considered valid unless explicitly excluded by timing constraints such as set_clock_groups or set_false_path.

    Location             Delay type                Incr(ns)  Path(ns)    Netlist Resource(s)
  -------------------------------------------------------------------    -------------------
                         (clock clk_out1_clk_wiz_audio rise edge)
                                                      0.000     0.000 r  <hidden>
    H16                                               0.000     0.000 r  sysclk
                         net (fo=0)                   0.000     0.000    u_mmcm/inst/clk_in1
    H16                  IBUF (Prop_ibuf_I_O)         1.451     1.451 r  u_mmcm/inst/clkin1_ibufg/O
                         net (fo=1, routed)           1.285     2.736    u_mmcm/inst/clk_in1_clk_wiz_audio
    MMCME2_ADV_X1Y2      MMCME2_ADV (Prop_mmcme2_adv_CLKIN1_CLKOUT0)
                                                     -7.759    -5.023 r  u_mmcm/inst/mmcm_adv_inst/CLKOUT0
                         net (fo=1, routed)           2.206    -2.817    u_mmcm/inst/clk_out1_clk_wiz_audio
    BUFGCTRL_X0Y16       BUFG (Prop_bufg_I_O)         0.101    -2.716 r  u_mmcm/inst/clkout1_buf/O
                         net (fo=332, routed)         1.860    -0.856    u_rx_jb/clk_out1
    SLICE_X110Y85        FDCE                                         r  u_rx_jb/right_data_reg[23]/C
  -------------------------------------------------------------------    -------------------
    SLICE_X110Y85        FDCE (Prop_fdce_C_Q)         0.456    -0.400 f  u_rx_jb/right_data_reg[23]/Q
                         net (fo=43, routed)          1.838     1.438    u_rx_jb/right_data_reg[23]_1[23]
    SLICE_X109Y80        LUT1 (Prop_lut1_I0_O)        0.124     1.562 r  u_rx_jb/i__carry_i_3__3/O
                         net (fo=1, routed)           0.000     1.562    u_matrix/_inferred__4/i__carry__0_0[1]
    SLICE_X109Y80        CARRY4 (Prop_carry4_S[1]_CO[3])
                                                      0.550     2.112 r  u_matrix/_inferred__4/i__carry/CO[3]
                         net (fo=1, routed)           0.000     2.112    u_matrix/_inferred__4/i__carry_n_0
    SLICE_X109Y81        CARRY4 (Prop_carry4_CI_CO[3])
                                                      0.114     2.226 r  u_matrix/_inferred__4/i__carry__0/CO[3]
                         net (fo=1, routed)           0.000     2.226    u_matrix/_inferred__4/i__carry__0_n_0
    SLICE_X109Y82        CARRY4 (Prop_carry4_CI_CO[2])
                                                      0.228     2.454 r  u_matrix/_inferred__4/i__carry__1/CO[2]
                         net (fo=24, routed)          2.022     4.476    u_matrix/_inferred__4/i__carry__1_n_1
    SLICE_X104Y87        LUT3 (Prop_lut3_I0_O)        0.313     4.789 r  u_matrix/out_reg[3][3]_i_1/O
                         net (fo=1, routed)           0.000     4.789    u_matrix/out_reg[3][3]_i_1_n_0
    SLICE_X104Y87        FDCE                                         r  u_matrix/out_reg_reg[3][3]/D
  -------------------------------------------------------------------    -------------------

                         (clock clk_out1_clk_wiz_audio_1 rise edge)
                                                     81.380    81.380 r  <hidden>
    H16                                               0.000    81.380 r  sysclk
                         net (fo=0)                   0.000    81.380    u_mmcm/inst/clk_in1
    H16                  IBUF (Prop_ibuf_I_O)         1.380    82.760 r  u_mmcm/inst/clkin1_ibufg/O
                         net (fo=1, routed)           1.162    83.922    u_mmcm/inst/clk_in1_clk_wiz_audio
    MMCME2_ADV_X1Y2      MMCME2_ADV (Prop_mmcme2_adv_CLKIN1_CLKOUT0)
                                                     -7.814    76.108 r  u_mmcm/inst/mmcm_adv_inst/CLKOUT0
                         net (fo=1, routed)           2.012    78.120    u_mmcm/inst/clk_out1_clk_wiz_audio
    BUFGCTRL_X0Y16       BUFG (Prop_bufg_I_O)         0.091    78.211 r  u_mmcm/inst/clkout1_buf/O
                         net (fo=332, routed)         1.605    79.816    u_matrix/clk_out1
    SLICE_X104Y87        FDCE                                         r  u_matrix/out_reg_reg[3][3]/C
                         clock pessimism              0.567    80.383    <hidden>
                         clock uncertainty           -0.240    80.143    <hidden>
    SLICE_X104Y87        FDCE (Setup_fdce_C_D)        0.079    80.222    u_matrix/out_reg_reg[3][3]
  -------------------------------------------------------------------
                         required time                         80.222    <hidden>
                         arrival time                          -4.789    <hidden>
  -------------------------------------------------------------------
                         slack                                 75.433    <hidden>

Slack (MET) :             75.443ns  (required time - arrival time)
  Source:                 u_rx_jb/right_data_reg[23]/C
                            (rising edge-triggered cell FDCE clocked by clk_out1_clk_wiz_audio  {rise@0.000ns fall@40.690ns period=81.380ns})
  Destination:            u_matrix/out_reg_reg[3][4]/D
                            (rising edge-triggered cell FDCE clocked by clk_out1_clk_wiz_audio_1  {rise@0.000ns fall@40.690ns period=81.380ns})
  Path Group:             clk_out1_clk_wiz_audio_1
  Path Type:              Setup (Max at Slow Process Corner)
  Requirement:            81.380ns  (clk_out1_clk_wiz_audio_1 rise@81.380ns - clk_out1_clk_wiz_audio rise@0.000ns)
  Data Path Delay:        5.675ns  (logic 1.814ns (31.967%)  route 3.861ns (68.033%))
  Logic Levels:           5  (CARRY4=3 LUT1=1 LUT3=1)
  Clock Path Skew:        -0.141ns (DCD - SCD + CPR)
    Destination Clock Delay (DCD):    -1.564ns = ( 79.816 - 81.380 ) 
    Source Clock Delay      (SCD):    -0.856ns
    Clock Pessimism Removal (CPR):    0.567ns
  Clock Uncertainty:      0.240ns  ((TSJ^2 + DJ^2)^1/2) / 2 + PE
    Total System Jitter     (TSJ):    0.071ns
    Discrete Jitter          (DJ):    0.474ns
    Phase Error              (PE):    0.000ns
  Clock Domain Crossing:  Inter clock paths are considered valid unless explicitly excluded by timing constraints such as set_clock_groups or set_false_path.

    Location             Delay type                Incr(ns)  Path(ns)    Netlist Resource(s)
  -------------------------------------------------------------------    -------------------
                         (clock clk_out1_clk_wiz_audio rise edge)
                                                      0.000     0.000 r  <hidden>
    H16                                               0.000     0.000 r  sysclk
                         net (fo=0)                   0.000     0.000    u_mmcm/inst/clk_in1
    H16                  IBUF (Prop_ibuf_I_O)         1.451     1.451 r  u_mmcm/inst/clkin1_ibufg/O
                         net (fo=1, routed)           1.285     2.736    u_mmcm/inst/clk_in1_clk_wiz_audio
    MMCME2_ADV_X1Y2      MMCME2_ADV (Prop_mmcme2_adv_CLKIN1_CLKOUT0)
                                                     -7.759    -5.023 r  u_mmcm/inst/mmcm_adv_inst/CLKOUT0
                         net (fo=1, routed)           2.206    -2.817    u_mmcm/inst/clk_out1_clk_wiz_audio
    BUFGCTRL_X0Y16       BUFG (Prop_bufg_I_O)         0.101    -2.716 r  u_mmcm/inst/clkout1_buf/O
                         net (fo=332, routed)         1.860    -0.856    u_rx_jb/clk_out1
    SLICE_X110Y85        FDCE                                         r  u_rx_jb/right_data_reg[23]/C
  -------------------------------------------------------------------    -------------------
    SLICE_X110Y85        FDCE (Prop_fdce_C_Q)         0.456    -0.400 f  u_rx_jb/right_data_reg[23]/Q
                         net (fo=43, routed)          1.838     1.438    u_rx_jb/right_data_reg[23]_1[23]
    SLICE_X109Y80        LUT1 (Prop_lut1_I0_O)        0.124     1.562 r  u_rx_jb/i__carry_i_3__3/O
                         net (fo=1, routed)           0.000     1.562    u_matrix/_inferred__4/i__carry__0_0[1]
    SLICE_X109Y80        CARRY4 (Prop_carry4_S[1]_CO[3])
                                                      0.550     2.112 r  u_matrix/_inferred__4/i__carry/CO[3]
                         net (fo=1, routed)           0.000     2.112    u_matrix/_inferred__4/i__carry_n_0
    SLICE_X109Y81        CARRY4 (Prop_carry4_CI_CO[3])
                                                      0.114     2.226 r  u_matrix/_inferred__4/i__carry__0/CO[3]
                         net (fo=1, routed)           0.000     2.226    u_matrix/_inferred__4/i__carry__0_n_0
    SLICE_X109Y82        CARRY4 (Prop_carry4_CI_CO[2])
                                                      0.228     2.454 r  u_matrix/_inferred__4/i__carry__1/CO[2]
                         net (fo=24, routed)          2.022     4.476    u_matrix/_inferred__4/i__carry__1_n_1
    SLICE_X104Y87        LUT3 (Prop_lut3_I0_O)        0.342     4.818 r  u_matrix/out_reg[3][4]_i_1/O
                         net (fo=1, routed)           0.000     4.818    u_matrix/out_reg[3][4]_i_1_n_0
    SLICE_X104Y87        FDCE                                         r  u_matrix/out_reg_reg[3][4]/D
  -------------------------------------------------------------------    -------------------

                         (clock clk_out1_clk_wiz_audio_1 rise edge)
                                                     81.380    81.380 r  <hidden>
    H16                                               0.000    81.380 r  sysclk
                         net (fo=0)                   0.000    81.380    u_mmcm/inst/clk_in1
    H16                  IBUF (Prop_ibuf_I_O)         1.380    82.760 r  u_mmcm/inst/clkin1_ibufg/O
                         net (fo=1, routed)           1.162    83.922    u_mmcm/inst/clk_in1_clk_wiz_audio
    MMCME2_ADV_X1Y2      MMCME2_ADV (Prop_mmcme2_adv_CLKIN1_CLKOUT0)
                                                     -7.814    76.108 r  u_mmcm/inst/mmcm_adv_inst/CLKOUT0
                         net (fo=1, routed)           2.012    78.120    u_mmcm/inst/clk_out1_clk_wiz_audio
    BUFGCTRL_X0Y16       BUFG (Prop_bufg_I_O)         0.091    78.211 r  u_mmcm/inst/clkout1_buf/O
                         net (fo=332, routed)         1.605    79.816    u_matrix/clk_out1
    SLICE_X104Y87        FDCE                                         r  u_matrix/out_reg_reg[3][4]/C
                         clock pessimism              0.567    80.383    <hidden>
                         clock uncertainty           -0.240    80.143    <hidden>
    SLICE_X104Y87        FDCE (Setup_fdce_C_D)        0.118    80.261    u_matrix/out_reg_reg[3][4]
  -------------------------------------------------------------------
                         required time                         80.261    <hidden>
                         arrival time                          -4.818    <hidden>
  -------------------------------------------------------------------
                         slack                                 75.443    <hidden>





Min Delay Paths
--------------------------------------------------------------------------------------
Slack (MET) :             0.007ns  (arrival time - required time)
  Source:                 u_rx_jb/right_data_reg[17]/C
                            (rising edge-triggered cell FDCE clocked by clk_out1_clk_wiz_audio  {rise@0.000ns fall@40.690ns period=81.380ns})
  Destination:            u_matrix/out_reg_reg[3][17]/D
                            (rising edge-triggered cell FDCE clocked by clk_out1_clk_wiz_audio_1  {rise@0.000ns fall@40.690ns period=81.380ns})
  Path Group:             clk_out1_clk_wiz_audio_1
  Path Type:              Hold (Min at Fast Process Corner)
  Requirement:            0.000ns  (clk_out1_clk_wiz_audio_1 rise@0.000ns - clk_out1_clk_wiz_audio rise@0.000ns)
  Data Path Delay:        0.380ns  (logic 0.186ns (48.934%)  route 0.194ns (51.066%))
  Logic Levels:           1  (LUT3=1)
  Clock Path Skew:        0.013ns (DCD - SCD - CPR)
    Destination Clock Delay (DCD):    -0.840ns
    Source Clock Delay      (SCD):    -0.600ns
    Clock Pessimism Removal (CPR):    -0.252ns
  Clock Uncertainty:      0.240ns  ((TSJ^2 + DJ^2)^1/2) / 2 + PE
    Total System Jitter     (TSJ):    0.071ns
    Discrete Jitter          (DJ):    0.474ns
    Phase Error              (PE):    0.000ns
  Clock Domain Crossing:  Inter clock paths are considered valid unless explicitly excluded by timing constraints such as set_clock_groups or set_false_path.

    Location             Delay type                Incr(ns)  Path(ns)    Netlist Resource(s)
  -------------------------------------------------------------------    -------------------
                         (clock clk_out1_clk_wiz_audio rise edge)
                                                      0.000     0.000 r  <hidden>
    H16                                               0.000     0.000 r  sysclk
                         net (fo=0)                   0.000     0.000    u_mmcm/inst/clk_in1
    H16                  IBUF (Prop_ibuf_I_O)         0.219     0.219 r  u_mmcm/inst/clkin1_ibufg/O
                         net (fo=1, routed)           0.440     0.659    u_mmcm/inst/clk_in1_clk_wiz_audio
    MMCME2_ADV_X1Y2      MMCME2_ADV (Prop_mmcme2_adv_CLKIN1_CLKOUT0)
                                                     -2.613    -1.954 r  u_mmcm/inst/mmcm_adv_inst/CLKOUT0
                         net (fo=1, routed)           0.696    -1.257    u_mmcm/inst/clk_out1_clk_wiz_audio
    BUFGCTRL_X0Y16       BUFG (Prop_bufg_I_O)         0.026    -1.231 r  u_mmcm/inst/clkout1_buf/O
                         net (fo=332, routed)         0.631    -0.600    u_rx_jb/clk_out1
    SLICE_X109Y85        FDCE                                         r  u_rx_jb/right_data_reg[17]/C
  -------------------------------------------------------------------    -------------------
    SLICE_X109Y85        FDCE (Prop_fdce_C_Q)         0.141    -0.459 r  u_rx_jb/right_data_reg[17]/Q
                         net (fo=1, routed)           0.194    -0.265    u_matrix/out_reg_reg[3][23]_1[17]
    SLICE_X108Y85        LUT3 (Prop_lut3_I2_O)        0.045    -0.220 r  u_matrix/out_reg[3][17]_i_1/O
                         net (fo=1, routed)           0.000    -0.220    u_matrix/out_reg[3][17]_i_1_n_0
    SLICE_X108Y85        FDCE                                         r  u_matrix/out_reg_reg[3][17]/D
  -------------------------------------------------------------------    -------------------

                         (clock clk_out1_clk_wiz_audio_1 rise edge)
                                                      0.000     0.000 r  <hidden>
    H16                                               0.000     0.000 r  sysclk
                         net (fo=0)                   0.000     0.000    u_mmcm/inst/clk_in1
    H16                  IBUF (Prop_ibuf_I_O)         0.406     0.406 r  u_mmcm/inst/clkin1_ibufg/O
                         net (fo=1, routed)           0.480     0.886    u_mmcm/inst/clk_in1_clk_wiz_audio
    MMCME2_ADV_X1Y2      MMCME2_ADV (Prop_mmcme2_adv_CLKIN1_CLKOUT0)
                                                     -3.407    -2.521 r  u_mmcm/inst/mmcm_adv_inst/CLKOUT0
                         net (fo=1, routed)           0.752    -1.769    u_mmcm/inst/clk_out1_clk_wiz_audio
    BUFGCTRL_X0Y16       BUFG (Prop_bufg_I_O)         0.029    -1.740 r  u_mmcm/inst/clkout1_buf/O
                         net (fo=332, routed)         0.900    -0.840    u_matrix/clk_out1
    SLICE_X108Y85        FDCE                                         r  u_matrix/out_reg_reg[3][17]/C
                         clock pessimism              0.252    -0.587    <hidden>
                         clock uncertainty            0.240    -0.348    <hidden>
    SLICE_X108Y85        FDCE (Hold_fdce_C_D)         0.121    -0.227    u_matrix/out_reg_reg[3][17]
  -------------------------------------------------------------------
                         required time                          0.227    <hidden>
                         arrival time                          -0.220    <hidden>
  -------------------------------------------------------------------
                         slack                                  0.007    <hidden>

Slack (MET) :             0.018ns  (arrival time - required time)
  Source:                 u_matrix/out_reg_reg[2][12]/C
                            (rising edge-triggered cell FDCE clocked by clk_out1_clk_wiz_audio  {rise@0.000ns fall@40.690ns period=81.380ns})
  Destination:            u_tx_jb/shift_reg_reg[12]/D
                            (rising edge-triggered cell FDCE clocked by clk_out1_clk_wiz_audio_1  {rise@0.000ns fall@40.690ns period=81.380ns})
  Path Group:             clk_out1_clk_wiz_audio_1
  Path Type:              Hold (Min at Fast Process Corner)
  Requirement:            0.000ns  (clk_out1_clk_wiz_audio_1 rise@0.000ns - clk_out1_clk_wiz_audio rise@0.000ns)
  Data Path Delay:        0.392ns  (logic 0.226ns (57.721%)  route 0.166ns (42.279%))
  Logic Levels:           1  (LUT6=1)
  Clock Path Skew:        0.013ns (DCD - SCD - CPR)
    Destination Clock Delay (DCD):    -0.867ns
    Source Clock Delay      (SCD):    -0.627ns
    Clock Pessimism Removal (CPR):    -0.252ns
  Clock Uncertainty:      0.240ns  ((TSJ^2 + DJ^2)^1/2) / 2 + PE
    Total System Jitter     (TSJ):    0.071ns
    Discrete Jitter          (DJ):    0.474ns
    Phase Error              (PE):    0.000ns
  Clock Domain Crossing:  Inter clock paths are considered valid unless explicitly excluded by timing constraints such as set_clock_groups or set_false_path.

    Location             Delay type                Incr(ns)  Path(ns)    Netlist Resource(s)
  -------------------------------------------------------------------    -------------------
                         (clock clk_out1_clk_wiz_audio rise edge)
                                                      0.000     0.000 r  <hidden>
    H16                                               0.000     0.000 r  sysclk
                         net (fo=0)                   0.000     0.000    u_mmcm/inst/clk_in1
    H16                  IBUF (Prop_ibuf_I_O)         0.219     0.219 r  u_mmcm/inst/clkin1_ibufg/O
                         net (fo=1, routed)           0.440     0.659    u_mmcm/inst/clk_in1_clk_wiz_audio
    MMCME2_ADV_X1Y2      MMCME2_ADV (Prop_mmcme2_adv_CLKIN1_CLKOUT0)
                                                     -2.613    -1.954 r  u_mmcm/inst/mmcm_adv_inst/CLKOUT0
                         net (fo=1, routed)           0.696    -1.257    u_mmcm/inst/clk_out1_clk_wiz_audio
    BUFGCTRL_X0Y16       BUFG (Prop_bufg_I_O)         0.026    -1.231 r  u_mmcm/inst/clkout1_buf/O
                         net (fo=332, routed)         0.604    -0.627    u_matrix/clk_out1
    SLICE_X103Y85        FDCE                                         r  u_matrix/out_reg_reg[2][12]/C
  -------------------------------------------------------------------    -------------------
    SLICE_X103Y85        FDCE (Prop_fdce_C_Q)         0.128    -0.499 r  u_matrix/out_reg_reg[2][12]/Q
                         net (fo=1, routed)           0.166    -0.334    u_rx_ja/shift_reg_reg[23]_4[11]
    SLICE_X102Y85        LUT6 (Prop_lut6_I2_O)        0.098    -0.236 r  u_rx_ja/shift_reg[12]_i_1__2/O
                         net (fo=1, routed)           0.000    -0.236    u_tx_jb/shift_reg_reg[23]_0[12]
    SLICE_X102Y85        FDCE                                         r  u_tx_jb/shift_reg_reg[12]/D
  -------------------------------------------------------------------    -------------------

                         (clock clk_out1_clk_wiz_audio_1 rise edge)
                                                      0.000     0.000 r  <hidden>
    H16                                               0.000     0.000 r  sysclk
                         net (fo=0)                   0.000     0.000    u_mmcm/inst/clk_in1
    H16                  IBUF (Prop_ibuf_I_O)         0.406     0.406 r  u_mmcm/inst/clkin1_ibufg/O
                         net (fo=1, routed)           0.480     0.886    u_mmcm/inst/clk_in1_clk_wiz_audio
    MMCME2_ADV_X1Y2      MMCME2_ADV (Prop_mmcme2_adv_CLKIN1_CLKOUT0)
                                                     -3.407    -2.521 r  u_mmcm/inst/mmcm_adv_inst/CLKOUT0
                         net (fo=1, routed)           0.752    -1.769    u_mmcm/inst/clk_out1_clk_wiz_audio
    BUFGCTRL_X0Y16       BUFG (Prop_bufg_I_O)         0.029    -1.740 r  u_mmcm/inst/clkout1_buf/O
                         net (fo=332, routed)         0.873    -0.867    u_tx_jb/clk_out1
    SLICE_X102Y85        FDCE                                         r  u_tx_jb/shift_reg_reg[12]/C
                         clock pessimism              0.252    -0.614    <hidden>
                         clock uncertainty            0.240    -0.375    <hidden>
    SLICE_X102Y85        FDCE (Hold_fdce_C_D)         0.121    -0.254    u_tx_jb/shift_reg_reg[12]
  -------------------------------------------------------------------
                         required time                          0.254    <hidden>
                         arrival time                          -0.236    <hidden>
  -------------------------------------------------------------------
                         slack                                  0.018    <hidden>

Slack (MET) :             0.019ns  (arrival time - required time)
  Source:                 u_matrix/out_reg_reg[3][8]/C
                            (rising edge-triggered cell FDCE clocked by clk_out1_clk_wiz_audio  {rise@0.000ns fall@40.690ns period=81.380ns})
  Destination:            u_tx_jb/shift_reg_reg[8]/D
                            (rising edge-triggered cell FDCE clocked by clk_out1_clk_wiz_audio_1  {rise@0.000ns fall@40.690ns period=81.380ns})
  Path Group:             clk_out1_clk_wiz_audio_1
  Path Type:              Hold (Min at Fast Process Corner)
  Requirement:            0.000ns  (clk_out1_clk_wiz_audio_1 rise@0.000ns - clk_out1_clk_wiz_audio rise@0.000ns)
  Data Path Delay:        0.392ns  (logic 0.226ns (57.623%)  route 0.166ns (42.377%))
  Logic Levels:           1  (LUT6=1)
  Clock Path Skew:        0.013ns (DCD - SCD - CPR)
    Destination Clock Delay (DCD):    -0.867ns
    Source Clock Delay      (SCD):    -0.627ns
    Clock Pessimism Removal (CPR):    -0.252ns
  Clock Uncertainty:      0.240ns  ((TSJ^2 + DJ^2)^1/2) / 2 + PE
    Total System Jitter     (TSJ):    0.071ns
    Discrete Jitter          (DJ):    0.474ns
    Phase Error              (PE):    0.000ns
  Clock Domain Crossing:  Inter clock paths are considered valid unless explicitly excluded by timing constraints such as set_clock_groups or set_false_path.

    Location             Delay type                Incr(ns)  Path(ns)    Netlist Resource(s)
  -------------------------------------------------------------------    -------------------
                         (clock clk_out1_clk_wiz_audio rise edge)
                                                      0.000     0.000 r  <hidden>
    H16                                               0.000     0.000 r  sysclk
                         net (fo=0)                   0.000     0.000    u_mmcm/inst/clk_in1
    H16                  IBUF (Prop_ibuf_I_O)         0.219     0.219 r  u_mmcm/inst/clkin1_ibufg/O
                         net (fo=1, routed)           0.440     0.659    u_mmcm/inst/clk_in1_clk_wiz_audio
    MMCME2_ADV_X1Y2      MMCME2_ADV (Prop_mmcme2_adv_CLKIN1_CLKOUT0)
                                                     -2.613    -1.954 r  u_mmcm/inst/mmcm_adv_inst/CLKOUT0
                         net (fo=1, routed)           0.696    -1.257    u_mmcm/inst/clk_out1_clk_wiz_audio
    BUFGCTRL_X0Y16       BUFG (Prop_bufg_I_O)         0.026    -1.231 r  u_mmcm/inst/clkout1_buf/O
                         net (fo=332, routed)         0.604    -0.627    u_matrix/clk_out1
    SLICE_X103Y86        FDCE                                         r  u_matrix/out_reg_reg[3][8]/C
  -------------------------------------------------------------------    -------------------
    SLICE_X103Y86        FDCE (Prop_fdce_C_Q)         0.128    -0.499 r  u_matrix/out_reg_reg[3][8]/Q
                         net (fo=1, routed)           0.166    -0.333    u_rx_ja/shift_reg_reg[23]_5[7]
    SLICE_X102Y86        LUT6 (Prop_lut6_I3_O)        0.098    -0.235 r  u_rx_ja/shift_reg[8]_i_1__2/O
                         net (fo=1, routed)           0.000    -0.235    u_tx_jb/shift_reg_reg[23]_0[8]
    SLICE_X102Y86        FDCE                                         r  u_tx_jb/shift_reg_reg[8]/D
  -------------------------------------------------------------------    -------------------

                         (clock clk_out1_clk_wiz_audio_1 rise edge)
                                                      0.000     0.000 r  <hidden>
    H16                                               0.000     0.000 r  sysclk
                         net (fo=0)                   0.000     0.000    u_mmcm/inst/clk_in1
    H16                  IBUF (Prop_ibuf_I_O)         0.406     0.406 r  u_mmcm/inst/clkin1_ibufg/O
                         net (fo=1, routed)           0.480     0.886    u_mmcm/inst/clk_in1_clk_wiz_audio
    MMCME2_ADV_X1Y2      MMCME2_ADV (Prop_mmcme2_adv_CLKIN1_CLKOUT0)
                                                     -3.407    -2.521 r  u_mmcm/inst/mmcm_adv_inst/CLKOUT0
                         net (fo=1, routed)           0.752    -1.769    u_mmcm/inst/clk_out1_clk_wiz_audio
    BUFGCTRL_X0Y16       BUFG (Prop_bufg_I_O)         0.029    -1.740 r  u_mmcm/inst/clkout1_buf/O
                         net (fo=332, routed)         0.873    -0.867    u_tx_jb/clk_out1
    SLICE_X102Y86        FDCE                                         r  u_tx_jb/shift_reg_reg[8]/C
                         clock pessimism              0.252    -0.614    <hidden>
                         clock uncertainty            0.240    -0.375    <hidden>
    SLICE_X102Y86        FDCE (Hold_fdce_C_D)         0.121    -0.254    u_tx_jb/shift_reg_reg[8]
  -------------------------------------------------------------------
                         required time                          0.254    <hidden>
                         arrival time                          -0.235    <hidden>
  -------------------------------------------------------------------
                         slack                                  0.019    <hidden>

Slack (MET) :             0.023ns  (arrival time - required time)
  Source:                 u_rx_ja/bit_counter_reg[0]/C
                            (rising edge-triggered cell FDCE clocked by clk_out1_clk_wiz_audio  {rise@0.000ns fall@40.690ns period=81.380ns})
  Destination:            u_rx_ja/bit_counter_reg[3]/D
                            (rising edge-triggered cell FDCE clocked by clk_out1_clk_wiz_audio_1  {rise@0.000ns fall@40.690ns period=81.380ns})
  Path Group:             clk_out1_clk_wiz_audio_1
  Path Type:              Hold (Min at Fast Process Corner)
  Requirement:            0.000ns  (clk_out1_clk_wiz_audio_1 rise@0.000ns - clk_out1_clk_wiz_audio rise@0.000ns)
  Data Path Delay:        0.393ns  (logic 0.207ns (52.626%)  route 0.186ns (47.374%))
  Logic Levels:           1  (LUT5=1)
  Clock Path Skew:        0.000ns (DCD - SCD - CPR)
    Destination Clock Delay (DCD):    -0.834ns
    Source Clock Delay      (SCD):    -0.597ns
    Clock Pessimism Removal (CPR):    -0.236ns
  Clock Uncertainty:      0.240ns  ((TSJ^2 + DJ^2)^1/2) / 2 + PE
    Total System Jitter     (TSJ):    0.071ns
    Discrete Jitter          (DJ):    0.474ns
    Phase Error              (PE):    0.000ns
  Clock Domain Crossing:  Inter clock paths are considered valid unless explicitly excluded by timing constraints such as set_clock_groups or set_false_path.

    Location             Delay type                Incr(ns)  Path(ns)    Netlist Resource(s)
  -------------------------------------------------------------------    -------------------
                         (clock clk_out1_clk_wiz_audio rise edge)
                                                      0.000     0.000 r  <hidden>
    H16                                               0.000     0.000 r  sysclk
                         net (fo=0)                   0.000     0.000    u_mmcm/inst/clk_in1
    H16                  IBUF (Prop_ibuf_I_O)         0.219     0.219 r  u_mmcm/inst/clkin1_ibufg/O
                         net (fo=1, routed)           0.440     0.659    u_mmcm/inst/clk_in1_clk_wiz_audio
    MMCME2_ADV_X1Y2      MMCME2_ADV (Prop_mmcme2_adv_CLKIN1_CLKOUT0)
                                                     -2.613    -1.954 r  u_mmcm/inst/mmcm_adv_inst/CLKOUT0
                         net (fo=1, routed)           0.696    -1.257    u_mmcm/inst/clk_out1_clk_wiz_audio
    BUFGCTRL_X0Y16       BUFG (Prop_bufg_I_O)         0.026    -1.231 r  u_mmcm/inst/clkout1_buf/O
                         net (fo=332, routed)         0.634    -0.597    u_rx_ja/clk_out1
    SLICE_X112Y88        FDCE                                         r  u_rx_ja/bit_counter_reg[0]/C
  -------------------------------------------------------------------    -------------------
    SLICE_X112Y88        FDCE (Prop_fdce_C_Q)         0.164    -0.433 r  u_rx_ja/bit_counter_reg[0]/Q
                         net (fo=6, routed)           0.186    -0.247    u_rx_ja/bit_counter_reg_n_0_[0]
    SLICE_X112Y88        LUT5 (Prop_lut5_I1_O)        0.043    -0.204 r  u_rx_ja/bit_counter[3]_i_1/O
                         net (fo=1, routed)           0.000    -0.204    u_rx_ja/bit_counter[3]_i_1_n_0
    SLICE_X112Y88        FDCE                                         r  u_rx_ja/bit_counter_reg[3]/D
  -------------------------------------------------------------------    -------------------

                         (clock clk_out1_clk_wiz_audio_1 rise edge)
                                                      0.000     0.000 r  <hidden>
    H16                                               0.000     0.000 r  sysclk
                         net (fo=0)                   0.000     0.000    u_mmcm/inst/clk_in1
    H16                  IBUF (Prop_ibuf_I_O)         0.406     0.406 r  u_mmcm/inst/clkin1_ibufg/O
                         net (fo=1, routed)           0.480     0.886    u_mmcm/inst/clk_in1_clk_wiz_audio
    MMCME2_ADV_X1Y2      MMCME2_ADV (Prop_mmcme2_adv_CLKIN1_CLKOUT0)
                                                     -3.407    -2.521 r  u_mmcm/inst/mmcm_adv_inst/CLKOUT0
                         net (fo=1, routed)           0.752    -1.769    u_mmcm/inst/clk_out1_clk_wiz_audio
    BUFGCTRL_X0Y16       BUFG (Prop_bufg_I_O)         0.029    -1.740 r  u_mmcm/inst/clkout1_buf/O
                         net (fo=332, routed)         0.906    -0.834    u_rx_ja/clk_out1
    SLICE_X112Y88        FDCE                                         r  u_rx_ja/bit_counter_reg[3]/C
                         clock pessimism              0.236    -0.597    <hidden>
                         clock uncertainty            0.240    -0.358    <hidden>
    SLICE_X112Y88        FDCE (Hold_fdce_C_D)         0.131    -0.227    u_rx_ja/bit_counter_reg[3]
  -------------------------------------------------------------------
                         required time                          0.227    <hidden>
                         arrival time                          -0.204    <hidden>
  -------------------------------------------------------------------
                         slack                                  0.023    <hidden>

Slack (MET) :             0.025ns  (arrival time - required time)
  Source:                 u_matrix/out_reg_reg[0][6]/C
                            (rising edge-triggered cell FDCE clocked by clk_out1_clk_wiz_audio  {rise@0.000ns fall@40.690ns period=81.380ns})
  Destination:            u_tx_ja/shift_reg_reg[6]/D
                            (rising edge-triggered cell FDCE clocked by clk_out1_clk_wiz_audio_1  {rise@0.000ns fall@40.690ns period=81.380ns})
  Path Group:             clk_out1_clk_wiz_audio_1
  Path Type:              Hold (Min at Fast Process Corner)
  Requirement:            0.000ns  (clk_out1_clk_wiz_audio_1 rise@0.000ns - clk_out1_clk_wiz_audio rise@0.000ns)
  Data Path Delay:        0.373ns  (logic 0.226ns (60.650%)  route 0.147ns (39.350%))
  Logic Levels:           1  (LUT6=1)
  Clock Path Skew:        0.016ns (DCD - SCD - CPR)
    Destination Clock Delay (DCD):    -0.833ns
    Source Clock Delay      (SCD):    -0.596ns
    Clock Pessimism Removal (CPR):    -0.252ns
  Clock Uncertainty:      0.240ns  ((TSJ^2 + DJ^2)^1/2) / 2 + PE
    Total System Jitter     (TSJ):    0.071ns
    Discrete Jitter          (DJ):    0.474ns
    Phase Error              (PE):    0.000ns
  Clock Domain Crossing:  Inter clock paths are considered valid unless explicitly excluded by timing constraints such as set_clock_groups or set_false_path.

    Location             Delay type                Incr(ns)  Path(ns)    Netlist Resource(s)
  -------------------------------------------------------------------    -------------------
                         (clock clk_out1_clk_wiz_audio rise edge)
                                                      0.000     0.000 r  <hidden>
    H16                                               0.000     0.000 r  sysclk
                         net (fo=0)                   0.000     0.000    u_mmcm/inst/clk_in1
    H16                  IBUF (Prop_ibuf_I_O)         0.219     0.219 r  u_mmcm/inst/clkin1_ibufg/O
                         net (fo=1, routed)           0.440     0.659    u_mmcm/inst/clk_in1_clk_wiz_audio
    MMCME2_ADV_X1Y2      MMCME2_ADV (Prop_mmcme2_adv_CLKIN1_CLKOUT0)
                                                     -2.613    -1.954 r  u_mmcm/inst/mmcm_adv_inst/CLKOUT0
                         net (fo=1, routed)           0.696    -1.257    u_mmcm/inst/clk_out1_clk_wiz_audio
    BUFGCTRL_X0Y16       BUFG (Prop_bufg_I_O)         0.026    -1.231 r  u_mmcm/inst/clkout1_buf/O
                         net (fo=332, routed)         0.635    -0.596    u_matrix/clk_out1
    SLICE_X110Y91        FDCE                                         r  u_matrix/out_reg_reg[0][6]/C
  -------------------------------------------------------------------    -------------------
    SLICE_X110Y91        FDCE (Prop_fdce_C_Q)         0.128    -0.468 r  u_matrix/out_reg_reg[0][6]/Q
                         net (fo=1, routed)           0.147    -0.322    u_rx_ja/shift_reg_reg[23]_1[5]
    SLICE_X111Y90        LUT6 (Prop_lut6_I2_O)        0.098    -0.224 r  u_rx_ja/shift_reg[6]_i_1__0/O
                         net (fo=1, routed)           0.000    -0.224    u_tx_ja/shift_reg_reg[23]_0[6]
    SLICE_X111Y90        FDCE                                         r  u_tx_ja/shift_reg_reg[6]/D
  -------------------------------------------------------------------    -------------------

                         (clock clk_out1_clk_wiz_audio_1 rise edge)
                                                      0.000     0.000 r  <hidden>
    H16                                               0.000     0.000 r  sysclk
                         net (fo=0)                   0.000     0.000    u_mmcm/inst/clk_in1
    H16                  IBUF (Prop_ibuf_I_O)         0.406     0.406 r  u_mmcm/inst/clkin1_ibufg/O
                         net (fo=1, routed)           0.480     0.886    u_mmcm/inst/clk_in1_clk_wiz_audio
    MMCME2_ADV_X1Y2      MMCME2_ADV (Prop_mmcme2_adv_CLKIN1_CLKOUT0)
                                                     -3.407    -2.521 r  u_mmcm/inst/mmcm_adv_inst/CLKOUT0
                         net (fo=1, routed)           0.752    -1.769    u_mmcm/inst/clk_out1_clk_wiz_audio
    BUFGCTRL_X0Y16       BUFG (Prop_bufg_I_O)         0.029    -1.740 r  u_mmcm/inst/clkout1_buf/O
                         net (fo=332, routed)         0.907    -0.833    u_tx_ja/clk_out1
    SLICE_X111Y90        FDCE                                         r  u_tx_ja/shift_reg_reg[6]/C
                         clock pessimism              0.252    -0.580    <hidden>
                         clock uncertainty            0.240    -0.341    <hidden>
    SLICE_X111Y90        FDCE (Hold_fdce_C_D)         0.092    -0.249    u_tx_ja/shift_reg_reg[6]
  -------------------------------------------------------------------
                         required time                          0.249    <hidden>
                         arrival time                          -0.224    <hidden>
  -------------------------------------------------------------------
                         slack                                  0.025    <hidden>

Slack (MET) :             0.027ns  (arrival time - required time)
  Source:                 u_rx_ja/shift_reg_reg[4]/C
                            (rising edge-triggered cell FDCE clocked by clk_out1_clk_wiz_audio  {rise@0.000ns fall@40.690ns period=81.380ns})
  Destination:            u_rx_ja/left_data_reg[4]/D
                            (rising edge-triggered cell FDCE clocked by clk_out1_clk_wiz_audio_1  {rise@0.000ns fall@40.690ns period=81.380ns})
  Path Group:             clk_out1_clk_wiz_audio_1
  Path Type:              Hold (Min at Fast Process Corner)
  Requirement:            0.000ns  (clk_out1_clk_wiz_audio_1 rise@0.000ns - clk_out1_clk_wiz_audio rise@0.000ns)
  Data Path Delay:        0.299ns  (logic 0.128ns (42.822%)  route 0.171ns (57.178%))
  Logic Levels:           0  
  Clock Path Skew:        0.016ns (DCD - SCD - CPR)
    Destination Clock Delay (DCD):    -0.834ns
    Source Clock Delay      (SCD):    -0.597ns
    Clock Pessimism Removal (CPR):    -0.252ns
  Clock Uncertainty:      0.240ns  ((TSJ^2 + DJ^2)^1/2) / 2 + PE
    Total System Jitter     (TSJ):    0.071ns
    Discrete Jitter          (DJ):    0.474ns
    Phase Error              (PE):    0.000ns
  Clock Domain Crossing:  Inter clock paths are considered valid unless explicitly excluded by timing constraints such as set_clock_groups or set_false_path.

    Location             Delay type                Incr(ns)  Path(ns)    Netlist Resource(s)
  -------------------------------------------------------------------    -------------------
                         (clock clk_out1_clk_wiz_audio rise edge)
                                                      0.000     0.000 r  <hidden>
    H16                                               0.000     0.000 r  sysclk
                         net (fo=0)                   0.000     0.000    u_mmcm/inst/clk_in1
    H16                  IBUF (Prop_ibuf_I_O)         0.219     0.219 r  u_mmcm/inst/clkin1_ibufg/O
                         net (fo=1, routed)           0.440     0.659    u_mmcm/inst/clk_in1_clk_wiz_audio
    MMCME2_ADV_X1Y2      MMCME2_ADV (Prop_mmcme2_adv_CLKIN1_CLKOUT0)
                                                     -2.613    -1.954 r  u_mmcm/inst/mmcm_adv_inst/CLKOUT0
                         net (fo=1, routed)           0.696    -1.257    u_mmcm/inst/clk_out1_clk_wiz_audio
    BUFGCTRL_X0Y16       BUFG (Prop_bufg_I_O)         0.026    -1.231 r  u_mmcm/inst/clkout1_buf/O
                         net (fo=332, routed)         0.634    -0.597    u_rx_ja/clk_out1
    SLICE_X113Y89        FDCE                                         r  u_rx_ja/shift_reg_reg[4]/C
  -------------------------------------------------------------------    -------------------
    SLICE_X113Y89        FDCE (Prop_fdce_C_Q)         0.128    -0.469 r  u_rx_ja/shift_reg_reg[4]/Q
                         net (fo=3, routed)           0.171    -0.299    u_rx_ja/shift_reg_reg_n_0_[4]
    SLICE_X111Y89        FDCE                                         r  u_rx_ja/left_data_reg[4]/D
  -------------------------------------------------------------------    -------------------

                         (clock clk_out1_clk_wiz_audio_1 rise edge)
                                                      0.000     0.000 r  <hidden>
    H16                                               0.000     0.000 r  sysclk
                         net (fo=0)                   0.000     0.000    u_mmcm/inst/clk_in1
    H16                  IBUF (Prop_ibuf_I_O)         0.406     0.406 r  u_mmcm/inst/clkin1_ibufg/O
                         net (fo=1, routed)           0.480     0.886    u_mmcm/inst/clk_in1_clk_wiz_audio
    MMCME2_ADV_X1Y2      MMCME2_ADV (Prop_mmcme2_adv_CLKIN1_CLKOUT0)
                                                     -3.407    -2.521 r  u_mmcm/inst/mmcm_adv_inst/CLKOUT0
                         net (fo=1, routed)           0.752    -1.769    u_mmcm/inst/clk_out1_clk_wiz_audio
    BUFGCTRL_X0Y16       BUFG (Prop_bufg_I_O)         0.029    -1.740 r  u_mmcm/inst/clkout1_buf/O
                         net (fo=332, routed)         0.906    -0.834    u_rx_ja/clk_out1
    SLICE_X111Y89        FDCE                                         r  u_rx_ja/left_data_reg[4]/C
                         clock pessimism              0.252    -0.581    <hidden>
                         clock uncertainty            0.240    -0.342    <hidden>
    SLICE_X111Y89        FDCE (Hold_fdce_C_D)         0.016    -0.326    u_rx_ja/left_data_reg[4]
  -------------------------------------------------------------------
                         required time                          0.326    <hidden>
                         arrival time                          -0.299    <hidden>
  -------------------------------------------------------------------
                         slack                                  0.027    <hidden>

Slack (MET) :             0.028ns  (arrival time - required time)
  Source:                 u_div/cnt_reg[1]/C
                            (rising edge-triggered cell FDCE clocked by clk_out1_clk_wiz_audio  {rise@0.000ns fall@40.690ns period=81.380ns})
  Destination:            u_div/cnt_reg[2]/D
                            (rising edge-triggered cell FDCE clocked by clk_out1_clk_wiz_audio_1  {rise@0.000ns fall@40.690ns period=81.380ns})
  Path Group:             clk_out1_clk_wiz_audio_1
  Path Type:              Hold (Min at Fast Process Corner)
  Requirement:            0.000ns  (clk_out1_clk_wiz_audio_1 rise@0.000ns - clk_out1_clk_wiz_audio rise@0.000ns)
  Data Path Delay:        0.399ns  (logic 0.207ns (51.901%)  route 0.192ns (48.099%))
  Logic Levels:           1  (LUT3=1)
  Clock Path Skew:        0.000ns (DCD - SCD - CPR)
    Destination Clock Delay (DCD):    -0.842ns
    Source Clock Delay      (SCD):    -0.603ns
    Clock Pessimism Removal (CPR):    -0.238ns
  Clock Uncertainty:      0.240ns  ((TSJ^2 + DJ^2)^1/2) / 2 + PE
    Total System Jitter     (TSJ):    0.071ns
    Discrete Jitter          (DJ):    0.474ns
    Phase Error              (PE):    0.000ns
  Clock Domain Crossing:  Inter clock paths are considered valid unless explicitly excluded by timing constraints such as set_clock_groups or set_false_path.

    Location             Delay type                Incr(ns)  Path(ns)    Netlist Resource(s)
  -------------------------------------------------------------------    -------------------
                         (clock clk_out1_clk_wiz_audio rise edge)
                                                      0.000     0.000 r  <hidden>
    H16                                               0.000     0.000 r  sysclk
                         net (fo=0)                   0.000     0.000    u_mmcm/inst/clk_in1
    H16                  IBUF (Prop_ibuf_I_O)         0.219     0.219 r  u_mmcm/inst/clkin1_ibufg/O
                         net (fo=1, routed)           0.440     0.659    u_mmcm/inst/clk_in1_clk_wiz_audio
    MMCME2_ADV_X1Y2      MMCME2_ADV (Prop_mmcme2_adv_CLKIN1_CLKOUT0)
                                                     -2.613    -1.954 r  u_mmcm/inst/mmcm_adv_inst/CLKOUT0
                         net (fo=1, routed)           0.696    -1.257    u_mmcm/inst/clk_out1_clk_wiz_audio
    BUFGCTRL_X0Y16       BUFG (Prop_bufg_I_O)         0.026    -1.231 r  u_mmcm/inst/clkout1_buf/O
                         net (fo=332, routed)         0.628    -0.603    u_div/clk_out1
    SLICE_X112Y80        FDCE                                         r  u_div/cnt_reg[1]/C
  -------------------------------------------------------------------    -------------------
    SLICE_X112Y80        FDCE (Prop_fdce_C_Q)         0.164    -0.439 r  u_div/cnt_reg[1]/Q
                         net (fo=11, routed)          0.192    -0.248    u_div/out[0]
    SLICE_X112Y80        LUT3 (Prop_lut3_I1_O)        0.043    -0.205 r  u_div/cnt[2]_i_1/O
                         net (fo=1, routed)           0.000    -0.205    u_div/p_0_in[2]
    SLICE_X112Y80        FDCE                                         r  u_div/cnt_reg[2]/D
  -------------------------------------------------------------------    -------------------

                         (clock clk_out1_clk_wiz_audio_1 rise edge)
                                                      0.000     0.000 r  <hidden>
    H16                                               0.000     0.000 r  sysclk
                         net (fo=0)                   0.000     0.000    u_mmcm/inst/clk_in1
    H16                  IBUF (Prop_ibuf_I_O)         0.406     0.406 r  u_mmcm/inst/clkin1_ibufg/O
                         net (fo=1, routed)           0.480     0.886    u_mmcm/inst/clk_in1_clk_wiz_audio
    MMCME2_ADV_X1Y2      MMCME2_ADV (Prop_mmcme2_adv_CLKIN1_CLKOUT0)
                                                     -3.407    -2.521 r  u_mmcm/inst/mmcm_adv_inst/CLKOUT0
                         net (fo=1, routed)           0.752    -1.769    u_mmcm/inst/clk_out1_clk_wiz_audio
    BUFGCTRL_X0Y16       BUFG (Prop_bufg_I_O)         0.029    -1.740 r  u_mmcm/inst/clkout1_buf/O
                         net (fo=332, routed)         0.898    -0.842    u_div/clk_out1
    SLICE_X112Y80        FDCE                                         r  u_div/cnt_reg[2]/C
                         clock pessimism              0.238    -0.603    <hidden>
                         clock uncertainty            0.240    -0.364    <hidden>
    SLICE_X112Y80        FDCE (Hold_fdce_C_D)         0.131    -0.233    u_div/cnt_reg[2]
  -------------------------------------------------------------------
                         required time                          0.233    <hidden>
                         arrival time                          -0.205    <hidden>
  -------------------------------------------------------------------
                         slack                                  0.028    <hidden>

Slack (MET) :             0.032ns  (arrival time - required time)
  Source:                 u_rx_jb/left_data_reg[1]/C
                            (rising edge-triggered cell FDCE clocked by clk_out1_clk_wiz_audio  {rise@0.000ns fall@40.690ns period=81.380ns})
  Destination:            u_matrix/out_reg_reg[2][1]/D
                            (rising edge-triggered cell FDCE clocked by clk_out1_clk_wiz_audio_1  {rise@0.000ns fall@40.690ns period=81.380ns})
  Path Group:             clk_out1_clk_wiz_audio_1
  Path Type:              Hold (Min at Fast Process Corner)
  Requirement:            0.000ns  (clk_out1_clk_wiz_audio_1 rise@0.000ns - clk_out1_clk_wiz_audio rise@0.000ns)
  Data Path Delay:        0.376ns  (logic 0.186ns (49.436%)  route 0.190ns (50.564%))
  Logic Levels:           1  (LUT3=1)
  Clock Path Skew:        0.014ns (DCD - SCD - CPR)
    Destination Clock Delay (DCD):    -0.841ns
    Source Clock Delay      (SCD):    -0.600ns
    Clock Pessimism Removal (CPR):    -0.254ns
  Clock Uncertainty:      0.240ns  ((TSJ^2 + DJ^2)^1/2) / 2 + PE
    Total System Jitter     (TSJ):    0.071ns
    Discrete Jitter          (DJ):    0.474ns
    Phase Error              (PE):    0.000ns
  Clock Domain Crossing:  Inter clock paths are considered valid unless explicitly excluded by timing constraints such as set_clock_groups or set_false_path.

    Location             Delay type                Incr(ns)  Path(ns)    Netlist Resource(s)
  -------------------------------------------------------------------    -------------------
                         (clock clk_out1_clk_wiz_audio rise edge)
                                                      0.000     0.000 r  <hidden>
    H16                                               0.000     0.000 r  sysclk
                         net (fo=0)                   0.000     0.000    u_mmcm/inst/clk_in1
    H16                  IBUF (Prop_ibuf_I_O)         0.219     0.219 r  u_mmcm/inst/clkin1_ibufg/O
                         net (fo=1, routed)           0.440     0.659    u_mmcm/inst/clk_in1_clk_wiz_audio
    MMCME2_ADV_X1Y2      MMCME2_ADV (Prop_mmcme2_adv_CLKIN1_CLKOUT0)
                                                     -2.613    -1.954 r  u_mmcm/inst/mmcm_adv_inst/CLKOUT0
                         net (fo=1, routed)           0.696    -1.257    u_mmcm/inst/clk_out1_clk_wiz_audio
    BUFGCTRL_X0Y16       BUFG (Prop_bufg_I_O)         0.026    -1.231 r  u_mmcm/inst/clkout1_buf/O
                         net (fo=332, routed)         0.631    -0.600    u_rx_jb/clk_out1
    SLICE_X109Y84        FDCE                                         r  u_rx_jb/left_data_reg[1]/C
  -------------------------------------------------------------------    -------------------
    SLICE_X109Y84        FDCE (Prop_fdce_C_Q)         0.141    -0.459 r  u_rx_jb/left_data_reg[1]/Q
                         net (fo=1, routed)           0.190    -0.269    u_matrix/out_reg_reg[2][23]_1[1]
    SLICE_X106Y84        LUT3 (Prop_lut3_I2_O)        0.045    -0.224 r  u_matrix/out_reg[2][1]_i_1/O
                         net (fo=1, routed)           0.000    -0.224    u_matrix/out_reg[2][1]_i_1_n_0
    SLICE_X106Y84        FDCE                                         r  u_matrix/out_reg_reg[2][1]/D
  -------------------------------------------------------------------    -------------------

                         (clock clk_out1_clk_wiz_audio_1 rise edge)
                                                      0.000     0.000 r  <hidden>
    H16                                               0.000     0.000 r  sysclk
                         net (fo=0)                   0.000     0.000    u_mmcm/inst/clk_in1
    H16                  IBUF (Prop_ibuf_I_O)         0.406     0.406 r  u_mmcm/inst/clkin1_ibufg/O
                         net (fo=1, routed)           0.480     0.886    u_mmcm/inst/clk_in1_clk_wiz_audio
    MMCME2_ADV_X1Y2      MMCME2_ADV (Prop_mmcme2_adv_CLKIN1_CLKOUT0)
                                                     -3.407    -2.521 r  u_mmcm/inst/mmcm_adv_inst/CLKOUT0
                         net (fo=1, routed)           0.752    -1.769    u_mmcm/inst/clk_out1_clk_wiz_audio
    BUFGCTRL_X0Y16       BUFG (Prop_bufg_I_O)         0.029    -1.740 r  u_mmcm/inst/clkout1_buf/O
                         net (fo=332, routed)         0.899    -0.841    u_matrix/clk_out1
    SLICE_X106Y84        FDCE                                         r  u_matrix/out_reg_reg[2][1]/C
                         clock pessimism              0.254    -0.586    <hidden>
                         clock uncertainty            0.240    -0.347    <hidden>
    SLICE_X106Y84        FDCE (Hold_fdce_C_D)         0.091    -0.256    u_matrix/out_reg_reg[2][1]
  -------------------------------------------------------------------
                         required time                          0.256    <hidden>
                         arrival time                          -0.224    <hidden>
  -------------------------------------------------------------------
                         slack                                  0.032    <hidden>

Slack (MET) :             0.035ns  (arrival time - required time)
  Source:                 u_rx_ja/bit_counter_reg[0]/C
                            (rising edge-triggered cell FDCE clocked by clk_out1_clk_wiz_audio  {rise@0.000ns fall@40.690ns period=81.380ns})
  Destination:            u_rx_ja/bit_counter_reg[2]/D
                            (rising edge-triggered cell FDCE clocked by clk_out1_clk_wiz_audio_1  {rise@0.000ns fall@40.690ns period=81.380ns})
  Path Group:             clk_out1_clk_wiz_audio_1
  Path Type:              Hold (Min at Fast Process Corner)
  Requirement:            0.000ns  (clk_out1_clk_wiz_audio_1 rise@0.000ns - clk_out1_clk_wiz_audio rise@0.000ns)
  Data Path Delay:        0.395ns  (logic 0.209ns (52.866%)  route 0.186ns (47.134%))
  Logic Levels:           1  (LUT4=1)
  Clock Path Skew:        0.000ns (DCD - SCD - CPR)
    Destination Clock Delay (DCD):    -0.834ns
    Source Clock Delay      (SCD):    -0.597ns
    Clock Pessimism Removal (CPR):    -0.236ns
  Clock Uncertainty:      0.240ns  ((TSJ^2 + DJ^2)^1/2) / 2 + PE
    Total System Jitter     (TSJ):    0.071ns
    Discrete Jitter          (DJ):    0.474ns
    Phase Error              (PE):    0.000ns
  Clock Domain Crossing:  Inter clock paths are considered valid unless explicitly excluded by timing constraints such as set_clock_groups or set_false_path.

    Location             Delay type                Incr(ns)  Path(ns)    Netlist Resource(s)
  -------------------------------------------------------------------    -------------------
                         (clock clk_out1_clk_wiz_audio rise edge)
                                                      0.000     0.000 r  <hidden>
    H16                                               0.000     0.000 r  sysclk
                         net (fo=0)                   0.000     0.000    u_mmcm/inst/clk_in1
    H16                  IBUF (Prop_ibuf_I_O)         0.219     0.219 r  u_mmcm/inst/clkin1_ibufg/O
                         net (fo=1, routed)           0.440     0.659    u_mmcm/inst/clk_in1_clk_wiz_audio
    MMCME2_ADV_X1Y2      MMCME2_ADV (Prop_mmcme2_adv_CLKIN1_CLKOUT0)
                                                     -2.613    -1.954 r  u_mmcm/inst/mmcm_adv_inst/CLKOUT0
                         net (fo=1, routed)           0.696    -1.257    u_mmcm/inst/clk_out1_clk_wiz_audio
    BUFGCTRL_X0Y16       BUFG (Prop_bufg_I_O)         0.026    -1.231 r  u_mmcm/inst/clkout1_buf/O
                         net (fo=332, routed)         0.634    -0.597    u_rx_ja/clk_out1
    SLICE_X112Y88        FDCE                                         r  u_rx_ja/bit_counter_reg[0]/C
  -------------------------------------------------------------------    -------------------
    SLICE_X112Y88        FDCE (Prop_fdce_C_Q)         0.164    -0.433 r  u_rx_ja/bit_counter_reg[0]/Q
                         net (fo=6, routed)           0.186    -0.247    u_rx_ja/bit_counter_reg_n_0_[0]
    SLICE_X112Y88        LUT4 (Prop_lut4_I0_O)        0.045    -0.202 r  u_rx_ja/bit_counter[2]_i_1/O
                         net (fo=1, routed)           0.000    -0.202    u_rx_ja/bit_counter[2]_i_1_n_0
    SLICE_X112Y88        FDCE                                         r  u_rx_ja/bit_counter_reg[2]/D
  -------------------------------------------------------------------    -------------------

                         (clock clk_out1_clk_wiz_audio_1 rise edge)
                                                      0.000     0.000 r  <hidden>
    H16                                               0.000     0.000 r  sysclk
                         net (fo=0)                   0.000     0.000    u_mmcm/inst/clk_in1
    H16                  IBUF (Prop_ibuf_I_O)         0.406     0.406 r  u_mmcm/inst/clkin1_ibufg/O
                         net (fo=1, routed)           0.480     0.886    u_mmcm/inst/clk_in1_clk_wiz_audio
    MMCME2_ADV_X1Y2      MMCME2_ADV (Prop_mmcme2_adv_CLKIN1_CLKOUT0)
                                                     -3.407    -2.521 r  u_mmcm/inst/mmcm_adv_inst/CLKOUT0
                         net (fo=1, routed)           0.752    -1.769    u_mmcm/inst/clk_out1_clk_wiz_audio
    BUFGCTRL_X0Y16       BUFG (Prop_bufg_I_O)         0.029    -1.740 r  u_mmcm/inst/clkout1_buf/O
                         net (fo=332, routed)         0.906    -0.834    u_rx_ja/clk_out1
    SLICE_X112Y88        FDCE                                         r  u_rx_ja/bit_counter_reg[2]/C
                         clock pessimism              0.236    -0.597    <hidden>
                         clock uncertainty            0.240    -0.358    <hidden>
    SLICE_X112Y88        FDCE (Hold_fdce_C_D)         0.121    -0.237    u_rx_ja/bit_counter_reg[2]
  -------------------------------------------------------------------
                         required time                          0.237    <hidden>
                         arrival time                          -0.202    <hidden>
  -------------------------------------------------------------------
                         slack                                  0.035    <hidden>

Slack (MET) :             0.035ns  (arrival time - required time)
  Source:                 u_rx_ja/right_data_reg[4]/C
                            (rising edge-triggered cell FDCE clocked by clk_out1_clk_wiz_audio  {rise@0.000ns fall@40.690ns period=81.380ns})
  Destination:            u_matrix/out_reg_reg[1][4]/D
                            (rising edge-triggered cell FDCE clocked by clk_out1_clk_wiz_audio_1  {rise@0.000ns fall@40.690ns period=81.380ns})
  Path Group:             clk_out1_clk_wiz_audio_1
  Path Type:              Hold (Min at Fast Process Corner)
  Requirement:            0.000ns  (clk_out1_clk_wiz_audio_1 rise@0.000ns - clk_out1_clk_wiz_audio rise@0.000ns)
  Data Path Delay:        0.398ns  (logic 0.209ns (52.572%)  route 0.189ns (47.428%))
  Logic Levels:           1  (LUT3=1)
  Clock Path Skew:        0.016ns (DCD - SCD - CPR)
    Destination Clock Delay (DCD):    -0.834ns
    Source Clock Delay      (SCD):    -0.597ns
    Clock Pessimism Removal (CPR):    -0.252ns
  Clock Uncertainty:      0.240ns  ((TSJ^2 + DJ^2)^1/2) / 2 + PE
    Total System Jitter     (TSJ):    0.071ns
    Discrete Jitter          (DJ):    0.474ns
    Phase Error              (PE):    0.000ns
  Clock Domain Crossing:  Inter clock paths are considered valid unless explicitly excluded by timing constraints such as set_clock_groups or set_false_path.

    Location             Delay type                Incr(ns)  Path(ns)    Netlist Resource(s)
  -------------------------------------------------------------------    -------------------
                         (clock clk_out1_clk_wiz_audio rise edge)
                                                      0.000     0.000 r  <hidden>
    H16                                               0.000     0.000 r  sysclk
                         net (fo=0)                   0.000     0.000    u_mmcm/inst/clk_in1
    H16                  IBUF (Prop_ibuf_I_O)         0.219     0.219 r  u_mmcm/inst/clkin1_ibufg/O
                         net (fo=1, routed)           0.440     0.659    u_mmcm/inst/clk_in1_clk_wiz_audio
    MMCME2_ADV_X1Y2      MMCME2_ADV (Prop_mmcme2_adv_CLKIN1_CLKOUT0)
                                                     -2.613    -1.954 r  u_mmcm/inst/mmcm_adv_inst/CLKOUT0
                         net (fo=1, routed)           0.696    -1.257    u_mmcm/inst/clk_out1_clk_wiz_audio
    BUFGCTRL_X0Y16       BUFG (Prop_bufg_I_O)         0.026    -1.231 r  u_mmcm/inst/clkout1_buf/O
                         net (fo=332, routed)         0.634    -0.597    u_rx_ja/clk_out1
    SLICE_X112Y89        FDCE                                         r  u_rx_ja/right_data_reg[4]/C
  -------------------------------------------------------------------    -------------------
    SLICE_X112Y89        FDCE (Prop_fdce_C_Q)         0.164    -0.433 r  u_rx_ja/right_data_reg[4]/Q
                         net (fo=1, routed)           0.189    -0.245    u_matrix/Q[4]
    SLICE_X110Y89        LUT3 (Prop_lut3_I2_O)        0.045    -0.200 r  u_matrix/out_reg[1][4]_i_1/O
                         net (fo=1, routed)           0.000    -0.200    u_matrix/out_reg[1][4]_i_1_n_0
    SLICE_X110Y89        FDCE                                         r  u_matrix/out_reg_reg[1][4]/D
  -------------------------------------------------------------------    -------------------

                         (clock clk_out1_clk_wiz_audio_1 rise edge)
                                                      0.000     0.000 r  <hidden>
    H16                                               0.000     0.000 r  sysclk
                         net (fo=0)                   0.000     0.000    u_mmcm/inst/clk_in1
    H16                  IBUF (Prop_ibuf_I_O)         0.406     0.406 r  u_mmcm/inst/clkin1_ibufg/O
                         net (fo=1, routed)           0.480     0.886    u_mmcm/inst/clk_in1_clk_wiz_audio
    MMCME2_ADV_X1Y2      MMCME2_ADV (Prop_mmcme2_adv_CLKIN1_CLKOUT0)
                                                     -3.407    -2.521 r  u_mmcm/inst/mmcm_adv_inst/CLKOUT0
                         net (fo=1, routed)           0.752    -1.769    u_mmcm/inst/clk_out1_clk_wiz_audio
    BUFGCTRL_X0Y16       BUFG (Prop_bufg_I_O)         0.029    -1.740 r  u_mmcm/inst/clkout1_buf/O
                         net (fo=332, routed)         0.906    -0.834    u_matrix/clk_out1
    SLICE_X110Y89        FDCE                                         r  u_matrix/out_reg_reg[1][4]/C
                         clock pessimism              0.252    -0.581    <hidden>
                         clock uncertainty            0.240    -0.342    <hidden>
    SLICE_X110Y89        FDCE (Hold_fdce_C_D)         0.107    -0.235    u_matrix/out_reg_reg[1][4]
  -------------------------------------------------------------------
                         required time                          0.235    <hidden>
                         arrival time                          -0.200    <hidden>
  -------------------------------------------------------------------
                         slack                                  0.035    <hidden>





---------------------------------------------------------------------------------------------------
From Clock:  clk_out1_clk_wiz_audio_1
  To Clock:  clk_out1_clk_wiz_audio

Setup :            0  Failing Endpoints,  Worst Slack       75.028ns,  Total Violation        0.000ns
Hold  :            0  Failing Endpoints,  Worst Slack        0.007ns,  Total Violation        0.000ns
---------------------------------------------------------------------------------------------------


Max Delay Paths
--------------------------------------------------------------------------------------
Slack (MET) :             75.028ns  (required time - arrival time)
  Source:                 u_rx_ja/lrck_prev_reg/C
                            (rising edge-triggered cell FDCE clocked by clk_out1_clk_wiz_audio_1  {rise@0.000ns fall@40.690ns period=81.380ns})
  Destination:            u_rx_ja/right_data_reg[14]/CE
                            (rising edge-triggered cell FDCE clocked by clk_out1_clk_wiz_audio  {rise@0.000ns fall@40.690ns period=81.380ns})
  Path Group:             clk_out1_clk_wiz_audio
  Path Type:              Setup (Max at Slow Process Corner)
  Requirement:            81.380ns  (clk_out1_clk_wiz_audio rise@81.380ns - clk_out1_clk_wiz_audio_1 rise@0.000ns)
  Data Path Delay:        5.675ns  (logic 0.795ns (14.009%)  route 4.880ns (85.991%))
  Logic Levels:           2  (LUT2=2)
  Clock Path Skew:        -0.062ns (DCD - SCD + CPR)
    Destination Clock Delay (DCD):    -1.562ns = ( 79.818 - 81.380 ) 
    Source Clock Delay      (SCD):    -0.933ns
    Clock Pessimism Removal (CPR):    0.567ns
  Clock Uncertainty:      0.240ns  ((TSJ^2 + DJ^2)^1/2) / 2 + PE
    Total System Jitter     (TSJ):    0.071ns
    Discrete Jitter          (DJ):    0.474ns
    Phase Error              (PE):    0.000ns
  Clock Domain Crossing:  Inter clock paths are considered valid unless explicitly excluded by timing constraints such as set_clock_groups or set_false_path.

    Location             Delay type                Incr(ns)  Path(ns)    Netlist Resource(s)
  -------------------------------------------------------------------    -------------------
                         (clock clk_out1_clk_wiz_audio_1 rise edge)
                                                      0.000     0.000 r  <hidden>
    H16                                               0.000     0.000 r  sysclk
                         net (fo=0)                   0.000     0.000    u_mmcm/inst/clk_in1
    H16                  IBUF (Prop_ibuf_I_O)         1.451     1.451 r  u_mmcm/inst/clkin1_ibufg/O
                         net (fo=1, routed)           1.285     2.736    u_mmcm/inst/clk_in1_clk_wiz_audio
    MMCME2_ADV_X1Y2      MMCME2_ADV (Prop_mmcme2_adv_CLKIN1_CLKOUT0)
                                                     -7.759    -5.023 r  u_mmcm/inst/mmcm_adv_inst/CLKOUT0
                         net (fo=1, routed)           2.206    -2.817    u_mmcm/inst/clk_out1_clk_wiz_audio
    BUFGCTRL_X0Y16       BUFG (Prop_bufg_I_O)         0.101    -2.716 r  u_mmcm/inst/clkout1_buf/O
                         net (fo=332, routed)         1.783    -0.933    u_rx_ja/clk_out1
    SLICE_X102Y90        FDCE                                         r  u_rx_ja/lrck_prev_reg/C
  -------------------------------------------------------------------    -------------------
    SLICE_X102Y90        FDCE (Prop_fdce_C_Q)         0.518    -0.415 r  u_rx_ja/lrck_prev_reg/Q
                         net (fo=49, routed)          1.948     1.533    u_rx_ja/lrck_prev
    SLICE_X106Y86        LUT2 (Prop_lut2_I0_O)        0.124     1.657 r  u_rx_ja/bit_counter[4]_i_3/O
                         net (fo=126, routed)         0.889     2.546    u_rx_ja/lrck_changed
    SLICE_X112Y86        LUT2 (Prop_lut2_I0_O)        0.153     2.699 r  u_rx_ja/sample_valid_i_1/O
                         net (fo=49, routed)          2.043     4.742    u_rx_ja/channel_prev_reg_0[0]
    SLICE_X104Y89        FDCE                                         r  u_rx_ja/right_data_reg[14]/CE
  -------------------------------------------------------------------    -------------------

                         (clock clk_out1_clk_wiz_audio rise edge)
                                                     81.380    81.380 r  <hidden>
    H16                                               0.000    81.380 r  sysclk
                         net (fo=0)                   0.000    81.380    u_mmcm/inst/clk_in1
    H16                  IBUF (Prop_ibuf_I_O)         1.380    82.760 r  u_mmcm/inst/clkin1_ibufg/O
                         net (fo=1, routed)           1.162    83.922    u_mmcm/inst/clk_in1_clk_wiz_audio
    MMCME2_ADV_X1Y2      MMCME2_ADV (Prop_mmcme2_adv_CLKIN1_CLKOUT0)
                                                     -7.814    76.108 r  u_mmcm/inst/mmcm_adv_inst/CLKOUT0
                         net (fo=1, routed)           2.012    78.120    u_mmcm/inst/clk_out1_clk_wiz_audio
    BUFGCTRL_X0Y16       BUFG (Prop_bufg_I_O)         0.091    78.211 r  u_mmcm/inst/clkout1_buf/O
                         net (fo=332, routed)         1.607    79.818    u_rx_ja/clk_out1
    SLICE_X104Y89        FDCE                                         r  u_rx_ja/right_data_reg[14]/C
                         clock pessimism              0.567    80.385    <hidden>
                         clock uncertainty           -0.240    80.145    <hidden>
    SLICE_X104Y89        FDCE (Setup_fdce_C_CE)      -0.376    79.769    u_rx_ja/right_data_reg[14]
  -------------------------------------------------------------------
                         required time                         79.769    <hidden>
                         arrival time                          -4.742    <hidden>
  -------------------------------------------------------------------
                         slack                                 75.028    <hidden>

Slack (MET) :             75.028ns  (required time - arrival time)
  Source:                 u_rx_ja/lrck_prev_reg/C
                            (rising edge-triggered cell FDCE clocked by clk_out1_clk_wiz_audio_1  {rise@0.000ns fall@40.690ns period=81.380ns})
  Destination:            u_rx_ja/right_data_reg[17]/CE
                            (rising edge-triggered cell FDCE clocked by clk_out1_clk_wiz_audio  {rise@0.000ns fall@40.690ns period=81.380ns})
  Path Group:             clk_out1_clk_wiz_audio
  Path Type:              Setup (Max at Slow Process Corner)
  Requirement:            81.380ns  (clk_out1_clk_wiz_audio rise@81.380ns - clk_out1_clk_wiz_audio_1 rise@0.000ns)
  Data Path Delay:        5.675ns  (logic 0.795ns (14.009%)  route 4.880ns (85.991%))
  Logic Levels:           2  (LUT2=2)
  Clock Path Skew:        -0.062ns (DCD - SCD + CPR)
    Destination Clock Delay (DCD):    -1.562ns = ( 79.818 - 81.380 ) 
    Source Clock Delay      (SCD):    -0.933ns
    Clock Pessimism Removal (CPR):    0.567ns
  Clock Uncertainty:      0.240ns  ((TSJ^2 + DJ^2)^1/2) / 2 + PE
    Total System Jitter     (TSJ):    0.071ns
    Discrete Jitter          (DJ):    0.474ns
    Phase Error              (PE):    0.000ns
  Clock Domain Crossing:  Inter clock paths are considered valid unless explicitly excluded by timing constraints such as set_clock_groups or set_false_path.

    Location             Delay type                Incr(ns)  Path(ns)    Netlist Resource(s)
  -------------------------------------------------------------------    -------------------
                         (clock clk_out1_clk_wiz_audio_1 rise edge)
                                                      0.000     0.000 r  <hidden>
    H16                                               0.000     0.000 r  sysclk
                         net (fo=0)                   0.000     0.000    u_mmcm/inst/clk_in1
    H16                  IBUF (Prop_ibuf_I_O)         1.451     1.451 r  u_mmcm/inst/clkin1_ibufg/O
                         net (fo=1, routed)           1.285     2.736    u_mmcm/inst/clk_in1_clk_wiz_audio
    MMCME2_ADV_X1Y2      MMCME2_ADV (Prop_mmcme2_adv_CLKIN1_CLKOUT0)
                                                     -7.759    -5.023 r  u_mmcm/inst/mmcm_adv_inst/CLKOUT0
                         net (fo=1, routed)           2.206    -2.817    u_mmcm/inst/clk_out1_clk_wiz_audio
    BUFGCTRL_X0Y16       BUFG (Prop_bufg_I_O)         0.101    -2.716 r  u_mmcm/inst/clkout1_buf/O
                         net (fo=332, routed)         1.783    -0.933    u_rx_ja/clk_out1
    SLICE_X102Y90        FDCE                                         r  u_rx_ja/lrck_prev_reg/C
  -------------------------------------------------------------------    -------------------
    SLICE_X102Y90        FDCE (Prop_fdce_C_Q)         0.518    -0.415 r  u_rx_ja/lrck_prev_reg/Q
                         net (fo=49, routed)          1.948     1.533    u_rx_ja/lrck_prev
    SLICE_X106Y86        LUT2 (Prop_lut2_I0_O)        0.124     1.657 r  u_rx_ja/bit_counter[4]_i_3/O
                         net (fo=126, routed)         0.889     2.546    u_rx_ja/lrck_changed
    SLICE_X112Y86        LUT2 (Prop_lut2_I0_O)        0.153     2.699 r  u_rx_ja/sample_valid_i_1/O
                         net (fo=49, routed)          2.043     4.742    u_rx_ja/channel_prev_reg_0[0]
    SLICE_X104Y89        FDCE                                         r  u_rx_ja/right_data_reg[17]/CE
  -------------------------------------------------------------------    -------------------

                         (clock clk_out1_clk_wiz_audio rise edge)
                                                     81.380    81.380 r  <hidden>
    H16                                               0.000    81.380 r  sysclk
                         net (fo=0)                   0.000    81.380    u_mmcm/inst/clk_in1
    H16                  IBUF (Prop_ibuf_I_O)         1.380    82.760 r  u_mmcm/inst/clkin1_ibufg/O
                         net (fo=1, routed)           1.162    83.922    u_mmcm/inst/clk_in1_clk_wiz_audio
    MMCME2_ADV_X1Y2      MMCME2_ADV (Prop_mmcme2_adv_CLKIN1_CLKOUT0)
                                                     -7.814    76.108 r  u_mmcm/inst/mmcm_adv_inst/CLKOUT0
                         net (fo=1, routed)           2.012    78.120    u_mmcm/inst/clk_out1_clk_wiz_audio
    BUFGCTRL_X0Y16       BUFG (Prop_bufg_I_O)         0.091    78.211 r  u_mmcm/inst/clkout1_buf/O
                         net (fo=332, routed)         1.607    79.818    u_rx_ja/clk_out1
    SLICE_X104Y89        FDCE                                         r  u_rx_ja/right_data_reg[17]/C
                         clock pessimism              0.567    80.385    <hidden>
                         clock uncertainty           -0.240    80.145    <hidden>
    SLICE_X104Y89        FDCE (Setup_fdce_C_CE)      -0.376    79.769    u_rx_ja/right_data_reg[17]
  -------------------------------------------------------------------
                         required time                         79.769    <hidden>
                         arrival time                          -4.742    <hidden>
  -------------------------------------------------------------------
                         slack                                 75.028    <hidden>

Slack (MET) :             75.028ns  (required time - arrival time)
  Source:                 u_rx_ja/lrck_prev_reg/C
                            (rising edge-triggered cell FDCE clocked by clk_out1_clk_wiz_audio_1  {rise@0.000ns fall@40.690ns period=81.380ns})
  Destination:            u_rx_ja/right_data_reg[18]/CE
                            (rising edge-triggered cell FDCE clocked by clk_out1_clk_wiz_audio  {rise@0.000ns fall@40.690ns period=81.380ns})
  Path Group:             clk_out1_clk_wiz_audio
  Path Type:              Setup (Max at Slow Process Corner)
  Requirement:            81.380ns  (clk_out1_clk_wiz_audio rise@81.380ns - clk_out1_clk_wiz_audio_1 rise@0.000ns)
  Data Path Delay:        5.675ns  (logic 0.795ns (14.009%)  route 4.880ns (85.991%))
  Logic Levels:           2  (LUT2=2)
  Clock Path Skew:        -0.062ns (DCD - SCD + CPR)
    Destination Clock Delay (DCD):    -1.562ns = ( 79.818 - 81.380 ) 
    Source Clock Delay      (SCD):    -0.933ns
    Clock Pessimism Removal (CPR):    0.567ns
  Clock Uncertainty:      0.240ns  ((TSJ^2 + DJ^2)^1/2) / 2 + PE
    Total System Jitter     (TSJ):    0.071ns
    Discrete Jitter          (DJ):    0.474ns
    Phase Error              (PE):    0.000ns
  Clock Domain Crossing:  Inter clock paths are considered valid unless explicitly excluded by timing constraints such as set_clock_groups or set_false_path.

    Location             Delay type                Incr(ns)  Path(ns)    Netlist Resource(s)
  -------------------------------------------------------------------    -------------------
                         (clock clk_out1_clk_wiz_audio_1 rise edge)
                                                      0.000     0.000 r  <hidden>
    H16                                               0.000     0.000 r  sysclk
                         net (fo=0)                   0.000     0.000    u_mmcm/inst/clk_in1
    H16                  IBUF (Prop_ibuf_I_O)         1.451     1.451 r  u_mmcm/inst/clkin1_ibufg/O
                         net (fo=1, routed)           1.285     2.736    u_mmcm/inst/clk_in1_clk_wiz_audio
    MMCME2_ADV_X1Y2      MMCME2_ADV (Prop_mmcme2_adv_CLKIN1_CLKOUT0)
                                                     -7.759    -5.023 r  u_mmcm/inst/mmcm_adv_inst/CLKOUT0
                         net (fo=1, routed)           2.206    -2.817    u_mmcm/inst/clk_out1_clk_wiz_audio
    BUFGCTRL_X0Y16       BUFG (Prop_bufg_I_O)         0.101    -2.716 r  u_mmcm/inst/clkout1_buf/O
                         net (fo=332, routed)         1.783    -0.933    u_rx_ja/clk_out1
    SLICE_X102Y90        FDCE                                         r  u_rx_ja/lrck_prev_reg/C
  -------------------------------------------------------------------    -------------------
    SLICE_X102Y90        FDCE (Prop_fdce_C_Q)         0.518    -0.415 r  u_rx_ja/lrck_prev_reg/Q
                         net (fo=49, routed)          1.948     1.533    u_rx_ja/lrck_prev
    SLICE_X106Y86        LUT2 (Prop_lut2_I0_O)        0.124     1.657 r  u_rx_ja/bit_counter[4]_i_3/O
                         net (fo=126, routed)         0.889     2.546    u_rx_ja/lrck_changed
    SLICE_X112Y86        LUT2 (Prop_lut2_I0_O)        0.153     2.699 r  u_rx_ja/sample_valid_i_1/O
                         net (fo=49, routed)          2.043     4.742    u_rx_ja/channel_prev_reg_0[0]
    SLICE_X104Y89        FDCE                                         r  u_rx_ja/right_data_reg[18]/CE
  -------------------------------------------------------------------    -------------------

                         (clock clk_out1_clk_wiz_audio rise edge)
                                                     81.380    81.380 r  <hidden>
    H16                                               0.000    81.380 r  sysclk
                         net (fo=0)                   0.000    81.380    u_mmcm/inst/clk_in1
    H16                  IBUF (Prop_ibuf_I_O)         1.380    82.760 r  u_mmcm/inst/clkin1_ibufg/O
                         net (fo=1, routed)           1.162    83.922    u_mmcm/inst/clk_in1_clk_wiz_audio
    MMCME2_ADV_X1Y2      MMCME2_ADV (Prop_mmcme2_adv_CLKIN1_CLKOUT0)
                                                     -7.814    76.108 r  u_mmcm/inst/mmcm_adv_inst/CLKOUT0
                         net (fo=1, routed)           2.012    78.120    u_mmcm/inst/clk_out1_clk_wiz_audio
    BUFGCTRL_X0Y16       BUFG (Prop_bufg_I_O)         0.091    78.211 r  u_mmcm/inst/clkout1_buf/O
                         net (fo=332, routed)         1.607    79.818    u_rx_ja/clk_out1
    SLICE_X104Y89        FDCE                                         r  u_rx_ja/right_data_reg[18]/C
                         clock pessimism              0.567    80.385    <hidden>
                         clock uncertainty           -0.240    80.145    <hidden>
    SLICE_X104Y89        FDCE (Setup_fdce_C_CE)      -0.376    79.769    u_rx_ja/right_data_reg[18]
  -------------------------------------------------------------------
                         required time                         79.769    <hidden>
                         arrival time                          -4.742    <hidden>
  -------------------------------------------------------------------
                         slack                                 75.028    <hidden>

Slack (MET) :             75.028ns  (required time - arrival time)
  Source:                 u_rx_ja/lrck_prev_reg/C
                            (rising edge-triggered cell FDCE clocked by clk_out1_clk_wiz_audio_1  {rise@0.000ns fall@40.690ns period=81.380ns})
  Destination:            u_rx_ja/right_data_reg[20]/CE
                            (rising edge-triggered cell FDCE clocked by clk_out1_clk_wiz_audio  {rise@0.000ns fall@40.690ns period=81.380ns})
  Path Group:             clk_out1_clk_wiz_audio
  Path Type:              Setup (Max at Slow Process Corner)
  Requirement:            81.380ns  (clk_out1_clk_wiz_audio rise@81.380ns - clk_out1_clk_wiz_audio_1 rise@0.000ns)
  Data Path Delay:        5.675ns  (logic 0.795ns (14.009%)  route 4.880ns (85.991%))
  Logic Levels:           2  (LUT2=2)
  Clock Path Skew:        -0.062ns (DCD - SCD + CPR)
    Destination Clock Delay (DCD):    -1.562ns = ( 79.818 - 81.380 ) 
    Source Clock Delay      (SCD):    -0.933ns
    Clock Pessimism Removal (CPR):    0.567ns
  Clock Uncertainty:      0.240ns  ((TSJ^2 + DJ^2)^1/2) / 2 + PE
    Total System Jitter     (TSJ):    0.071ns
    Discrete Jitter          (DJ):    0.474ns
    Phase Error              (PE):    0.000ns
  Clock Domain Crossing:  Inter clock paths are considered valid unless explicitly excluded by timing constraints such as set_clock_groups or set_false_path.

    Location             Delay type                Incr(ns)  Path(ns)    Netlist Resource(s)
  -------------------------------------------------------------------    -------------------
                         (clock clk_out1_clk_wiz_audio_1 rise edge)
                                                      0.000     0.000 r  <hidden>
    H16                                               0.000     0.000 r  sysclk
                         net (fo=0)                   0.000     0.000    u_mmcm/inst/clk_in1
    H16                  IBUF (Prop_ibuf_I_O)         1.451     1.451 r  u_mmcm/inst/clkin1_ibufg/O
                         net (fo=1, routed)           1.285     2.736    u_mmcm/inst/clk_in1_clk_wiz_audio
    MMCME2_ADV_X1Y2      MMCME2_ADV (Prop_mmcme2_adv_CLKIN1_CLKOUT0)
                                                     -7.759    -5.023 r  u_mmcm/inst/mmcm_adv_inst/CLKOUT0
                         net (fo=1, routed)           2.206    -2.817    u_mmcm/inst/clk_out1_clk_wiz_audio
    BUFGCTRL_X0Y16       BUFG (Prop_bufg_I_O)         0.101    -2.716 r  u_mmcm/inst/clkout1_buf/O
                         net (fo=332, routed)         1.783    -0.933    u_rx_ja/clk_out1
    SLICE_X102Y90        FDCE                                         r  u_rx_ja/lrck_prev_reg/C
  -------------------------------------------------------------------    -------------------
    SLICE_X102Y90        FDCE (Prop_fdce_C_Q)         0.518    -0.415 r  u_rx_ja/lrck_prev_reg/Q
                         net (fo=49, routed)          1.948     1.533    u_rx_ja/lrck_prev
    SLICE_X106Y86        LUT2 (Prop_lut2_I0_O)        0.124     1.657 r  u_rx_ja/bit_counter[4]_i_3/O
                         net (fo=126, routed)         0.889     2.546    u_rx_ja/lrck_changed
    SLICE_X112Y86        LUT2 (Prop_lut2_I0_O)        0.153     2.699 r  u_rx_ja/sample_valid_i_1/O
                         net (fo=49, routed)          2.043     4.742    u_rx_ja/channel_prev_reg_0[0]
    SLICE_X104Y89        FDCE                                         r  u_rx_ja/right_data_reg[20]/CE
  -------------------------------------------------------------------    -------------------

                         (clock clk_out1_clk_wiz_audio rise edge)
                                                     81.380    81.380 r  <hidden>
    H16                                               0.000    81.380 r  sysclk
                         net (fo=0)                   0.000    81.380    u_mmcm/inst/clk_in1
    H16                  IBUF (Prop_ibuf_I_O)         1.380    82.760 r  u_mmcm/inst/clkin1_ibufg/O
                         net (fo=1, routed)           1.162    83.922    u_mmcm/inst/clk_in1_clk_wiz_audio
    MMCME2_ADV_X1Y2      MMCME2_ADV (Prop_mmcme2_adv_CLKIN1_CLKOUT0)
                                                     -7.814    76.108 r  u_mmcm/inst/mmcm_adv_inst/CLKOUT0
                         net (fo=1, routed)           2.012    78.120    u_mmcm/inst/clk_out1_clk_wiz_audio
    BUFGCTRL_X0Y16       BUFG (Prop_bufg_I_O)         0.091    78.211 r  u_mmcm/inst/clkout1_buf/O
                         net (fo=332, routed)         1.607    79.818    u_rx_ja/clk_out1
    SLICE_X104Y89        FDCE                                         r  u_rx_ja/right_data_reg[20]/C
                         clock pessimism              0.567    80.385    <hidden>
                         clock uncertainty           -0.240    80.145    <hidden>
    SLICE_X104Y89        FDCE (Setup_fdce_C_CE)      -0.376    79.769    u_rx_ja/right_data_reg[20]
  -------------------------------------------------------------------
                         required time                         79.769    <hidden>
                         arrival time                          -4.742    <hidden>
  -------------------------------------------------------------------
                         slack                                 75.028    <hidden>

Slack (MET) :             75.340ns  (required time - arrival time)
  Source:                 u_rx_ja/lrck_prev_reg/C
                            (rising edge-triggered cell FDCE clocked by clk_out1_clk_wiz_audio_1  {rise@0.000ns fall@40.690ns period=81.380ns})
  Destination:            u_rx_ja/right_data_reg[11]/CE
                            (rising edge-triggered cell FDCE clocked by clk_out1_clk_wiz_audio  {rise@0.000ns fall@40.690ns period=81.380ns})
  Path Group:             clk_out1_clk_wiz_audio
  Path Type:              Setup (Max at Slow Process Corner)
  Requirement:            81.380ns  (clk_out1_clk_wiz_audio rise@81.380ns - clk_out1_clk_wiz_audio_1 rise@0.000ns)
  Data Path Delay:        5.364ns  (logic 0.795ns (14.821%)  route 4.569ns (85.179%))
  Logic Levels:           2  (LUT2=2)
  Clock Path Skew:        -0.024ns (DCD - SCD + CPR)
    Destination Clock Delay (DCD):    -1.561ns = ( 79.819 - 81.380 ) 
    Source Clock Delay      (SCD):    -0.933ns
    Clock Pessimism Removal (CPR):    0.604ns
  Clock Uncertainty:      0.240ns  ((TSJ^2 + DJ^2)^1/2) / 2 + PE
    Total System Jitter     (TSJ):    0.071ns
    Discrete Jitter          (DJ):    0.474ns
    Phase Error              (PE):    0.000ns
  Clock Domain Crossing:  Inter clock paths are considered valid unless explicitly excluded by timing constraints such as set_clock_groups or set_false_path.

    Location             Delay type                Incr(ns)  Path(ns)    Netlist Resource(s)
  -------------------------------------------------------------------    -------------------
                         (clock clk_out1_clk_wiz_audio_1 rise edge)
                                                      0.000     0.000 r  <hidden>
    H16                                               0.000     0.000 r  sysclk
                         net (fo=0)                   0.000     0.000    u_mmcm/inst/clk_in1
    H16                  IBUF (Prop_ibuf_I_O)         1.451     1.451 r  u_mmcm/inst/clkin1_ibufg/O
                         net (fo=1, routed)           1.285     2.736    u_mmcm/inst/clk_in1_clk_wiz_audio
    MMCME2_ADV_X1Y2      MMCME2_ADV (Prop_mmcme2_adv_CLKIN1_CLKOUT0)
                                                     -7.759    -5.023 r  u_mmcm/inst/mmcm_adv_inst/CLKOUT0
                         net (fo=1, routed)           2.206    -2.817    u_mmcm/inst/clk_out1_clk_wiz_audio
    BUFGCTRL_X0Y16       BUFG (Prop_bufg_I_O)         0.101    -2.716 r  u_mmcm/inst/clkout1_buf/O
                         net (fo=332, routed)         1.783    -0.933    u_rx_ja/clk_out1
    SLICE_X102Y90        FDCE                                         r  u_rx_ja/lrck_prev_reg/C
  -------------------------------------------------------------------    -------------------
    SLICE_X102Y90        FDCE (Prop_fdce_C_Q)         0.518    -0.415 r  u_rx_ja/lrck_prev_reg/Q
                         net (fo=49, routed)          1.948     1.533    u_rx_ja/lrck_prev
    SLICE_X106Y86        LUT2 (Prop_lut2_I0_O)        0.124     1.657 r  u_rx_ja/bit_counter[4]_i_3/O
                         net (fo=126, routed)         0.889     2.546    u_rx_ja/lrck_changed
    SLICE_X112Y86        LUT2 (Prop_lut2_I0_O)        0.153     2.699 r  u_rx_ja/sample_valid_i_1/O
                         net (fo=49, routed)          1.732     4.431    u_rx_ja/channel_prev_reg_0[0]
    SLICE_X103Y91        FDCE                                         r  u_rx_ja/right_data_reg[11]/CE
  -------------------------------------------------------------------    -------------------

                         (clock clk_out1_clk_wiz_audio rise edge)
                                                     81.380    81.380 r  <hidden>
    H16                                               0.000    81.380 r  sysclk
                         net (fo=0)                   0.000    81.380    u_mmcm/inst/clk_in1
    H16                  IBUF (Prop_ibuf_I_O)         1.380    82.760 r  u_mmcm/inst/clkin1_ibufg/O
                         net (fo=1, routed)           1.162    83.922    u_mmcm/inst/clk_in1_clk_wiz_audio
    MMCME2_ADV_X1Y2      MMCME2_ADV (Prop_mmcme2_adv_CLKIN1_CLKOUT0)
                                                     -7.814    76.108 r  u_mmcm/inst/mmcm_adv_inst/CLKOUT0
                         net (fo=1, routed)           2.012    78.120    u_mmcm/inst/clk_out1_clk_wiz_audio
    BUFGCTRL_X0Y16       BUFG (Prop_bufg_I_O)         0.091    78.211 r  u_mmcm/inst/clkout1_buf/O
                         net (fo=332, routed)         1.608    79.819    u_rx_ja/clk_out1
    SLICE_X103Y91        FDCE                                         r  u_rx_ja/right_data_reg[11]/C
                         clock pessimism              0.604    80.423    <hidden>
                         clock uncertainty           -0.240    80.183    <hidden>
    SLICE_X103Y91        FDCE (Setup_fdce_C_CE)      -0.412    79.771    u_rx_ja/right_data_reg[11]
  -------------------------------------------------------------------
                         required time                         79.771    <hidden>
                         arrival time                          -4.431    <hidden>
  -------------------------------------------------------------------
                         slack                                 75.340    <hidden>

Slack (MET) :             75.340ns  (required time - arrival time)
  Source:                 u_rx_ja/lrck_prev_reg/C
                            (rising edge-triggered cell FDCE clocked by clk_out1_clk_wiz_audio_1  {rise@0.000ns fall@40.690ns period=81.380ns})
  Destination:            u_rx_ja/right_data_reg[12]/CE
                            (rising edge-triggered cell FDCE clocked by clk_out1_clk_wiz_audio  {rise@0.000ns fall@40.690ns period=81.380ns})
  Path Group:             clk_out1_clk_wiz_audio
  Path Type:              Setup (Max at Slow Process Corner)
  Requirement:            81.380ns  (clk_out1_clk_wiz_audio rise@81.380ns - clk_out1_clk_wiz_audio_1 rise@0.000ns)
  Data Path Delay:        5.364ns  (logic 0.795ns (14.821%)  route 4.569ns (85.179%))
  Logic Levels:           2  (LUT2=2)
  Clock Path Skew:        -0.024ns (DCD - SCD + CPR)
    Destination Clock Delay (DCD):    -1.561ns = ( 79.819 - 81.380 ) 
    Source Clock Delay      (SCD):    -0.933ns
    Clock Pessimism Removal (CPR):    0.604ns
  Clock Uncertainty:      0.240ns  ((TSJ^2 + DJ^2)^1/2) / 2 + PE
    Total System Jitter     (TSJ):    0.071ns
    Discrete Jitter          (DJ):    0.474ns
    Phase Error              (PE):    0.000ns
  Clock Domain Crossing:  Inter clock paths are considered valid unless explicitly excluded by timing constraints such as set_clock_groups or set_false_path.

    Location             Delay type                Incr(ns)  Path(ns)    Netlist Resource(s)
  -------------------------------------------------------------------    -------------------
                         (clock clk_out1_clk_wiz_audio_1 rise edge)
                                                      0.000     0.000 r  <hidden>
    H16                                               0.000     0.000 r  sysclk
                         net (fo=0)                   0.000     0.000    u_mmcm/inst/clk_in1
    H16                  IBUF (Prop_ibuf_I_O)         1.451     1.451 r  u_mmcm/inst/clkin1_ibufg/O
                         net (fo=1, routed)           1.285     2.736    u_mmcm/inst/clk_in1_clk_wiz_audio
    MMCME2_ADV_X1Y2      MMCME2_ADV (Prop_mmcme2_adv_CLKIN1_CLKOUT0)
                                                     -7.759    -5.023 r  u_mmcm/inst/mmcm_adv_inst/CLKOUT0
                         net (fo=1, routed)           2.206    -2.817    u_mmcm/inst/clk_out1_clk_wiz_audio
    BUFGCTRL_X0Y16       BUFG (Prop_bufg_I_O)         0.101    -2.716 r  u_mmcm/inst/clkout1_buf/O
                         net (fo=332, routed)         1.783    -0.933    u_rx_ja/clk_out1
    SLICE_X102Y90        FDCE                                         r  u_rx_ja/lrck_prev_reg/C
  -------------------------------------------------------------------    -------------------
    SLICE_X102Y90        FDCE (Prop_fdce_C_Q)         0.518    -0.415 r  u_rx_ja/lrck_prev_reg/Q
                         net (fo=49, routed)          1.948     1.533    u_rx_ja/lrck_prev
    SLICE_X106Y86        LUT2 (Prop_lut2_I0_O)        0.124     1.657 r  u_rx_ja/bit_counter[4]_i_3/O
                         net (fo=126, routed)         0.889     2.546    u_rx_ja/lrck_changed
    SLICE_X112Y86        LUT2 (Prop_lut2_I0_O)        0.153     2.699 r  u_rx_ja/sample_valid_i_1/O
                         net (fo=49, routed)          1.732     4.431    u_rx_ja/channel_prev_reg_0[0]
    SLICE_X103Y91        FDCE                                         r  u_rx_ja/right_data_reg[12]/CE
  -------------------------------------------------------------------    -------------------

                         (clock clk_out1_clk_wiz_audio rise edge)
                                                     81.380    81.380 r  <hidden>
    H16                                               0.000    81.380 r  sysclk
                         net (fo=0)                   0.000    81.380    u_mmcm/inst/clk_in1
    H16                  IBUF (Prop_ibuf_I_O)         1.380    82.760 r  u_mmcm/inst/clkin1_ibufg/O
                         net (fo=1, routed)           1.162    83.922    u_mmcm/inst/clk_in1_clk_wiz_audio
    MMCME2_ADV_X1Y2      MMCME2_ADV (Prop_mmcme2_adv_CLKIN1_CLKOUT0)
                                                     -7.814    76.108 r  u_mmcm/inst/mmcm_adv_inst/CLKOUT0
                         net (fo=1, routed)           2.012    78.120    u_mmcm/inst/clk_out1_clk_wiz_audio
    BUFGCTRL_X0Y16       BUFG (Prop_bufg_I_O)         0.091    78.211 r  u_mmcm/inst/clkout1_buf/O
                         net (fo=332, routed)         1.608    79.819    u_rx_ja/clk_out1
    SLICE_X103Y91        FDCE                                         r  u_rx_ja/right_data_reg[12]/C
                         clock pessimism              0.604    80.423    <hidden>
                         clock uncertainty           -0.240    80.183    <hidden>
    SLICE_X103Y91        FDCE (Setup_fdce_C_CE)      -0.412    79.771    u_rx_ja/right_data_reg[12]
  -------------------------------------------------------------------
                         required time                         79.771    <hidden>
                         arrival time                          -4.431    <hidden>
  -------------------------------------------------------------------
                         slack                                 75.340    <hidden>

Slack (MET) :             75.340ns  (required time - arrival time)
  Source:                 u_rx_ja/lrck_prev_reg/C
                            (rising edge-triggered cell FDCE clocked by clk_out1_clk_wiz_audio_1  {rise@0.000ns fall@40.690ns period=81.380ns})
  Destination:            u_rx_ja/right_data_reg[15]/CE
                            (rising edge-triggered cell FDCE clocked by clk_out1_clk_wiz_audio  {rise@0.000ns fall@40.690ns period=81.380ns})
  Path Group:             clk_out1_clk_wiz_audio
  Path Type:              Setup (Max at Slow Process Corner)
  Requirement:            81.380ns  (clk_out1_clk_wiz_audio rise@81.380ns - clk_out1_clk_wiz_audio_1 rise@0.000ns)
  Data Path Delay:        5.364ns  (logic 0.795ns (14.821%)  route 4.569ns (85.179%))
  Logic Levels:           2  (LUT2=2)
  Clock Path Skew:        -0.024ns (DCD - SCD + CPR)
    Destination Clock Delay (DCD):    -1.561ns = ( 79.819 - 81.380 ) 
    Source Clock Delay      (SCD):    -0.933ns
    Clock Pessimism Removal (CPR):    0.604ns
  Clock Uncertainty:      0.240ns  ((TSJ^2 + DJ^2)^1/2) / 2 + PE
    Total System Jitter     (TSJ):    0.071ns
    Discrete Jitter          (DJ):    0.474ns
    Phase Error              (PE):    0.000ns
  Clock Domain Crossing:  Inter clock paths are considered valid unless explicitly excluded by timing constraints such as set_clock_groups or set_false_path.

    Location             Delay type                Incr(ns)  Path(ns)    Netlist Resource(s)
  -------------------------------------------------------------------    -------------------
                         (clock clk_out1_clk_wiz_audio_1 rise edge)
                                                      0.000     0.000 r  <hidden>
    H16                                               0.000     0.000 r  sysclk
                         net (fo=0)                   0.000     0.000    u_mmcm/inst/clk_in1
    H16                  IBUF (Prop_ibuf_I_O)         1.451     1.451 r  u_mmcm/inst/clkin1_ibufg/O
                         net (fo=1, routed)           1.285     2.736    u_mmcm/inst/clk_in1_clk_wiz_audio
    MMCME2_ADV_X1Y2      MMCME2_ADV (Prop_mmcme2_adv_CLKIN1_CLKOUT0)
                                                     -7.759    -5.023 r  u_mmcm/inst/mmcm_adv_inst/CLKOUT0
                         net (fo=1, routed)           2.206    -2.817    u_mmcm/inst/clk_out1_clk_wiz_audio
    BUFGCTRL_X0Y16       BUFG (Prop_bufg_I_O)         0.101    -2.716 r  u_mmcm/inst/clkout1_buf/O
                         net (fo=332, routed)         1.783    -0.933    u_rx_ja/clk_out1
    SLICE_X102Y90        FDCE                                         r  u_rx_ja/lrck_prev_reg/C
  -------------------------------------------------------------------    -------------------
    SLICE_X102Y90        FDCE (Prop_fdce_C_Q)         0.518    -0.415 r  u_rx_ja/lrck_prev_reg/Q
                         net (fo=49, routed)          1.948     1.533    u_rx_ja/lrck_prev
    SLICE_X106Y86        LUT2 (Prop_lut2_I0_O)        0.124     1.657 r  u_rx_ja/bit_counter[4]_i_3/O
                         net (fo=126, routed)         0.889     2.546    u_rx_ja/lrck_changed
    SLICE_X112Y86        LUT2 (Prop_lut2_I0_O)        0.153     2.699 r  u_rx_ja/sample_valid_i_1/O
                         net (fo=49, routed)          1.732     4.431    u_rx_ja/channel_prev_reg_0[0]
    SLICE_X103Y91        FDCE                                         r  u_rx_ja/right_data_reg[15]/CE
  -------------------------------------------------------------------    -------------------

                         (clock clk_out1_clk_wiz_audio rise edge)
                                                     81.380    81.380 r  <hidden>
    H16                                               0.000    81.380 r  sysclk
                         net (fo=0)                   0.000    81.380    u_mmcm/inst/clk_in1
    H16                  IBUF (Prop_ibuf_I_O)         1.380    82.760 r  u_mmcm/inst/clkin1_ibufg/O
                         net (fo=1, routed)           1.162    83.922    u_mmcm/inst/clk_in1_clk_wiz_audio
    MMCME2_ADV_X1Y2      MMCME2_ADV (Prop_mmcme2_adv_CLKIN1_CLKOUT0)
                                                     -7.814    76.108 r  u_mmcm/inst/mmcm_adv_inst/CLKOUT0
                         net (fo=1, routed)           2.012    78.120    u_mmcm/inst/clk_out1_clk_wiz_audio
    BUFGCTRL_X0Y16       BUFG (Prop_bufg_I_O)         0.091    78.211 r  u_mmcm/inst/clkout1_buf/O
                         net (fo=332, routed)         1.608    79.819    u_rx_ja/clk_out1
    SLICE_X103Y91        FDCE                                         r  u_rx_ja/right_data_reg[15]/C
                         clock pessimism              0.604    80.423    <hidden>
                         clock uncertainty           -0.240    80.183    <hidden>
    SLICE_X103Y91        FDCE (Setup_fdce_C_CE)      -0.412    79.771    u_rx_ja/right_data_reg[15]
  -------------------------------------------------------------------
                         required time                         79.771    <hidden>
                         arrival time                          -4.431    <hidden>
  -------------------------------------------------------------------
                         slack                                 75.340    <hidden>

Slack (MET) :             75.340ns  (required time - arrival time)
  Source:                 u_rx_ja/lrck_prev_reg/C
                            (rising edge-triggered cell FDCE clocked by clk_out1_clk_wiz_audio_1  {rise@0.000ns fall@40.690ns period=81.380ns})
  Destination:            u_rx_ja/right_data_reg[16]/CE
                            (rising edge-triggered cell FDCE clocked by clk_out1_clk_wiz_audio  {rise@0.000ns fall@40.690ns period=81.380ns})
  Path Group:             clk_out1_clk_wiz_audio
  Path Type:              Setup (Max at Slow Process Corner)
  Requirement:            81.380ns  (clk_out1_clk_wiz_audio rise@81.380ns - clk_out1_clk_wiz_audio_1 rise@0.000ns)
  Data Path Delay:        5.364ns  (logic 0.795ns (14.821%)  route 4.569ns (85.179%))
  Logic Levels:           2  (LUT2=2)
  Clock Path Skew:        -0.024ns (DCD - SCD + CPR)
    Destination Clock Delay (DCD):    -1.561ns = ( 79.819 - 81.380 ) 
    Source Clock Delay      (SCD):    -0.933ns
    Clock Pessimism Removal (CPR):    0.604ns
  Clock Uncertainty:      0.240ns  ((TSJ^2 + DJ^2)^1/2) / 2 + PE
    Total System Jitter     (TSJ):    0.071ns
    Discrete Jitter          (DJ):    0.474ns
    Phase Error              (PE):    0.000ns
  Clock Domain Crossing:  Inter clock paths are considered valid unless explicitly excluded by timing constraints such as set_clock_groups or set_false_path.

    Location             Delay type                Incr(ns)  Path(ns)    Netlist Resource(s)
  -------------------------------------------------------------------    -------------------
                         (clock clk_out1_clk_wiz_audio_1 rise edge)
                                                      0.000     0.000 r  <hidden>
    H16                                               0.000     0.000 r  sysclk
                         net (fo=0)                   0.000     0.000    u_mmcm/inst/clk_in1
    H16                  IBUF (Prop_ibuf_I_O)         1.451     1.451 r  u_mmcm/inst/clkin1_ibufg/O
                         net (fo=1, routed)           1.285     2.736    u_mmcm/inst/clk_in1_clk_wiz_audio
    MMCME2_ADV_X1Y2      MMCME2_ADV (Prop_mmcme2_adv_CLKIN1_CLKOUT0)
                                                     -7.759    -5.023 r  u_mmcm/inst/mmcm_adv_inst/CLKOUT0
                         net (fo=1, routed)           2.206    -2.817    u_mmcm/inst/clk_out1_clk_wiz_audio
    BUFGCTRL_X0Y16       BUFG (Prop_bufg_I_O)         0.101    -2.716 r  u_mmcm/inst/clkout1_buf/O
                         net (fo=332, routed)         1.783    -0.933    u_rx_ja/clk_out1
    SLICE_X102Y90        FDCE                                         r  u_rx_ja/lrck_prev_reg/C
  -------------------------------------------------------------------    -------------------
    SLICE_X102Y90        FDCE (Prop_fdce_C_Q)         0.518    -0.415 r  u_rx_ja/lrck_prev_reg/Q
                         net (fo=49, routed)          1.948     1.533    u_rx_ja/lrck_prev
    SLICE_X106Y86        LUT2 (Prop_lut2_I0_O)        0.124     1.657 r  u_rx_ja/bit_counter[4]_i_3/O
                         net (fo=126, routed)         0.889     2.546    u_rx_ja/lrck_changed
    SLICE_X112Y86        LUT2 (Prop_lut2_I0_O)        0.153     2.699 r  u_rx_ja/sample_valid_i_1/O
                         net (fo=49, routed)          1.732     4.431    u_rx_ja/channel_prev_reg_0[0]
    SLICE_X103Y91        FDCE                                         r  u_rx_ja/right_data_reg[16]/CE
  -------------------------------------------------------------------    -------------------

                         (clock clk_out1_clk_wiz_audio rise edge)
                                                     81.380    81.380 r  <hidden>
    H16                                               0.000    81.380 r  sysclk
                         net (fo=0)                   0.000    81.380    u_mmcm/inst/clk_in1
    H16                  IBUF (Prop_ibuf_I_O)         1.380    82.760 r  u_mmcm/inst/clkin1_ibufg/O
                         net (fo=1, routed)           1.162    83.922    u_mmcm/inst/clk_in1_clk_wiz_audio
    MMCME2_ADV_X1Y2      MMCME2_ADV (Prop_mmcme2_adv_CLKIN1_CLKOUT0)
                                                     -7.814    76.108 r  u_mmcm/inst/mmcm_adv_inst/CLKOUT0
                         net (fo=1, routed)           2.012    78.120    u_mmcm/inst/clk_out1_clk_wiz_audio
    BUFGCTRL_X0Y16       BUFG (Prop_bufg_I_O)         0.091    78.211 r  u_mmcm/inst/clkout1_buf/O
                         net (fo=332, routed)         1.608    79.819    u_rx_ja/clk_out1
    SLICE_X103Y91        FDCE                                         r  u_rx_ja/right_data_reg[16]/C
                         clock pessimism              0.604    80.423    <hidden>
                         clock uncertainty           -0.240    80.183    <hidden>
    SLICE_X103Y91        FDCE (Setup_fdce_C_CE)      -0.412    79.771    u_rx_ja/right_data_reg[16]
  -------------------------------------------------------------------
                         required time                         79.771    <hidden>
                         arrival time                          -4.431    <hidden>
  -------------------------------------------------------------------
                         slack                                 75.340    <hidden>

Slack (MET) :             75.433ns  (required time - arrival time)
  Source:                 u_rx_jb/right_data_reg[23]/C
                            (rising edge-triggered cell FDCE clocked by clk_out1_clk_wiz_audio_1  {rise@0.000ns fall@40.690ns period=81.380ns})
  Destination:            u_matrix/out_reg_reg[3][3]/D
                            (rising edge-triggered cell FDCE clocked by clk_out1_clk_wiz_audio  {rise@0.000ns fall@40.690ns period=81.380ns})
  Path Group:             clk_out1_clk_wiz_audio
  Path Type:              Setup (Max at Slow Process Corner)
  Requirement:            81.380ns  (clk_out1_clk_wiz_audio rise@81.380ns - clk_out1_clk_wiz_audio_1 rise@0.000ns)
  Data Path Delay:        5.646ns  (logic 1.785ns (31.617%)  route 3.861ns (68.383%))
  Logic Levels:           5  (CARRY4=3 LUT1=1 LUT3=1)
  Clock Path Skew:        -0.141ns (DCD - SCD + CPR)
    Destination Clock Delay (DCD):    -1.564ns = ( 79.816 - 81.380 ) 
    Source Clock Delay      (SCD):    -0.856ns
    Clock Pessimism Removal (CPR):    0.567ns
  Clock Uncertainty:      0.240ns  ((TSJ^2 + DJ^2)^1/2) / 2 + PE
    Total System Jitter     (TSJ):    0.071ns
    Discrete Jitter          (DJ):    0.474ns
    Phase Error              (PE):    0.000ns
  Clock Domain Crossing:  Inter clock paths are considered valid unless explicitly excluded by timing constraints such as set_clock_groups or set_false_path.

    Location             Delay type                Incr(ns)  Path(ns)    Netlist Resource(s)
  -------------------------------------------------------------------    -------------------
                         (clock clk_out1_clk_wiz_audio_1 rise edge)
                                                      0.000     0.000 r  <hidden>
    H16                                               0.000     0.000 r  sysclk
                         net (fo=0)                   0.000     0.000    u_mmcm/inst/clk_in1
    H16                  IBUF (Prop_ibuf_I_O)         1.451     1.451 r  u_mmcm/inst/clkin1_ibufg/O
                         net (fo=1, routed)           1.285     2.736    u_mmcm/inst/clk_in1_clk_wiz_audio
    MMCME2_ADV_X1Y2      MMCME2_ADV (Prop_mmcme2_adv_CLKIN1_CLKOUT0)
                                                     -7.759    -5.023 r  u_mmcm/inst/mmcm_adv_inst/CLKOUT0
                         net (fo=1, routed)           2.206    -2.817    u_mmcm/inst/clk_out1_clk_wiz_audio
    BUFGCTRL_X0Y16       BUFG (Prop_bufg_I_O)         0.101    -2.716 r  u_mmcm/inst/clkout1_buf/O
                         net (fo=332, routed)         1.860    -0.856    u_rx_jb/clk_out1
    SLICE_X110Y85        FDCE                                         r  u_rx_jb/right_data_reg[23]/C
  -------------------------------------------------------------------    -------------------
    SLICE_X110Y85        FDCE (Prop_fdce_C_Q)         0.456    -0.400 f  u_rx_jb/right_data_reg[23]/Q
                         net (fo=43, routed)          1.838     1.438    u_rx_jb/right_data_reg[23]_1[23]
    SLICE_X109Y80        LUT1 (Prop_lut1_I0_O)        0.124     1.562 r  u_rx_jb/i__carry_i_3__3/O
                         net (fo=1, routed)           0.000     1.562    u_matrix/_inferred__4/i__carry__0_0[1]
    SLICE_X109Y80        CARRY4 (Prop_carry4_S[1]_CO[3])
                                                      0.550     2.112 r  u_matrix/_inferred__4/i__carry/CO[3]
                         net (fo=1, routed)           0.000     2.112    u_matrix/_inferred__4/i__carry_n_0
    SLICE_X109Y81        CARRY4 (Prop_carry4_CI_CO[3])
                                                      0.114     2.226 r  u_matrix/_inferred__4/i__carry__0/CO[3]
                         net (fo=1, routed)           0.000     2.226    u_matrix/_inferred__4/i__carry__0_n_0
    SLICE_X109Y82        CARRY4 (Prop_carry4_CI_CO[2])
                                                      0.228     2.454 r  u_matrix/_inferred__4/i__carry__1/CO[2]
                         net (fo=24, routed)          2.022     4.476    u_matrix/_inferred__4/i__carry__1_n_1
    SLICE_X104Y87        LUT3 (Prop_lut3_I0_O)        0.313     4.789 r  u_matrix/out_reg[3][3]_i_1/O
                         net (fo=1, routed)           0.000     4.789    u_matrix/out_reg[3][3]_i_1_n_0
    SLICE_X104Y87        FDCE                                         r  u_matrix/out_reg_reg[3][3]/D
  -------------------------------------------------------------------    -------------------

                         (clock clk_out1_clk_wiz_audio rise edge)
                                                     81.380    81.380 r  <hidden>
    H16                                               0.000    81.380 r  sysclk
                         net (fo=0)                   0.000    81.380    u_mmcm/inst/clk_in1
    H16                  IBUF (Prop_ibuf_I_O)         1.380    82.760 r  u_mmcm/inst/clkin1_ibufg/O
                         net (fo=1, routed)           1.162    83.922    u_mmcm/inst/clk_in1_clk_wiz_audio
    MMCME2_ADV_X1Y2      MMCME2_ADV (Prop_mmcme2_adv_CLKIN1_CLKOUT0)
                                                     -7.814    76.108 r  u_mmcm/inst/mmcm_adv_inst/CLKOUT0
                         net (fo=1, routed)           2.012    78.120    u_mmcm/inst/clk_out1_clk_wiz_audio
    BUFGCTRL_X0Y16       BUFG (Prop_bufg_I_O)         0.091    78.211 r  u_mmcm/inst/clkout1_buf/O
                         net (fo=332, routed)         1.605    79.816    u_matrix/clk_out1
    SLICE_X104Y87        FDCE                                         r  u_matrix/out_reg_reg[3][3]/C
                         clock pessimism              0.567    80.383    <hidden>
                         clock uncertainty           -0.240    80.143    <hidden>
    SLICE_X104Y87        FDCE (Setup_fdce_C_D)        0.079    80.222    u_matrix/out_reg_reg[3][3]
  -------------------------------------------------------------------
                         required time                         80.222    <hidden>
                         arrival time                          -4.789    <hidden>
  -------------------------------------------------------------------
                         slack                                 75.433    <hidden>

Slack (MET) :             75.443ns  (required time - arrival time)
  Source:                 u_rx_jb/right_data_reg[23]/C
                            (rising edge-triggered cell FDCE clocked by clk_out1_clk_wiz_audio_1  {rise@0.000ns fall@40.690ns period=81.380ns})
  Destination:            u_matrix/out_reg_reg[3][4]/D
                            (rising edge-triggered cell FDCE clocked by clk_out1_clk_wiz_audio  {rise@0.000ns fall@40.690ns period=81.380ns})
  Path Group:             clk_out1_clk_wiz_audio
  Path Type:              Setup (Max at Slow Process Corner)
  Requirement:            81.380ns  (clk_out1_clk_wiz_audio rise@81.380ns - clk_out1_clk_wiz_audio_1 rise@0.000ns)
  Data Path Delay:        5.675ns  (logic 1.814ns (31.967%)  route 3.861ns (68.033%))
  Logic Levels:           5  (CARRY4=3 LUT1=1 LUT3=1)
  Clock Path Skew:        -0.141ns (DCD - SCD + CPR)
    Destination Clock Delay (DCD):    -1.564ns = ( 79.816 - 81.380 ) 
    Source Clock Delay      (SCD):    -0.856ns
    Clock Pessimism Removal (CPR):    0.567ns
  Clock Uncertainty:      0.240ns  ((TSJ^2 + DJ^2)^1/2) / 2 + PE
    Total System Jitter     (TSJ):    0.071ns
    Discrete Jitter          (DJ):    0.474ns
    Phase Error              (PE):    0.000ns
  Clock Domain Crossing:  Inter clock paths are considered valid unless explicitly excluded by timing constraints such as set_clock_groups or set_false_path.

    Location             Delay type                Incr(ns)  Path(ns)    Netlist Resource(s)
  -------------------------------------------------------------------    -------------------
                         (clock clk_out1_clk_wiz_audio_1 rise edge)
                                                      0.000     0.000 r  <hidden>
    H16                                               0.000     0.000 r  sysclk
                         net (fo=0)                   0.000     0.000    u_mmcm/inst/clk_in1
    H16                  IBUF (Prop_ibuf_I_O)         1.451     1.451 r  u_mmcm/inst/clkin1_ibufg/O
                         net (fo=1, routed)           1.285     2.736    u_mmcm/inst/clk_in1_clk_wiz_audio
    MMCME2_ADV_X1Y2      MMCME2_ADV (Prop_mmcme2_adv_CLKIN1_CLKOUT0)
                                                     -7.759    -5.023 r  u_mmcm/inst/mmcm_adv_inst/CLKOUT0
                         net (fo=1, routed)           2.206    -2.817    u_mmcm/inst/clk_out1_clk_wiz_audio
    BUFGCTRL_X0Y16       BUFG (Prop_bufg_I_O)         0.101    -2.716 r  u_mmcm/inst/clkout1_buf/O
                         net (fo=332, routed)         1.860    -0.856    u_rx_jb/clk_out1
    SLICE_X110Y85        FDCE                                         r  u_rx_jb/right_data_reg[23]/C
  -------------------------------------------------------------------    -------------------
    SLICE_X110Y85        FDCE (Prop_fdce_C_Q)         0.456    -0.400 f  u_rx_jb/right_data_reg[23]/Q
                         net (fo=43, routed)          1.838     1.438    u_rx_jb/right_data_reg[23]_1[23]
    SLICE_X109Y80        LUT1 (Prop_lut1_I0_O)        0.124     1.562 r  u_rx_jb/i__carry_i_3__3/O
                         net (fo=1, routed)           0.000     1.562    u_matrix/_inferred__4/i__carry__0_0[1]
    SLICE_X109Y80        CARRY4 (Prop_carry4_S[1]_CO[3])
                                                      0.550     2.112 r  u_matrix/_inferred__4/i__carry/CO[3]
                         net (fo=1, routed)           0.000     2.112    u_matrix/_inferred__4/i__carry_n_0
    SLICE_X109Y81        CARRY4 (Prop_carry4_CI_CO[3])
                                                      0.114     2.226 r  u_matrix/_inferred__4/i__carry__0/CO[3]
                         net (fo=1, routed)           0.000     2.226    u_matrix/_inferred__4/i__carry__0_n_0
    SLICE_X109Y82        CARRY4 (Prop_carry4_CI_CO[2])
                                                      0.228     2.454 r  u_matrix/_inferred__4/i__carry__1/CO[2]
                         net (fo=24, routed)          2.022     4.476    u_matrix/_inferred__4/i__carry__1_n_1
    SLICE_X104Y87        LUT3 (Prop_lut3_I0_O)        0.342     4.818 r  u_matrix/out_reg[3][4]_i_1/O
                         net (fo=1, routed)           0.000     4.818    u_matrix/out_reg[3][4]_i_1_n_0
    SLICE_X104Y87        FDCE                                         r  u_matrix/out_reg_reg[3][4]/D
  -------------------------------------------------------------------    -------------------

                         (clock clk_out1_clk_wiz_audio rise edge)
                                                     81.380    81.380 r  <hidden>
    H16                                               0.000    81.380 r  sysclk
                         net (fo=0)                   0.000    81.380    u_mmcm/inst/clk_in1
    H16                  IBUF (Prop_ibuf_I_O)         1.380    82.760 r  u_mmcm/inst/clkin1_ibufg/O
                         net (fo=1, routed)           1.162    83.922    u_mmcm/inst/clk_in1_clk_wiz_audio
    MMCME2_ADV_X1Y2      MMCME2_ADV (Prop_mmcme2_adv_CLKIN1_CLKOUT0)
                                                     -7.814    76.108 r  u_mmcm/inst/mmcm_adv_inst/CLKOUT0
                         net (fo=1, routed)           2.012    78.120    u_mmcm/inst/clk_out1_clk_wiz_audio
    BUFGCTRL_X0Y16       BUFG (Prop_bufg_I_O)         0.091    78.211 r  u_mmcm/inst/clkout1_buf/O
                         net (fo=332, routed)         1.605    79.816    u_matrix/clk_out1
    SLICE_X104Y87        FDCE                                         r  u_matrix/out_reg_reg[3][4]/C
                         clock pessimism              0.567    80.383    <hidden>
                         clock uncertainty           -0.240    80.143    <hidden>
    SLICE_X104Y87        FDCE (Setup_fdce_C_D)        0.118    80.261    u_matrix/out_reg_reg[3][4]
  -------------------------------------------------------------------
                         required time                         80.261    <hidden>
                         arrival time                          -4.818    <hidden>
  -------------------------------------------------------------------
                         slack                                 75.443    <hidden>





Min Delay Paths
--------------------------------------------------------------------------------------
Slack (MET) :             0.007ns  (arrival time - required time)
  Source:                 u_rx_jb/right_data_reg[17]/C
                            (rising edge-triggered cell FDCE clocked by clk_out1_clk_wiz_audio_1  {rise@0.000ns fall@40.690ns period=81.380ns})
  Destination:            u_matrix/out_reg_reg[3][17]/D
                            (rising edge-triggered cell FDCE clocked by clk_out1_clk_wiz_audio  {rise@0.000ns fall@40.690ns period=81.380ns})
  Path Group:             clk_out1_clk_wiz_audio
  Path Type:              Hold (Min at Fast Process Corner)
  Requirement:            0.000ns  (clk_out1_clk_wiz_audio rise@0.000ns - clk_out1_clk_wiz_audio_1 rise@0.000ns)
  Data Path Delay:        0.380ns  (logic 0.186ns (48.934%)  route 0.194ns (51.066%))
  Logic Levels:           1  (LUT3=1)
  Clock Path Skew:        0.013ns (DCD - SCD - CPR)
    Destination Clock Delay (DCD):    -0.840ns
    Source Clock Delay      (SCD):    -0.600ns
    Clock Pessimism Removal (CPR):    -0.252ns
  Clock Uncertainty:      0.240ns  ((TSJ^2 + DJ^2)^1/2) / 2 + PE
    Total System Jitter     (TSJ):    0.071ns
    Discrete Jitter          (DJ):    0.474ns
    Phase Error              (PE):    0.000ns
  Clock Domain Crossing:  Inter clock paths are considered valid unless explicitly excluded by timing constraints such as set_clock_groups or set_false_path.

    Location             Delay type                Incr(ns)  Path(ns)    Netlist Resource(s)
  -------------------------------------------------------------------    -------------------
                         (clock clk_out1_clk_wiz_audio_1 rise edge)
                                                      0.000     0.000 r  <hidden>
    H16                                               0.000     0.000 r  sysclk
                         net (fo=0)                   0.000     0.000    u_mmcm/inst/clk_in1
    H16                  IBUF (Prop_ibuf_I_O)         0.219     0.219 r  u_mmcm/inst/clkin1_ibufg/O
                         net (fo=1, routed)           0.440     0.659    u_mmcm/inst/clk_in1_clk_wiz_audio
    MMCME2_ADV_X1Y2      MMCME2_ADV (Prop_mmcme2_adv_CLKIN1_CLKOUT0)
                                                     -2.613    -1.954 r  u_mmcm/inst/mmcm_adv_inst/CLKOUT0
                         net (fo=1, routed)           0.696    -1.257    u_mmcm/inst/clk_out1_clk_wiz_audio
    BUFGCTRL_X0Y16       BUFG (Prop_bufg_I_O)         0.026    -1.231 r  u_mmcm/inst/clkout1_buf/O
                         net (fo=332, routed)         0.631    -0.600    u_rx_jb/clk_out1
    SLICE_X109Y85        FDCE                                         r  u_rx_jb/right_data_reg[17]/C
  -------------------------------------------------------------------    -------------------
    SLICE_X109Y85        FDCE (Prop_fdce_C_Q)         0.141    -0.459 r  u_rx_jb/right_data_reg[17]/Q
                         net (fo=1, routed)           0.194    -0.265    u_matrix/out_reg_reg[3][23]_1[17]
    SLICE_X108Y85        LUT3 (Prop_lut3_I2_O)        0.045    -0.220 r  u_matrix/out_reg[3][17]_i_1/O
                         net (fo=1, routed)           0.000    -0.220    u_matrix/out_reg[3][17]_i_1_n_0
    SLICE_X108Y85        FDCE                                         r  u_matrix/out_reg_reg[3][17]/D
  -------------------------------------------------------------------    -------------------

                         (clock clk_out1_clk_wiz_audio rise edge)
                                                      0.000     0.000 r  <hidden>
    H16                                               0.000     0.000 r  sysclk
                         net (fo=0)                   0.000     0.000    u_mmcm/inst/clk_in1
    H16                  IBUF (Prop_ibuf_I_O)         0.406     0.406 r  u_mmcm/inst/clkin1_ibufg/O
                         net (fo=1, routed)           0.480     0.886    u_mmcm/inst/clk_in1_clk_wiz_audio
    MMCME2_ADV_X1Y2      MMCME2_ADV (Prop_mmcme2_adv_CLKIN1_CLKOUT0)
                                                     -3.407    -2.521 r  u_mmcm/inst/mmcm_adv_inst/CLKOUT0
                         net (fo=1, routed)           0.752    -1.769    u_mmcm/inst/clk_out1_clk_wiz_audio
    BUFGCTRL_X0Y16       BUFG (Prop_bufg_I_O)         0.029    -1.740 r  u_mmcm/inst/clkout1_buf/O
                         net (fo=332, routed)         0.900    -0.840    u_matrix/clk_out1
    SLICE_X108Y85        FDCE                                         r  u_matrix/out_reg_reg[3][17]/C
                         clock pessimism              0.252    -0.587    <hidden>
                         clock uncertainty            0.240    -0.348    <hidden>
    SLICE_X108Y85        FDCE (Hold_fdce_C_D)         0.121    -0.227    u_matrix/out_reg_reg[3][17]
  -------------------------------------------------------------------
                         required time                          0.227    <hidden>
                         arrival time                          -0.220    <hidden>
  -------------------------------------------------------------------
                         slack                                  0.007    <hidden>

Slack (MET) :             0.018ns  (arrival time - required time)
  Source:                 u_matrix/out_reg_reg[2][12]/C
                            (rising edge-triggered cell FDCE clocked by clk_out1_clk_wiz_audio_1  {rise@0.000ns fall@40.690ns period=81.380ns})
  Destination:            u_tx_jb/shift_reg_reg[12]/D
                            (rising edge-triggered cell FDCE clocked by clk_out1_clk_wiz_audio  {rise@0.000ns fall@40.690ns period=81.380ns})
  Path Group:             clk_out1_clk_wiz_audio
  Path Type:              Hold (Min at Fast Process Corner)
  Requirement:            0.000ns  (clk_out1_clk_wiz_audio rise@0.000ns - clk_out1_clk_wiz_audio_1 rise@0.000ns)
  Data Path Delay:        0.392ns  (logic 0.226ns (57.721%)  route 0.166ns (42.279%))
  Logic Levels:           1  (LUT6=1)
  Clock Path Skew:        0.013ns (DCD - SCD - CPR)
    Destination Clock Delay (DCD):    -0.867ns
    Source Clock Delay      (SCD):    -0.627ns
    Clock Pessimism Removal (CPR):    -0.252ns
  Clock Uncertainty:      0.240ns  ((TSJ^2 + DJ^2)^1/2) / 2 + PE
    Total System Jitter     (TSJ):    0.071ns
    Discrete Jitter          (DJ):    0.474ns
    Phase Error              (PE):    0.000ns
  Clock Domain Crossing:  Inter clock paths are considered valid unless explicitly excluded by timing constraints such as set_clock_groups or set_false_path.

    Location             Delay type                Incr(ns)  Path(ns)    Netlist Resource(s)
  -------------------------------------------------------------------    -------------------
                         (clock clk_out1_clk_wiz_audio_1 rise edge)
                                                      0.000     0.000 r  <hidden>
    H16                                               0.000     0.000 r  sysclk
                         net (fo=0)                   0.000     0.000    u_mmcm/inst/clk_in1
    H16                  IBUF (Prop_ibuf_I_O)         0.219     0.219 r  u_mmcm/inst/clkin1_ibufg/O
                         net (fo=1, routed)           0.440     0.659    u_mmcm/inst/clk_in1_clk_wiz_audio
    MMCME2_ADV_X1Y2      MMCME2_ADV (Prop_mmcme2_adv_CLKIN1_CLKOUT0)
                                                     -2.613    -1.954 r  u_mmcm/inst/mmcm_adv_inst/CLKOUT0
                         net (fo=1, routed)           0.696    -1.257    u_mmcm/inst/clk_out1_clk_wiz_audio
    BUFGCTRL_X0Y16       BUFG (Prop_bufg_I_O)         0.026    -1.231 r  u_mmcm/inst/clkout1_buf/O
                         net (fo=332, routed)         0.604    -0.627    u_matrix/clk_out1
    SLICE_X103Y85        FDCE                                         r  u_matrix/out_reg_reg[2][12]/C
  -------------------------------------------------------------------    -------------------
    SLICE_X103Y85        FDCE (Prop_fdce_C_Q)         0.128    -0.499 r  u_matrix/out_reg_reg[2][12]/Q
                         net (fo=1, routed)           0.166    -0.334    u_rx_ja/shift_reg_reg[23]_4[11]
    SLICE_X102Y85        LUT6 (Prop_lut6_I2_O)        0.098    -0.236 r  u_rx_ja/shift_reg[12]_i_1__2/O
                         net (fo=1, routed)           0.000    -0.236    u_tx_jb/shift_reg_reg[23]_0[12]
    SLICE_X102Y85        FDCE                                         r  u_tx_jb/shift_reg_reg[12]/D
  -------------------------------------------------------------------    -------------------

                         (clock clk_out1_clk_wiz_audio rise edge)
                                                      0.000     0.000 r  <hidden>
    H16                                               0.000     0.000 r  sysclk
                         net (fo=0)                   0.000     0.000    u_mmcm/inst/clk_in1
    H16                  IBUF (Prop_ibuf_I_O)         0.406     0.406 r  u_mmcm/inst/clkin1_ibufg/O
                         net (fo=1, routed)           0.480     0.886    u_mmcm/inst/clk_in1_clk_wiz_audio
    MMCME2_ADV_X1Y2      MMCME2_ADV (Prop_mmcme2_adv_CLKIN1_CLKOUT0)
                                                     -3.407    -2.521 r  u_mmcm/inst/mmcm_adv_inst/CLKOUT0
                         net (fo=1, routed)           0.752    -1.769    u_mmcm/inst/clk_out1_clk_wiz_audio
    BUFGCTRL_X0Y16       BUFG (Prop_bufg_I_O)         0.029    -1.740 r  u_mmcm/inst/clkout1_buf/O
                         net (fo=332, routed)         0.873    -0.867    u_tx_jb/clk_out1
    SLICE_X102Y85        FDCE                                         r  u_tx_jb/shift_reg_reg[12]/C
                         clock pessimism              0.252    -0.614    <hidden>
                         clock uncertainty            0.240    -0.375    <hidden>
    SLICE_X102Y85        FDCE (Hold_fdce_C_D)         0.121    -0.254    u_tx_jb/shift_reg_reg[12]
  -------------------------------------------------------------------
                         required time                          0.254    <hidden>
                         arrival time                          -0.236    <hidden>
  -------------------------------------------------------------------
                         slack                                  0.018    <hidden>

Slack (MET) :             0.019ns  (arrival time - required time)
  Source:                 u_matrix/out_reg_reg[3][8]/C
                            (rising edge-triggered cell FDCE clocked by clk_out1_clk_wiz_audio_1  {rise@0.000ns fall@40.690ns period=81.380ns})
  Destination:            u_tx_jb/shift_reg_reg[8]/D
                            (rising edge-triggered cell FDCE clocked by clk_out1_clk_wiz_audio  {rise@0.000ns fall@40.690ns period=81.380ns})
  Path Group:             clk_out1_clk_wiz_audio
  Path Type:              Hold (Min at Fast Process Corner)
  Requirement:            0.000ns  (clk_out1_clk_wiz_audio rise@0.000ns - clk_out1_clk_wiz_audio_1 rise@0.000ns)
  Data Path Delay:        0.392ns  (logic 0.226ns (57.623%)  route 0.166ns (42.377%))
  Logic Levels:           1  (LUT6=1)
  Clock Path Skew:        0.013ns (DCD - SCD - CPR)
    Destination Clock Delay (DCD):    -0.867ns
    Source Clock Delay      (SCD):    -0.627ns
    Clock Pessimism Removal (CPR):    -0.252ns
  Clock Uncertainty:      0.240ns  ((TSJ^2 + DJ^2)^1/2) / 2 + PE
    Total System Jitter     (TSJ):    0.071ns
    Discrete Jitter          (DJ):    0.474ns
    Phase Error              (PE):    0.000ns
  Clock Domain Crossing:  Inter clock paths are considered valid unless explicitly excluded by timing constraints such as set_clock_groups or set_false_path.

    Location             Delay type                Incr(ns)  Path(ns)    Netlist Resource(s)
  -------------------------------------------------------------------    -------------------
                         (clock clk_out1_clk_wiz_audio_1 rise edge)
                                                      0.000     0.000 r  <hidden>
    H16                                               0.000     0.000 r  sysclk
                         net (fo=0)                   0.000     0.000    u_mmcm/inst/clk_in1
    H16                  IBUF (Prop_ibuf_I_O)         0.219     0.219 r  u_mmcm/inst/clkin1_ibufg/O
                         net (fo=1, routed)           0.440     0.659    u_mmcm/inst/clk_in1_clk_wiz_audio
    MMCME2_ADV_X1Y2      MMCME2_ADV (Prop_mmcme2_adv_CLKIN1_CLKOUT0)
                                                     -2.613    -1.954 r  u_mmcm/inst/mmcm_adv_inst/CLKOUT0
                         net (fo=1, routed)           0.696    -1.257    u_mmcm/inst/clk_out1_clk_wiz_audio
    BUFGCTRL_X0Y16       BUFG (Prop_bufg_I_O)         0.026    -1.231 r  u_mmcm/inst/clkout1_buf/O
                         net (fo=332, routed)         0.604    -0.627    u_matrix/clk_out1
    SLICE_X103Y86        FDCE                                         r  u_matrix/out_reg_reg[3][8]/C
  -------------------------------------------------------------------    -------------------
    SLICE_X103Y86        FDCE (Prop_fdce_C_Q)         0.128    -0.499 r  u_matrix/out_reg_reg[3][8]/Q
                         net (fo=1, routed)           0.166    -0.333    u_rx_ja/shift_reg_reg[23]_5[7]
    SLICE_X102Y86        LUT6 (Prop_lut6_I3_O)        0.098    -0.235 r  u_rx_ja/shift_reg[8]_i_1__2/O
                         net (fo=1, routed)           0.000    -0.235    u_tx_jb/shift_reg_reg[23]_0[8]
    SLICE_X102Y86        FDCE                                         r  u_tx_jb/shift_reg_reg[8]/D
  -------------------------------------------------------------------    -------------------

                         (clock clk_out1_clk_wiz_audio rise edge)
                                                      0.000     0.000 r  <hidden>
    H16                                               0.000     0.000 r  sysclk
                         net (fo=0)                   0.000     0.000    u_mmcm/inst/clk_in1
    H16                  IBUF (Prop_ibuf_I_O)         0.406     0.406 r  u_mmcm/inst/clkin1_ibufg/O
                         net (fo=1, routed)           0.480     0.886    u_mmcm/inst/clk_in1_clk_wiz_audio
    MMCME2_ADV_X1Y2      MMCME2_ADV (Prop_mmcme2_adv_CLKIN1_CLKOUT0)
                                                     -3.407    -2.521 r  u_mmcm/inst/mmcm_adv_inst/CLKOUT0
                         net (fo=1, routed)           0.752    -1.769    u_mmcm/inst/clk_out1_clk_wiz_audio
    BUFGCTRL_X0Y16       BUFG (Prop_bufg_I_O)         0.029    -1.740 r  u_mmcm/inst/clkout1_buf/O
                         net (fo=332, routed)         0.873    -0.867    u_tx_jb/clk_out1
    SLICE_X102Y86        FDCE                                         r  u_tx_jb/shift_reg_reg[8]/C
                         clock pessimism              0.252    -0.614    <hidden>
                         clock uncertainty            0.240    -0.375    <hidden>
    SLICE_X102Y86        FDCE (Hold_fdce_C_D)         0.121    -0.254    u_tx_jb/shift_reg_reg[8]
  -------------------------------------------------------------------
                         required time                          0.254    <hidden>
                         arrival time                          -0.235    <hidden>
  -------------------------------------------------------------------
                         slack                                  0.019    <hidden>

Slack (MET) :             0.023ns  (arrival time - required time)
  Source:                 u_rx_ja/bit_counter_reg[0]/C
                            (rising edge-triggered cell FDCE clocked by clk_out1_clk_wiz_audio_1  {rise@0.000ns fall@40.690ns period=81.380ns})
  Destination:            u_rx_ja/bit_counter_reg[3]/D
                            (rising edge-triggered cell FDCE clocked by clk_out1_clk_wiz_audio  {rise@0.000ns fall@40.690ns period=81.380ns})
  Path Group:             clk_out1_clk_wiz_audio
  Path Type:              Hold (Min at Fast Process Corner)
  Requirement:            0.000ns  (clk_out1_clk_wiz_audio rise@0.000ns - clk_out1_clk_wiz_audio_1 rise@0.000ns)
  Data Path Delay:        0.393ns  (logic 0.207ns (52.626%)  route 0.186ns (47.374%))
  Logic Levels:           1  (LUT5=1)
  Clock Path Skew:        0.000ns (DCD - SCD - CPR)
    Destination Clock Delay (DCD):    -0.834ns
    Source Clock Delay      (SCD):    -0.597ns
    Clock Pessimism Removal (CPR):    -0.236ns
  Clock Uncertainty:      0.240ns  ((TSJ^2 + DJ^2)^1/2) / 2 + PE
    Total System Jitter     (TSJ):    0.071ns
    Discrete Jitter          (DJ):    0.474ns
    Phase Error              (PE):    0.000ns
  Clock Domain Crossing:  Inter clock paths are considered valid unless explicitly excluded by timing constraints such as set_clock_groups or set_false_path.

    Location             Delay type                Incr(ns)  Path(ns)    Netlist Resource(s)
  -------------------------------------------------------------------    -------------------
                         (clock clk_out1_clk_wiz_audio_1 rise edge)
                                                      0.000     0.000 r  <hidden>
    H16                                               0.000     0.000 r  sysclk
                         net (fo=0)                   0.000     0.000    u_mmcm/inst/clk_in1
    H16                  IBUF (Prop_ibuf_I_O)         0.219     0.219 r  u_mmcm/inst/clkin1_ibufg/O
                         net (fo=1, routed)           0.440     0.659    u_mmcm/inst/clk_in1_clk_wiz_audio
    MMCME2_ADV_X1Y2      MMCME2_ADV (Prop_mmcme2_adv_CLKIN1_CLKOUT0)
                                                     -2.613    -1.954 r  u_mmcm/inst/mmcm_adv_inst/CLKOUT0
                         net (fo=1, routed)           0.696    -1.257    u_mmcm/inst/clk_out1_clk_wiz_audio
    BUFGCTRL_X0Y16       BUFG (Prop_bufg_I_O)         0.026    -1.231 r  u_mmcm/inst/clkout1_buf/O
                         net (fo=332, routed)         0.634    -0.597    u_rx_ja/clk_out1
    SLICE_X112Y88        FDCE                                         r  u_rx_ja/bit_counter_reg[0]/C
  -------------------------------------------------------------------    -------------------
    SLICE_X112Y88        FDCE (Prop_fdce_C_Q)         0.164    -0.433 r  u_rx_ja/bit_counter_reg[0]/Q
                         net (fo=6, routed)           0.186    -0.247    u_rx_ja/bit_counter_reg_n_0_[0]
    SLICE_X112Y88        LUT5 (Prop_lut5_I1_O)        0.043    -0.204 r  u_rx_ja/bit_counter[3]_i_1/O
                         net (fo=1, routed)           0.000    -0.204    u_rx_ja/bit_counter[3]_i_1_n_0
    SLICE_X112Y88        FDCE                                         r  u_rx_ja/bit_counter_reg[3]/D
  -------------------------------------------------------------------    -------------------

                         (clock clk_out1_clk_wiz_audio rise edge)
                                                      0.000     0.000 r  <hidden>
    H16                                               0.000     0.000 r  sysclk
                         net (fo=0)                   0.000     0.000    u_mmcm/inst/clk_in1
    H16                  IBUF (Prop_ibuf_I_O)         0.406     0.406 r  u_mmcm/inst/clkin1_ibufg/O
                         net (fo=1, routed)           0.480     0.886    u_mmcm/inst/clk_in1_clk_wiz_audio
    MMCME2_ADV_X1Y2      MMCME2_ADV (Prop_mmcme2_adv_CLKIN1_CLKOUT0)
                                                     -3.407    -2.521 r  u_mmcm/inst/mmcm_adv_inst/CLKOUT0
                         net (fo=1, routed)           0.752    -1.769    u_mmcm/inst/clk_out1_clk_wiz_audio
    BUFGCTRL_X0Y16       BUFG (Prop_bufg_I_O)         0.029    -1.740 r  u_mmcm/inst/clkout1_buf/O
                         net (fo=332, routed)         0.906    -0.834    u_rx_ja/clk_out1
    SLICE_X112Y88        FDCE                                         r  u_rx_ja/bit_counter_reg[3]/C
                         clock pessimism              0.236    -0.597    <hidden>
                         clock uncertainty            0.240    -0.358    <hidden>
    SLICE_X112Y88        FDCE (Hold_fdce_C_D)         0.131    -0.227    u_rx_ja/bit_counter_reg[3]
  -------------------------------------------------------------------
                         required time                          0.227    <hidden>
                         arrival time                          -0.204    <hidden>
  -------------------------------------------------------------------
                         slack                                  0.023    <hidden>

Slack (MET) :             0.025ns  (arrival time - required time)
  Source:                 u_matrix/out_reg_reg[0][6]/C
                            (rising edge-triggered cell FDCE clocked by clk_out1_clk_wiz_audio_1  {rise@0.000ns fall@40.690ns period=81.380ns})
  Destination:            u_tx_ja/shift_reg_reg[6]/D
                            (rising edge-triggered cell FDCE clocked by clk_out1_clk_wiz_audio  {rise@0.000ns fall@40.690ns period=81.380ns})
  Path Group:             clk_out1_clk_wiz_audio
  Path Type:              Hold (Min at Fast Process Corner)
  Requirement:            0.000ns  (clk_out1_clk_wiz_audio rise@0.000ns - clk_out1_clk_wiz_audio_1 rise@0.000ns)
  Data Path Delay:        0.373ns  (logic 0.226ns (60.650%)  route 0.147ns (39.350%))
  Logic Levels:           1  (LUT6=1)
  Clock Path Skew:        0.016ns (DCD - SCD - CPR)
    Destination Clock Delay (DCD):    -0.833ns
    Source Clock Delay      (SCD):    -0.596ns
    Clock Pessimism Removal (CPR):    -0.252ns
  Clock Uncertainty:      0.240ns  ((TSJ^2 + DJ^2)^1/2) / 2 + PE
    Total System Jitter     (TSJ):    0.071ns
    Discrete Jitter          (DJ):    0.474ns
    Phase Error              (PE):    0.000ns
  Clock Domain Crossing:  Inter clock paths are considered valid unless explicitly excluded by timing constraints such as set_clock_groups or set_false_path.

    Location             Delay type                Incr(ns)  Path(ns)    Netlist Resource(s)
  -------------------------------------------------------------------    -------------------
                         (clock clk_out1_clk_wiz_audio_1 rise edge)
                                                      0.000     0.000 r  <hidden>
    H16                                               0.000     0.000 r  sysclk
                         net (fo=0)                   0.000     0.000    u_mmcm/inst/clk_in1
    H16                  IBUF (Prop_ibuf_I_O)         0.219     0.219 r  u_mmcm/inst/clkin1_ibufg/O
                         net (fo=1, routed)           0.440     0.659    u_mmcm/inst/clk_in1_clk_wiz_audio
    MMCME2_ADV_X1Y2      MMCME2_ADV (Prop_mmcme2_adv_CLKIN1_CLKOUT0)
                                                     -2.613    -1.954 r  u_mmcm/inst/mmcm_adv_inst/CLKOUT0
                         net (fo=1, routed)           0.696    -1.257    u_mmcm/inst/clk_out1_clk_wiz_audio
    BUFGCTRL_X0Y16       BUFG (Prop_bufg_I_O)         0.026    -1.231 r  u_mmcm/inst/clkout1_buf/O
                         net (fo=332, routed)         0.635    -0.596    u_matrix/clk_out1
    SLICE_X110Y91        FDCE                                         r  u_matrix/out_reg_reg[0][6]/C
  -------------------------------------------------------------------    -------------------
    SLICE_X110Y91        FDCE (Prop_fdce_C_Q)         0.128    -0.468 r  u_matrix/out_reg_reg[0][6]/Q
                         net (fo=1, routed)           0.147    -0.322    u_rx_ja/shift_reg_reg[23]_1[5]
    SLICE_X111Y90        LUT6 (Prop_lut6_I2_O)        0.098    -0.224 r  u_rx_ja/shift_reg[6]_i_1__0/O
                         net (fo=1, routed)           0.000    -0.224    u_tx_ja/shift_reg_reg[23]_0[6]
    SLICE_X111Y90        FDCE                                         r  u_tx_ja/shift_reg_reg[6]/D
  -------------------------------------------------------------------    -------------------

                         (clock clk_out1_clk_wiz_audio rise edge)
                                                      0.000     0.000 r  <hidden>
    H16                                               0.000     0.000 r  sysclk
                         net (fo=0)                   0.000     0.000    u_mmcm/inst/clk_in1
    H16                  IBUF (Prop_ibuf_I_O)         0.406     0.406 r  u_mmcm/inst/clkin1_ibufg/O
                         net (fo=1, routed)           0.480     0.886    u_mmcm/inst/clk_in1_clk_wiz_audio
    MMCME2_ADV_X1Y2      MMCME2_ADV (Prop_mmcme2_adv_CLKIN1_CLKOUT0)
                                                     -3.407    -2.521 r  u_mmcm/inst/mmcm_adv_inst/CLKOUT0
                         net (fo=1, routed)           0.752    -1.769    u_mmcm/inst/clk_out1_clk_wiz_audio
    BUFGCTRL_X0Y16       BUFG (Prop_bufg_I_O)         0.029    -1.740 r  u_mmcm/inst/clkout1_buf/O
                         net (fo=332, routed)         0.907    -0.833    u_tx_ja/clk_out1
    SLICE_X111Y90        FDCE                                         r  u_tx_ja/shift_reg_reg[6]/C
                         clock pessimism              0.252    -0.580    <hidden>
                         clock uncertainty            0.240    -0.341    <hidden>
    SLICE_X111Y90        FDCE (Hold_fdce_C_D)         0.092    -0.249    u_tx_ja/shift_reg_reg[6]
  -------------------------------------------------------------------
                         required time                          0.249    <hidden>
                         arrival time                          -0.224    <hidden>
  -------------------------------------------------------------------
                         slack                                  0.025    <hidden>

Slack (MET) :             0.027ns  (arrival time - required time)
  Source:                 u_rx_ja/shift_reg_reg[4]/C
                            (rising edge-triggered cell FDCE clocked by clk_out1_clk_wiz_audio_1  {rise@0.000ns fall@40.690ns period=81.380ns})
  Destination:            u_rx_ja/left_data_reg[4]/D
                            (rising edge-triggered cell FDCE clocked by clk_out1_clk_wiz_audio  {rise@0.000ns fall@40.690ns period=81.380ns})
  Path Group:             clk_out1_clk_wiz_audio
  Path Type:              Hold (Min at Fast Process Corner)
  Requirement:            0.000ns  (clk_out1_clk_wiz_audio rise@0.000ns - clk_out1_clk_wiz_audio_1 rise@0.000ns)
  Data Path Delay:        0.299ns  (logic 0.128ns (42.822%)  route 0.171ns (57.178%))
  Logic Levels:           0  
  Clock Path Skew:        0.016ns (DCD - SCD - CPR)
    Destination Clock Delay (DCD):    -0.834ns
    Source Clock Delay      (SCD):    -0.597ns
    Clock Pessimism Removal (CPR):    -0.252ns
  Clock Uncertainty:      0.240ns  ((TSJ^2 + DJ^2)^1/2) / 2 + PE
    Total System Jitter     (TSJ):    0.071ns
    Discrete Jitter          (DJ):    0.474ns
    Phase Error              (PE):    0.000ns
  Clock Domain Crossing:  Inter clock paths are considered valid unless explicitly excluded by timing constraints such as set_clock_groups or set_false_path.

    Location             Delay type                Incr(ns)  Path(ns)    Netlist Resource(s)
  -------------------------------------------------------------------    -------------------
                         (clock clk_out1_clk_wiz_audio_1 rise edge)
                                                      0.000     0.000 r  <hidden>
    H16                                               0.000     0.000 r  sysclk
                         net (fo=0)                   0.000     0.000    u_mmcm/inst/clk_in1
    H16                  IBUF (Prop_ibuf_I_O)         0.219     0.219 r  u_mmcm/inst/clkin1_ibufg/O
                         net (fo=1, routed)           0.440     0.659    u_mmcm/inst/clk_in1_clk_wiz_audio
    MMCME2_ADV_X1Y2      MMCME2_ADV (Prop_mmcme2_adv_CLKIN1_CLKOUT0)
                                                     -2.613    -1.954 r  u_mmcm/inst/mmcm_adv_inst/CLKOUT0
                         net (fo=1, routed)           0.696    -1.257    u_mmcm/inst/clk_out1_clk_wiz_audio
    BUFGCTRL_X0Y16       BUFG (Prop_bufg_I_O)         0.026    -1.231 r  u_mmcm/inst/clkout1_buf/O
                         net (fo=332, routed)         0.634    -0.597    u_rx_ja/clk_out1
    SLICE_X113Y89        FDCE                                         r  u_rx_ja/shift_reg_reg[4]/C
  -------------------------------------------------------------------    -------------------
    SLICE_X113Y89        FDCE (Prop_fdce_C_Q)         0.128    -0.469 r  u_rx_ja/shift_reg_reg[4]/Q
                         net (fo=3, routed)           0.171    -0.299    u_rx_ja/shift_reg_reg_n_0_[4]
    SLICE_X111Y89        FDCE                                         r  u_rx_ja/left_data_reg[4]/D
  -------------------------------------------------------------------    -------------------

                         (clock clk_out1_clk_wiz_audio rise edge)
                                                      0.000     0.000 r  <hidden>
    H16                                               0.000     0.000 r  sysclk
                         net (fo=0)                   0.000     0.000    u_mmcm/inst/clk_in1
    H16                  IBUF (Prop_ibuf_I_O)         0.406     0.406 r  u_mmcm/inst/clkin1_ibufg/O
                         net (fo=1, routed)           0.480     0.886    u_mmcm/inst/clk_in1_clk_wiz_audio
    MMCME2_ADV_X1Y2      MMCME2_ADV (Prop_mmcme2_adv_CLKIN1_CLKOUT0)
                                                     -3.407    -2.521 r  u_mmcm/inst/mmcm_adv_inst/CLKOUT0
                         net (fo=1, routed)           0.752    -1.769    u_mmcm/inst/clk_out1_clk_wiz_audio
    BUFGCTRL_X0Y16       BUFG (Prop_bufg_I_O)         0.029    -1.740 r  u_mmcm/inst/clkout1_buf/O
                         net (fo=332, routed)         0.906    -0.834    u_rx_ja/clk_out1
    SLICE_X111Y89        FDCE                                         r  u_rx_ja/left_data_reg[4]/C
                         clock pessimism              0.252    -0.581    <hidden>
                         clock uncertainty            0.240    -0.342    <hidden>
    SLICE_X111Y89        FDCE (Hold_fdce_C_D)         0.016    -0.326    u_rx_ja/left_data_reg[4]
  -------------------------------------------------------------------
                         required time                          0.326    <hidden>
                         arrival time                          -0.299    <hidden>
  -------------------------------------------------------------------
                         slack                                  0.027    <hidden>

Slack (MET) :             0.028ns  (arrival time - required time)
  Source:                 u_div/cnt_reg[1]/C
                            (rising edge-triggered cell FDCE clocked by clk_out1_clk_wiz_audio_1  {rise@0.000ns fall@40.690ns period=81.380ns})
  Destination:            u_div/cnt_reg[2]/D
                            (rising edge-triggered cell FDCE clocked by clk_out1_clk_wiz_audio  {rise@0.000ns fall@40.690ns period=81.380ns})
  Path Group:             clk_out1_clk_wiz_audio
  Path Type:              Hold (Min at Fast Process Corner)
  Requirement:            0.000ns  (clk_out1_clk_wiz_audio rise@0.000ns - clk_out1_clk_wiz_audio_1 rise@0.000ns)
  Data Path Delay:        0.399ns  (logic 0.207ns (51.901%)  route 0.192ns (48.099%))
  Logic Levels:           1  (LUT3=1)
  Clock Path Skew:        0.000ns (DCD - SCD - CPR)
    Destination Clock Delay (DCD):    -0.842ns
    Source Clock Delay      (SCD):    -0.603ns
    Clock Pessimism Removal (CPR):    -0.238ns
  Clock Uncertainty:      0.240ns  ((TSJ^2 + DJ^2)^1/2) / 2 + PE
    Total System Jitter     (TSJ):    0.071ns
    Discrete Jitter          (DJ):    0.474ns
    Phase Error              (PE):    0.000ns
  Clock Domain Crossing:  Inter clock paths are considered valid unless explicitly excluded by timing constraints such as set_clock_groups or set_false_path.

    Location             Delay type                Incr(ns)  Path(ns)    Netlist Resource(s)
  -------------------------------------------------------------------    -------------------
                         (clock clk_out1_clk_wiz_audio_1 rise edge)
                                                      0.000     0.000 r  <hidden>
    H16                                               0.000     0.000 r  sysclk
                         net (fo=0)                   0.000     0.000    u_mmcm/inst/clk_in1
    H16                  IBUF (Prop_ibuf_I_O)         0.219     0.219 r  u_mmcm/inst/clkin1_ibufg/O
                         net (fo=1, routed)           0.440     0.659    u_mmcm/inst/clk_in1_clk_wiz_audio
    MMCME2_ADV_X1Y2      MMCME2_ADV (Prop_mmcme2_adv_CLKIN1_CLKOUT0)
                                                     -2.613    -1.954 r  u_mmcm/inst/mmcm_adv_inst/CLKOUT0
                         net (fo=1, routed)           0.696    -1.257    u_mmcm/inst/clk_out1_clk_wiz_audio
    BUFGCTRL_X0Y16       BUFG (Prop_bufg_I_O)         0.026    -1.231 r  u_mmcm/inst/clkout1_buf/O
                         net (fo=332, routed)         0.628    -0.603    u_div/clk_out1
    SLICE_X112Y80        FDCE                                         r  u_div/cnt_reg[1]/C
  -------------------------------------------------------------------    -------------------
    SLICE_X112Y80        FDCE (Prop_fdce_C_Q)         0.164    -0.439 r  u_div/cnt_reg[1]/Q
                         net (fo=11, routed)          0.192    -0.248    u_div/out[0]
    SLICE_X112Y80        LUT3 (Prop_lut3_I1_O)        0.043    -0.205 r  u_div/cnt[2]_i_1/O
                         net (fo=1, routed)           0.000    -0.205    u_div/p_0_in[2]
    SLICE_X112Y80        FDCE                                         r  u_div/cnt_reg[2]/D
  -------------------------------------------------------------------    -------------------

                         (clock clk_out1_clk_wiz_audio rise edge)
                                                      0.000     0.000 r  <hidden>
    H16                                               0.000     0.000 r  sysclk
                         net (fo=0)                   0.000     0.000    u_mmcm/inst/clk_in1
    H16                  IBUF (Prop_ibuf_I_O)         0.406     0.406 r  u_mmcm/inst/clkin1_ibufg/O
                         net (fo=1, routed)           0.480     0.886    u_mmcm/inst/clk_in1_clk_wiz_audio
    MMCME2_ADV_X1Y2      MMCME2_ADV (Prop_mmcme2_adv_CLKIN1_CLKOUT0)
                                                     -3.407    -2.521 r  u_mmcm/inst/mmcm_adv_inst/CLKOUT0
                         net (fo=1, routed)           0.752    -1.769    u_mmcm/inst/clk_out1_clk_wiz_audio
    BUFGCTRL_X0Y16       BUFG (Prop_bufg_I_O)         0.029    -1.740 r  u_mmcm/inst/clkout1_buf/O
                         net (fo=332, routed)         0.898    -0.842    u_div/clk_out1
    SLICE_X112Y80        FDCE                                         r  u_div/cnt_reg[2]/C
                         clock pessimism              0.238    -0.603    <hidden>
                         clock uncertainty            0.240    -0.364    <hidden>
    SLICE_X112Y80        FDCE (Hold_fdce_C_D)         0.131    -0.233    u_div/cnt_reg[2]
  -------------------------------------------------------------------
                         required time                          0.233    <hidden>
                         arrival time                          -0.205    <hidden>
  -------------------------------------------------------------------
                         slack                                  0.028    <hidden>

Slack (MET) :             0.032ns  (arrival time - required time)
  Source:                 u_rx_jb/left_data_reg[1]/C
                            (rising edge-triggered cell FDCE clocked by clk_out1_clk_wiz_audio_1  {rise@0.000ns fall@40.690ns period=81.380ns})
  Destination:            u_matrix/out_reg_reg[2][1]/D
                            (rising edge-triggered cell FDCE clocked by clk_out1_clk_wiz_audio  {rise@0.000ns fall@40.690ns period=81.380ns})
  Path Group:             clk_out1_clk_wiz_audio
  Path Type:              Hold (Min at Fast Process Corner)
  Requirement:            0.000ns  (clk_out1_clk_wiz_audio rise@0.000ns - clk_out1_clk_wiz_audio_1 rise@0.000ns)
  Data Path Delay:        0.376ns  (logic 0.186ns (49.436%)  route 0.190ns (50.564%))
  Logic Levels:           1  (LUT3=1)
  Clock Path Skew:        0.014ns (DCD - SCD - CPR)
    Destination Clock Delay (DCD):    -0.841ns
    Source Clock Delay      (SCD):    -0.600ns
    Clock Pessimism Removal (CPR):    -0.254ns
  Clock Uncertainty:      0.240ns  ((TSJ^2 + DJ^2)^1/2) / 2 + PE
    Total System Jitter     (TSJ):    0.071ns
    Discrete Jitter          (DJ):    0.474ns
    Phase Error              (PE):    0.000ns
  Clock Domain Crossing:  Inter clock paths are considered valid unless explicitly excluded by timing constraints such as set_clock_groups or set_false_path.

    Location             Delay type                Incr(ns)  Path(ns)    Netlist Resource(s)
  -------------------------------------------------------------------    -------------------
                         (clock clk_out1_clk_wiz_audio_1 rise edge)
                                                      0.000     0.000 r  <hidden>
    H16                                               0.000     0.000 r  sysclk
                         net (fo=0)                   0.000     0.000    u_mmcm/inst/clk_in1
    H16                  IBUF (Prop_ibuf_I_O)         0.219     0.219 r  u_mmcm/inst/clkin1_ibufg/O
                         net (fo=1, routed)           0.440     0.659    u_mmcm/inst/clk_in1_clk_wiz_audio
    MMCME2_ADV_X1Y2      MMCME2_ADV (Prop_mmcme2_adv_CLKIN1_CLKOUT0)
                                                     -2.613    -1.954 r  u_mmcm/inst/mmcm_adv_inst/CLKOUT0
                         net (fo=1, routed)           0.696    -1.257    u_mmcm/inst/clk_out1_clk_wiz_audio
    BUFGCTRL_X0Y16       BUFG (Prop_bufg_I_O)         0.026    -1.231 r  u_mmcm/inst/clkout1_buf/O
                         net (fo=332, routed)         0.631    -0.600    u_rx_jb/clk_out1
    SLICE_X109Y84        FDCE                                         r  u_rx_jb/left_data_reg[1]/C
  -------------------------------------------------------------------    -------------------
    SLICE_X109Y84        FDCE (Prop_fdce_C_Q)         0.141    -0.459 r  u_rx_jb/left_data_reg[1]/Q
                         net (fo=1, routed)           0.190    -0.269    u_matrix/out_reg_reg[2][23]_1[1]
    SLICE_X106Y84        LUT3 (Prop_lut3_I2_O)        0.045    -0.224 r  u_matrix/out_reg[2][1]_i_1/O
                         net (fo=1, routed)           0.000    -0.224    u_matrix/out_reg[2][1]_i_1_n_0
    SLICE_X106Y84        FDCE                                         r  u_matrix/out_reg_reg[2][1]/D
  -------------------------------------------------------------------    -------------------

                         (clock clk_out1_clk_wiz_audio rise edge)
                                                      0.000     0.000 r  <hidden>
    H16                                               0.000     0.000 r  sysclk
                         net (fo=0)                   0.000     0.000    u_mmcm/inst/clk_in1
    H16                  IBUF (Prop_ibuf_I_O)         0.406     0.406 r  u_mmcm/inst/clkin1_ibufg/O
                         net (fo=1, routed)           0.480     0.886    u_mmcm/inst/clk_in1_clk_wiz_audio
    MMCME2_ADV_X1Y2      MMCME2_ADV (Prop_mmcme2_adv_CLKIN1_CLKOUT0)
                                                     -3.407    -2.521 r  u_mmcm/inst/mmcm_adv_inst/CLKOUT0
                         net (fo=1, routed)           0.752    -1.769    u_mmcm/inst/clk_out1_clk_wiz_audio
    BUFGCTRL_X0Y16       BUFG (Prop_bufg_I_O)         0.029    -1.740 r  u_mmcm/inst/clkout1_buf/O
                         net (fo=332, routed)         0.899    -0.841    u_matrix/clk_out1
    SLICE_X106Y84        FDCE                                         r  u_matrix/out_reg_reg[2][1]/C
                         clock pessimism              0.254    -0.586    <hidden>
                         clock uncertainty            0.240    -0.347    <hidden>
    SLICE_X106Y84        FDCE (Hold_fdce_C_D)         0.091    -0.256    u_matrix/out_reg_reg[2][1]
  -------------------------------------------------------------------
                         required time                          0.256    <hidden>
                         arrival time                          -0.224    <hidden>
  -------------------------------------------------------------------
                         slack                                  0.032    <hidden>

Slack (MET) :             0.035ns  (arrival time - required time)
  Source:                 u_rx_ja/bit_counter_reg[0]/C
                            (rising edge-triggered cell FDCE clocked by clk_out1_clk_wiz_audio_1  {rise@0.000ns fall@40.690ns period=81.380ns})
  Destination:            u_rx_ja/bit_counter_reg[2]/D
                            (rising edge-triggered cell FDCE clocked by clk_out1_clk_wiz_audio  {rise@0.000ns fall@40.690ns period=81.380ns})
  Path Group:             clk_out1_clk_wiz_audio
  Path Type:              Hold (Min at Fast Process Corner)
  Requirement:            0.000ns  (clk_out1_clk_wiz_audio rise@0.000ns - clk_out1_clk_wiz_audio_1 rise@0.000ns)
  Data Path Delay:        0.395ns  (logic 0.209ns (52.866%)  route 0.186ns (47.134%))
  Logic Levels:           1  (LUT4=1)
  Clock Path Skew:        0.000ns (DCD - SCD - CPR)
    Destination Clock Delay (DCD):    -0.834ns
    Source Clock Delay      (SCD):    -0.597ns
    Clock Pessimism Removal (CPR):    -0.236ns
  Clock Uncertainty:      0.240ns  ((TSJ^2 + DJ^2)^1/2) / 2 + PE
    Total System Jitter     (TSJ):    0.071ns
    Discrete Jitter          (DJ):    0.474ns
    Phase Error              (PE):    0.000ns
  Clock Domain Crossing:  Inter clock paths are considered valid unless explicitly excluded by timing constraints such as set_clock_groups or set_false_path.

    Location             Delay type                Incr(ns)  Path(ns)    Netlist Resource(s)
  -------------------------------------------------------------------    -------------------
                         (clock clk_out1_clk_wiz_audio_1 rise edge)
                                                      0.000     0.000 r  <hidden>
    H16                                               0.000     0.000 r  sysclk
                         net (fo=0)                   0.000     0.000    u_mmcm/inst/clk_in1
    H16                  IBUF (Prop_ibuf_I_O)         0.219     0.219 r  u_mmcm/inst/clkin1_ibufg/O
                         net (fo=1, routed)           0.440     0.659    u_mmcm/inst/clk_in1_clk_wiz_audio
    MMCME2_ADV_X1Y2      MMCME2_ADV (Prop_mmcme2_adv_CLKIN1_CLKOUT0)
                                                     -2.613    -1.954 r  u_mmcm/inst/mmcm_adv_inst/CLKOUT0
                         net (fo=1, routed)           0.696    -1.257    u_mmcm/inst/clk_out1_clk_wiz_audio
    BUFGCTRL_X0Y16       BUFG (Prop_bufg_I_O)         0.026    -1.231 r  u_mmcm/inst/clkout1_buf/O
                         net (fo=332, routed)         0.634    -0.597    u_rx_ja/clk_out1
    SLICE_X112Y88        FDCE                                         r  u_rx_ja/bit_counter_reg[0]/C
  -------------------------------------------------------------------    -------------------
    SLICE_X112Y88        FDCE (Prop_fdce_C_Q)         0.164    -0.433 r  u_rx_ja/bit_counter_reg[0]/Q
                         net (fo=6, routed)           0.186    -0.247    u_rx_ja/bit_counter_reg_n_0_[0]
    SLICE_X112Y88        LUT4 (Prop_lut4_I0_O)        0.045    -0.202 r  u_rx_ja/bit_counter[2]_i_1/O
                         net (fo=1, routed)           0.000    -0.202    u_rx_ja/bit_counter[2]_i_1_n_0
    SLICE_X112Y88        FDCE                                         r  u_rx_ja/bit_counter_reg[2]/D
  -------------------------------------------------------------------    -------------------

                         (clock clk_out1_clk_wiz_audio rise edge)
                                                      0.000     0.000 r  <hidden>
    H16                                               0.000     0.000 r  sysclk
                         net (fo=0)                   0.000     0.000    u_mmcm/inst/clk_in1
    H16                  IBUF (Prop_ibuf_I_O)         0.406     0.406 r  u_mmcm/inst/clkin1_ibufg/O
                         net (fo=1, routed)           0.480     0.886    u_mmcm/inst/clk_in1_clk_wiz_audio
    MMCME2_ADV_X1Y2      MMCME2_ADV (Prop_mmcme2_adv_CLKIN1_CLKOUT0)
                                                     -3.407    -2.521 r  u_mmcm/inst/mmcm_adv_inst/CLKOUT0
                         net (fo=1, routed)           0.752    -1.769    u_mmcm/inst/clk_out1_clk_wiz_audio
    BUFGCTRL_X0Y16       BUFG (Prop_bufg_I_O)         0.029    -1.740 r  u_mmcm/inst/clkout1_buf/O
                         net (fo=332, routed)         0.906    -0.834    u_rx_ja/clk_out1
    SLICE_X112Y88        FDCE                                         r  u_rx_ja/bit_counter_reg[2]/C
                         clock pessimism              0.236    -0.597    <hidden>
                         clock uncertainty            0.240    -0.358    <hidden>
    SLICE_X112Y88        FDCE (Hold_fdce_C_D)         0.121    -0.237    u_rx_ja/bit_counter_reg[2]
  -------------------------------------------------------------------
                         required time                          0.237    <hidden>
                         arrival time                          -0.202    <hidden>
  -------------------------------------------------------------------
                         slack                                  0.035    <hidden>

Slack (MET) :             0.035ns  (arrival time - required time)
  Source:                 u_rx_ja/right_data_reg[4]/C
                            (rising edge-triggered cell FDCE clocked by clk_out1_clk_wiz_audio_1  {rise@0.000ns fall@40.690ns period=81.380ns})
  Destination:            u_matrix/out_reg_reg[1][4]/D
                            (rising edge-triggered cell FDCE clocked by clk_out1_clk_wiz_audio  {rise@0.000ns fall@40.690ns period=81.380ns})
  Path Group:             clk_out1_clk_wiz_audio
  Path Type:              Hold (Min at Fast Process Corner)
  Requirement:            0.000ns  (clk_out1_clk_wiz_audio rise@0.000ns - clk_out1_clk_wiz_audio_1 rise@0.000ns)
  Data Path Delay:        0.398ns  (logic 0.209ns (52.572%)  route 0.189ns (47.428%))
  Logic Levels:           1  (LUT3=1)
  Clock Path Skew:        0.016ns (DCD - SCD - CPR)
    Destination Clock Delay (DCD):    -0.834ns
    Source Clock Delay      (SCD):    -0.597ns
    Clock Pessimism Removal (CPR):    -0.252ns
  Clock Uncertainty:      0.240ns  ((TSJ^2 + DJ^2)^1/2) / 2 + PE
    Total System Jitter     (TSJ):    0.071ns
    Discrete Jitter          (DJ):    0.474ns
    Phase Error              (PE):    0.000ns
  Clock Domain Crossing:  Inter clock paths are considered valid unless explicitly excluded by timing constraints such as set_clock_groups or set_false_path.

    Location             Delay type                Incr(ns)  Path(ns)    Netlist Resource(s)
  -------------------------------------------------------------------    -------------------
                         (clock clk_out1_clk_wiz_audio_1 rise edge)
                                                      0.000     0.000 r  <hidden>
    H16                                               0.000     0.000 r  sysclk
                         net (fo=0)                   0.000     0.000    u_mmcm/inst/clk_in1
    H16                  IBUF (Prop_ibuf_I_O)         0.219     0.219 r  u_mmcm/inst/clkin1_ibufg/O
                         net (fo=1, routed)           0.440     0.659    u_mmcm/inst/clk_in1_clk_wiz_audio
    MMCME2_ADV_X1Y2      MMCME2_ADV (Prop_mmcme2_adv_CLKIN1_CLKOUT0)
                                                     -2.613    -1.954 r  u_mmcm/inst/mmcm_adv_inst/CLKOUT0
                         net (fo=1, routed)           0.696    -1.257    u_mmcm/inst/clk_out1_clk_wiz_audio
    BUFGCTRL_X0Y16       BUFG (Prop_bufg_I_O)         0.026    -1.231 r  u_mmcm/inst/clkout1_buf/O
                         net (fo=332, routed)         0.634    -0.597    u_rx_ja/clk_out1
    SLICE_X112Y89        FDCE                                         r  u_rx_ja/right_data_reg[4]/C
  -------------------------------------------------------------------    -------------------
    SLICE_X112Y89        FDCE (Prop_fdce_C_Q)         0.164    -0.433 r  u_rx_ja/right_data_reg[4]/Q
                         net (fo=1, routed)           0.189    -0.245    u_matrix/Q[4]
    SLICE_X110Y89        LUT3 (Prop_lut3_I2_O)        0.045    -0.200 r  u_matrix/out_reg[1][4]_i_1/O
                         net (fo=1, routed)           0.000    -0.200    u_matrix/out_reg[1][4]_i_1_n_0
    SLICE_X110Y89        FDCE                                         r  u_matrix/out_reg_reg[1][4]/D
  -------------------------------------------------------------------    -------------------

                         (clock clk_out1_clk_wiz_audio rise edge)
                                                      0.000     0.000 r  <hidden>
    H16                                               0.000     0.000 r  sysclk
                         net (fo=0)                   0.000     0.000    u_mmcm/inst/clk_in1
    H16                  IBUF (Prop_ibuf_I_O)         0.406     0.406 r  u_mmcm/inst/clkin1_ibufg/O
                         net (fo=1, routed)           0.480     0.886    u_mmcm/inst/clk_in1_clk_wiz_audio
    MMCME2_ADV_X1Y2      MMCME2_ADV (Prop_mmcme2_adv_CLKIN1_CLKOUT0)
                                                     -3.407    -2.521 r  u_mmcm/inst/mmcm_adv_inst/CLKOUT0
                         net (fo=1, routed)           0.752    -1.769    u_mmcm/inst/clk_out1_clk_wiz_audio
    BUFGCTRL_X0Y16       BUFG (Prop_bufg_I_O)         0.029    -1.740 r  u_mmcm/inst/clkout1_buf/O
                         net (fo=332, routed)         0.906    -0.834    u_matrix/clk_out1
    SLICE_X110Y89        FDCE                                         r  u_matrix/out_reg_reg[1][4]/C
                         clock pessimism              0.252    -0.581    <hidden>
                         clock uncertainty            0.240    -0.342    <hidden>
    SLICE_X110Y89        FDCE (Hold_fdce_C_D)         0.107    -0.235    u_matrix/out_reg_reg[1][4]
  -------------------------------------------------------------------
                         required time                          0.235    <hidden>
                         arrival time                          -0.200    <hidden>
  -------------------------------------------------------------------
                         slack                                  0.035    <hidden>





---------------------------------------------------------------------------------------------------
Path Group:  **async_default**
From Clock:  clk_out1_clk_wiz_audio
  To Clock:  clk_out1_clk_wiz_audio

Setup :            0  Failing Endpoints,  Worst Slack       75.834ns,  Total Violation        0.000ns
Hold  :            0  Failing Endpoints,  Worst Slack        0.644ns,  Total Violation        0.000ns
---------------------------------------------------------------------------------------------------


Max Delay Paths
--------------------------------------------------------------------------------------
Slack (MET) :             75.834ns  (required time - arrival time)
  Source:                 u_rst_sync/rst_sync_reg/C
                            (rising edge-triggered cell FDCE clocked by clk_out1_clk_wiz_audio  {rise@0.000ns fall@40.690ns period=81.380ns})
  Destination:            u_rx_jb/left_data_reg[3]/CLR
                            (recovery check against rising-edge clock clk_out1_clk_wiz_audio  {rise@0.000ns fall@40.690ns period=81.380ns})
  Path Group:             **async_default**
  Path Type:              Recovery (Max at Slow Process Corner)
  Requirement:            81.380ns  (clk_out1_clk_wiz_audio rise@81.380ns - clk_out1_clk_wiz_audio rise@0.000ns)
  Data Path Delay:        4.764ns  (logic 0.773ns (16.225%)  route 3.991ns (83.775%))
  Logic Levels:           1  (LUT1=1)
  Clock Path Skew:        -0.137ns (DCD - SCD + CPR)
    Destination Clock Delay (DCD):    -1.564ns = ( 79.816 - 81.380 ) 
    Source Clock Delay      (SCD):    -0.860ns
    Clock Pessimism Removal (CPR):    0.567ns
  Clock Uncertainty:      0.240ns  ((TSJ^2 + DJ^2)^1/2) / 2 + PE
    Total System Jitter     (TSJ):    0.071ns
    Discrete Jitter          (DJ):    0.474ns
    Phase Error              (PE):    0.000ns

    Location             Delay type                Incr(ns)  Path(ns)    Netlist Resource(s)
  -------------------------------------------------------------------    -------------------
                         (clock clk_out1_clk_wiz_audio rise edge)
                                                      0.000     0.000 r  <hidden>
    H16                                               0.000     0.000 r  sysclk
                         net (fo=0)                   0.000     0.000    u_mmcm/inst/clk_in1
    H16                  IBUF (Prop_ibuf_I_O)         1.451     1.451 r  u_mmcm/inst/clkin1_ibufg/O
                         net (fo=1, routed)           1.285     2.736    u_mmcm/inst/clk_in1_clk_wiz_audio
    MMCME2_ADV_X1Y2      MMCME2_ADV (Prop_mmcme2_adv_CLKIN1_CLKOUT0)
                                                     -7.759    -5.023 r  u_mmcm/inst/mmcm_adv_inst/CLKOUT0
                         net (fo=1, routed)           2.206    -2.817    u_mmcm/inst/clk_out1_clk_wiz_audio
    BUFGCTRL_X0Y16       BUFG (Prop_bufg_I_O)         0.101    -2.716 r  u_mmcm/inst/clkout1_buf/O
                         net (fo=332, routed)         1.856    -0.860    u_rst_sync/clk_out1
    SLICE_X112Y82        FDCE                                         r  u_rst_sync/rst_sync_reg/C
  -------------------------------------------------------------------    -------------------
    SLICE_X112Y82        FDCE (Prop_fdce_C_Q)         0.478    -0.382 r  u_rst_sync/rst_sync_reg/Q
                         net (fo=1, routed)           0.467     0.085    u_div/cnt_reg[0]_0
    SLICE_X112Y82        LUT1 (Prop_lut1_I0_O)        0.295     0.380 f  u_div/cnt[7]_i_2/O
                         net (fo=326, routed)         3.524     3.904    u_rx_jb/bit_counter_reg[4]_0
    SLICE_X105Y87        FDCE                                         f  u_rx_jb/left_data_reg[3]/CLR
  -------------------------------------------------------------------    -------------------

                         (clock clk_out1_clk_wiz_audio rise edge)
                                                     81.380    81.380 r  <hidden>
    H16                                               0.000    81.380 r  sysclk
                         net (fo=0)                   0.000    81.380    u_mmcm/inst/clk_in1
    H16                  IBUF (Prop_ibuf_I_O)         1.380    82.760 r  u_mmcm/inst/clkin1_ibufg/O
                         net (fo=1, routed)           1.162    83.922    u_mmcm/inst/clk_in1_clk_wiz_audio
    MMCME2_ADV_X1Y2      MMCME2_ADV (Prop_mmcme2_adv_CLKIN1_CLKOUT0)
                                                     -7.814    76.108 r  u_mmcm/inst/mmcm_adv_inst/CLKOUT0
                         net (fo=1, routed)           2.012    78.120    u_mmcm/inst/clk_out1_clk_wiz_audio
    BUFGCTRL_X0Y16       BUFG (Prop_bufg_I_O)         0.091    78.211 r  u_mmcm/inst/clkout1_buf/O
                         net (fo=332, routed)         1.605    79.816    u_rx_jb/clk_out1
    SLICE_X105Y87        FDCE                                         r  u_rx_jb/left_data_reg[3]/C
                         clock pessimism              0.567    80.383    <hidden>
                         clock uncertainty           -0.240    80.143    <hidden>
    SLICE_X105Y87        FDCE (Recov_fdce_C_CLR)     -0.405    79.738    u_rx_jb/left_data_reg[3]
  -------------------------------------------------------------------
                         required time                         79.738    <hidden>
                         arrival time                          -3.904    <hidden>
  -------------------------------------------------------------------
                         slack                                 75.834    <hidden>

Slack (MET) :             75.834ns  (required time - arrival time)
  Source:                 u_rst_sync/rst_sync_reg/C
                            (rising edge-triggered cell FDCE clocked by clk_out1_clk_wiz_audio  {rise@0.000ns fall@40.690ns period=81.380ns})
  Destination:            u_rx_jb/left_data_reg[4]/CLR
                            (recovery check against rising-edge clock clk_out1_clk_wiz_audio  {rise@0.000ns fall@40.690ns period=81.380ns})
  Path Group:             **async_default**
  Path Type:              Recovery (Max at Slow Process Corner)
  Requirement:            81.380ns  (clk_out1_clk_wiz_audio rise@81.380ns - clk_out1_clk_wiz_audio rise@0.000ns)
  Data Path Delay:        4.764ns  (logic 0.773ns (16.225%)  route 3.991ns (83.775%))
  Logic Levels:           1  (LUT1=1)
  Clock Path Skew:        -0.137ns (DCD - SCD + CPR)
    Destination Clock Delay (DCD):    -1.564ns = ( 79.816 - 81.380 ) 
    Source Clock Delay      (SCD):    -0.860ns
    Clock Pessimism Removal (CPR):    0.567ns
  Clock Uncertainty:      0.240ns  ((TSJ^2 + DJ^2)^1/2) / 2 + PE
    Total System Jitter     (TSJ):    0.071ns
    Discrete Jitter          (DJ):    0.474ns
    Phase Error              (PE):    0.000ns

    Location             Delay type                Incr(ns)  Path(ns)    Netlist Resource(s)
  -------------------------------------------------------------------    -------------------
                         (clock clk_out1_clk_wiz_audio rise edge)
                                                      0.000     0.000 r  <hidden>
    H16                                               0.000     0.000 r  sysclk
                         net (fo=0)                   0.000     0.000    u_mmcm/inst/clk_in1
    H16                  IBUF (Prop_ibuf_I_O)         1.451     1.451 r  u_mmcm/inst/clkin1_ibufg/O
                         net (fo=1, routed)           1.285     2.736    u_mmcm/inst/clk_in1_clk_wiz_audio
    MMCME2_ADV_X1Y2      MMCME2_ADV (Prop_mmcme2_adv_CLKIN1_CLKOUT0)
                                                     -7.759    -5.023 r  u_mmcm/inst/mmcm_adv_inst/CLKOUT0
                         net (fo=1, routed)           2.206    -2.817    u_mmcm/inst/clk_out1_clk_wiz_audio
    BUFGCTRL_X0Y16       BUFG (Prop_bufg_I_O)         0.101    -2.716 r  u_mmcm/inst/clkout1_buf/O
                         net (fo=332, routed)         1.856    -0.860    u_rst_sync/clk_out1
    SLICE_X112Y82        FDCE                                         r  u_rst_sync/rst_sync_reg/C
  -------------------------------------------------------------------    -------------------
    SLICE_X112Y82        FDCE (Prop_fdce_C_Q)         0.478    -0.382 r  u_rst_sync/rst_sync_reg/Q
                         net (fo=1, routed)           0.467     0.085    u_div/cnt_reg[0]_0
    SLICE_X112Y82        LUT1 (Prop_lut1_I0_O)        0.295     0.380 f  u_div/cnt[7]_i_2/O
                         net (fo=326, routed)         3.524     3.904    u_rx_jb/bit_counter_reg[4]_0
    SLICE_X105Y87        FDCE                                         f  u_rx_jb/left_data_reg[4]/CLR
  -------------------------------------------------------------------    -------------------

                         (clock clk_out1_clk_wiz_audio rise edge)
                                                     81.380    81.380 r  <hidden>
    H16                                               0.000    81.380 r  sysclk
                         net (fo=0)                   0.000    81.380    u_mmcm/inst/clk_in1
    H16                  IBUF (Prop_ibuf_I_O)         1.380    82.760 r  u_mmcm/inst/clkin1_ibufg/O
                         net (fo=1, routed)           1.162    83.922    u_mmcm/inst/clk_in1_clk_wiz_audio
    MMCME2_ADV_X1Y2      MMCME2_ADV (Prop_mmcme2_adv_CLKIN1_CLKOUT0)
                                                     -7.814    76.108 r  u_mmcm/inst/mmcm_adv_inst/CLKOUT0
                         net (fo=1, routed)           2.012    78.120    u_mmcm/inst/clk_out1_clk_wiz_audio
    BUFGCTRL_X0Y16       BUFG (Prop_bufg_I_O)         0.091    78.211 r  u_mmcm/inst/clkout1_buf/O
                         net (fo=332, routed)         1.605    79.816    u_rx_jb/clk_out1
    SLICE_X105Y87        FDCE                                         r  u_rx_jb/left_data_reg[4]/C
                         clock pessimism              0.567    80.383    <hidden>
                         clock uncertainty           -0.240    80.143    <hidden>
    SLICE_X105Y87        FDCE (Recov_fdce_C_CLR)     -0.405    79.738    u_rx_jb/left_data_reg[4]
  -------------------------------------------------------------------
                         required time                         79.738    <hidden>
                         arrival time                          -3.904    <hidden>
  -------------------------------------------------------------------
                         slack                                 75.834    <hidden>

Slack (MET) :             75.834ns  (required time - arrival time)
  Source:                 u_rst_sync/rst_sync_reg/C
                            (rising edge-triggered cell FDCE clocked by clk_out1_clk_wiz_audio  {rise@0.000ns fall@40.690ns period=81.380ns})
  Destination:            u_rx_jb/left_data_reg[5]/CLR
                            (recovery check against rising-edge clock clk_out1_clk_wiz_audio  {rise@0.000ns fall@40.690ns period=81.380ns})
  Path Group:             **async_default**
  Path Type:              Recovery (Max at Slow Process Corner)
  Requirement:            81.380ns  (clk_out1_clk_wiz_audio rise@81.380ns - clk_out1_clk_wiz_audio rise@0.000ns)
  Data Path Delay:        4.764ns  (logic 0.773ns (16.225%)  route 3.991ns (83.775%))
  Logic Levels:           1  (LUT1=1)
  Clock Path Skew:        -0.137ns (DCD - SCD + CPR)
    Destination Clock Delay (DCD):    -1.564ns = ( 79.816 - 81.380 ) 
    Source Clock Delay      (SCD):    -0.860ns
    Clock Pessimism Removal (CPR):    0.567ns
  Clock Uncertainty:      0.240ns  ((TSJ^2 + DJ^2)^1/2) / 2 + PE
    Total System Jitter     (TSJ):    0.071ns
    Discrete Jitter          (DJ):    0.474ns
    Phase Error              (PE):    0.000ns

    Location             Delay type                Incr(ns)  Path(ns)    Netlist Resource(s)
  -------------------------------------------------------------------    -------------------
                         (clock clk_out1_clk_wiz_audio rise edge)
                                                      0.000     0.000 r  <hidden>
    H16                                               0.000     0.000 r  sysclk
                         net (fo=0)                   0.000     0.000    u_mmcm/inst/clk_in1
    H16                  IBUF (Prop_ibuf_I_O)         1.451     1.451 r  u_mmcm/inst/clkin1_ibufg/O
                         net (fo=1, routed)           1.285     2.736    u_mmcm/inst/clk_in1_clk_wiz_audio
    MMCME2_ADV_X1Y2      MMCME2_ADV (Prop_mmcme2_adv_CLKIN1_CLKOUT0)
                                                     -7.759    -5.023 r  u_mmcm/inst/mmcm_adv_inst/CLKOUT0
                         net (fo=1, routed)           2.206    -2.817    u_mmcm/inst/clk_out1_clk_wiz_audio
    BUFGCTRL_X0Y16       BUFG (Prop_bufg_I_O)         0.101    -2.716 r  u_mmcm/inst/clkout1_buf/O
                         net (fo=332, routed)         1.856    -0.860    u_rst_sync/clk_out1
    SLICE_X112Y82        FDCE                                         r  u_rst_sync/rst_sync_reg/C
  -------------------------------------------------------------------    -------------------
    SLICE_X112Y82        FDCE (Prop_fdce_C_Q)         0.478    -0.382 r  u_rst_sync/rst_sync_reg/Q
                         net (fo=1, routed)           0.467     0.085    u_div/cnt_reg[0]_0
    SLICE_X112Y82        LUT1 (Prop_lut1_I0_O)        0.295     0.380 f  u_div/cnt[7]_i_2/O
                         net (fo=326, routed)         3.524     3.904    u_rx_jb/bit_counter_reg[4]_0
    SLICE_X105Y87        FDCE                                         f  u_rx_jb/left_data_reg[5]/CLR
  -------------------------------------------------------------------    -------------------

                         (clock clk_out1_clk_wiz_audio rise edge)
                                                     81.380    81.380 r  <hidden>
    H16                                               0.000    81.380 r  sysclk
                         net (fo=0)                   0.000    81.380    u_mmcm/inst/clk_in1
    H16                  IBUF (Prop_ibuf_I_O)         1.380    82.760 r  u_mmcm/inst/clkin1_ibufg/O
                         net (fo=1, routed)           1.162    83.922    u_mmcm/inst/clk_in1_clk_wiz_audio
    MMCME2_ADV_X1Y2      MMCME2_ADV (Prop_mmcme2_adv_CLKIN1_CLKOUT0)
                                                     -7.814    76.108 r  u_mmcm/inst/mmcm_adv_inst/CLKOUT0
                         net (fo=1, routed)           2.012    78.120    u_mmcm/inst/clk_out1_clk_wiz_audio
    BUFGCTRL_X0Y16       BUFG (Prop_bufg_I_O)         0.091    78.211 r  u_mmcm/inst/clkout1_buf/O
                         net (fo=332, routed)         1.605    79.816    u_rx_jb/clk_out1
    SLICE_X105Y87        FDCE                                         r  u_rx_jb/left_data_reg[5]/C
                         clock pessimism              0.567    80.383    <hidden>
                         clock uncertainty           -0.240    80.143    <hidden>
    SLICE_X105Y87        FDCE (Recov_fdce_C_CLR)     -0.405    79.738    u_rx_jb/left_data_reg[5]
  -------------------------------------------------------------------
                         required time                         79.738    <hidden>
                         arrival time                          -3.904    <hidden>
  -------------------------------------------------------------------
                         slack                                 75.834    <hidden>

Slack (MET) :             75.834ns  (required time - arrival time)
  Source:                 u_rst_sync/rst_sync_reg/C
                            (rising edge-triggered cell FDCE clocked by clk_out1_clk_wiz_audio  {rise@0.000ns fall@40.690ns period=81.380ns})
  Destination:            u_rx_jb/left_data_reg[6]/CLR
                            (recovery check against rising-edge clock clk_out1_clk_wiz_audio  {rise@0.000ns fall@40.690ns period=81.380ns})
  Path Group:             **async_default**
  Path Type:              Recovery (Max at Slow Process Corner)
  Requirement:            81.380ns  (clk_out1_clk_wiz_audio rise@81.380ns - clk_out1_clk_wiz_audio rise@0.000ns)
  Data Path Delay:        4.764ns  (logic 0.773ns (16.225%)  route 3.991ns (83.775%))
  Logic Levels:           1  (LUT1=1)
  Clock Path Skew:        -0.137ns (DCD - SCD + CPR)
    Destination Clock Delay (DCD):    -1.564ns = ( 79.816 - 81.380 ) 
    Source Clock Delay      (SCD):    -0.860ns
    Clock Pessimism Removal (CPR):    0.567ns
  Clock Uncertainty:      0.240ns  ((TSJ^2 + DJ^2)^1/2) / 2 + PE
    Total System Jitter     (TSJ):    0.071ns
    Discrete Jitter          (DJ):    0.474ns
    Phase Error              (PE):    0.000ns

    Location             Delay type                Incr(ns)  Path(ns)    Netlist Resource(s)
  -------------------------------------------------------------------    -------------------
                         (clock clk_out1_clk_wiz_audio rise edge)
                                                      0.000     0.000 r  <hidden>
    H16                                               0.000     0.000 r  sysclk
                         net (fo=0)                   0.000     0.000    u_mmcm/inst/clk_in1
    H16                  IBUF (Prop_ibuf_I_O)         1.451     1.451 r  u_mmcm/inst/clkin1_ibufg/O
                         net (fo=1, routed)           1.285     2.736    u_mmcm/inst/clk_in1_clk_wiz_audio
    MMCME2_ADV_X1Y2      MMCME2_ADV (Prop_mmcme2_adv_CLKIN1_CLKOUT0)
                                                     -7.759    -5.023 r  u_mmcm/inst/mmcm_adv_inst/CLKOUT0
                         net (fo=1, routed)           2.206    -2.817    u_mmcm/inst/clk_out1_clk_wiz_audio
    BUFGCTRL_X0Y16       BUFG (Prop_bufg_I_O)         0.101    -2.716 r  u_mmcm/inst/clkout1_buf/O
                         net (fo=332, routed)         1.856    -0.860    u_rst_sync/clk_out1
    SLICE_X112Y82        FDCE                                         r  u_rst_sync/rst_sync_reg/C
  -------------------------------------------------------------------    -------------------
    SLICE_X112Y82        FDCE (Prop_fdce_C_Q)         0.478    -0.382 r  u_rst_sync/rst_sync_reg/Q
                         net (fo=1, routed)           0.467     0.085    u_div/cnt_reg[0]_0
    SLICE_X112Y82        LUT1 (Prop_lut1_I0_O)        0.295     0.380 f  u_div/cnt[7]_i_2/O
                         net (fo=326, routed)         3.524     3.904    u_rx_jb/bit_counter_reg[4]_0
    SLICE_X105Y87        FDCE                                         f  u_rx_jb/left_data_reg[6]/CLR
  -------------------------------------------------------------------    -------------------

                         (clock clk_out1_clk_wiz_audio rise edge)
                                                     81.380    81.380 r  <hidden>
    H16                                               0.000    81.380 r  sysclk
                         net (fo=0)                   0.000    81.380    u_mmcm/inst/clk_in1
    H16                  IBUF (Prop_ibuf_I_O)         1.380    82.760 r  u_mmcm/inst/clkin1_ibufg/O
                         net (fo=1, routed)           1.162    83.922    u_mmcm/inst/clk_in1_clk_wiz_audio
    MMCME2_ADV_X1Y2      MMCME2_ADV (Prop_mmcme2_adv_CLKIN1_CLKOUT0)
                                                     -7.814    76.108 r  u_mmcm/inst/mmcm_adv_inst/CLKOUT0
                         net (fo=1, routed)           2.012    78.120    u_mmcm/inst/clk_out1_clk_wiz_audio
    BUFGCTRL_X0Y16       BUFG (Prop_bufg_I_O)         0.091    78.211 r  u_mmcm/inst/clkout1_buf/O
                         net (fo=332, routed)         1.605    79.816    u_rx_jb/clk_out1
    SLICE_X105Y87        FDCE                                         r  u_rx_jb/left_data_reg[6]/C
                         clock pessimism              0.567    80.383    <hidden>
                         clock uncertainty           -0.240    80.143    <hidden>
    SLICE_X105Y87        FDCE (Recov_fdce_C_CLR)     -0.405    79.738    u_rx_jb/left_data_reg[6]
  -------------------------------------------------------------------
                         required time                         79.738    <hidden>
                         arrival time                          -3.904    <hidden>
  -------------------------------------------------------------------
                         slack                                 75.834    <hidden>

Slack (MET) :             75.834ns  (required time - arrival time)
  Source:                 u_rst_sync/rst_sync_reg/C
                            (rising edge-triggered cell FDCE clocked by clk_out1_clk_wiz_audio  {rise@0.000ns fall@40.690ns period=81.380ns})
  Destination:            u_rx_jb/left_data_reg[7]/CLR
                            (recovery check against rising-edge clock clk_out1_clk_wiz_audio  {rise@0.000ns fall@40.690ns period=81.380ns})
  Path Group:             **async_default**
  Path Type:              Recovery (Max at Slow Process Corner)
  Requirement:            81.380ns  (clk_out1_clk_wiz_audio rise@81.380ns - clk_out1_clk_wiz_audio rise@0.000ns)
  Data Path Delay:        4.764ns  (logic 0.773ns (16.225%)  route 3.991ns (83.775%))
  Logic Levels:           1  (LUT1=1)
  Clock Path Skew:        -0.137ns (DCD - SCD + CPR)
    Destination Clock Delay (DCD):    -1.564ns = ( 79.816 - 81.380 ) 
    Source Clock Delay      (SCD):    -0.860ns
    Clock Pessimism Removal (CPR):    0.567ns
  Clock Uncertainty:      0.240ns  ((TSJ^2 + DJ^2)^1/2) / 2 + PE
    Total System Jitter     (TSJ):    0.071ns
    Discrete Jitter          (DJ):    0.474ns
    Phase Error              (PE):    0.000ns

    Location             Delay type                Incr(ns)  Path(ns)    Netlist Resource(s)
  -------------------------------------------------------------------    -------------------
                         (clock clk_out1_clk_wiz_audio rise edge)
                                                      0.000     0.000 r  <hidden>
    H16                                               0.000     0.000 r  sysclk
                         net (fo=0)                   0.000     0.000    u_mmcm/inst/clk_in1
    H16                  IBUF (Prop_ibuf_I_O)         1.451     1.451 r  u_mmcm/inst/clkin1_ibufg/O
                         net (fo=1, routed)           1.285     2.736    u_mmcm/inst/clk_in1_clk_wiz_audio
    MMCME2_ADV_X1Y2      MMCME2_ADV (Prop_mmcme2_adv_CLKIN1_CLKOUT0)
                                                     -7.759    -5.023 r  u_mmcm/inst/mmcm_adv_inst/CLKOUT0
                         net (fo=1, routed)           2.206    -2.817    u_mmcm/inst/clk_out1_clk_wiz_audio
    BUFGCTRL_X0Y16       BUFG (Prop_bufg_I_O)         0.101    -2.716 r  u_mmcm/inst/clkout1_buf/O
                         net (fo=332, routed)         1.856    -0.860    u_rst_sync/clk_out1
    SLICE_X112Y82        FDCE                                         r  u_rst_sync/rst_sync_reg/C
  -------------------------------------------------------------------    -------------------
    SLICE_X112Y82        FDCE (Prop_fdce_C_Q)         0.478    -0.382 r  u_rst_sync/rst_sync_reg/Q
                         net (fo=1, routed)           0.467     0.085    u_div/cnt_reg[0]_0
    SLICE_X112Y82        LUT1 (Prop_lut1_I0_O)        0.295     0.380 f  u_div/cnt[7]_i_2/O
                         net (fo=326, routed)         3.524     3.904    u_rx_jb/bit_counter_reg[4]_0
    SLICE_X105Y87        FDCE                                         f  u_rx_jb/left_data_reg[7]/CLR
  -------------------------------------------------------------------    -------------------

                         (clock clk_out1_clk_wiz_audio rise edge)
                                                     81.380    81.380 r  <hidden>
    H16                                               0.000    81.380 r  sysclk
                         net (fo=0)                   0.000    81.380    u_mmcm/inst/clk_in1
    H16                  IBUF (Prop_ibuf_I_O)         1.380    82.760 r  u_mmcm/inst/clkin1_ibufg/O
                         net (fo=1, routed)           1.162    83.922    u_mmcm/inst/clk_in1_clk_wiz_audio
    MMCME2_ADV_X1Y2      MMCME2_ADV (Prop_mmcme2_adv_CLKIN1_CLKOUT0)
                                                     -7.814    76.108 r  u_mmcm/inst/mmcm_adv_inst/CLKOUT0
                         net (fo=1, routed)           2.012    78.120    u_mmcm/inst/clk_out1_clk_wiz_audio
    BUFGCTRL_X0Y16       BUFG (Prop_bufg_I_O)         0.091    78.211 r  u_mmcm/inst/clkout1_buf/O
                         net (fo=332, routed)         1.605    79.816    u_rx_jb/clk_out1
    SLICE_X105Y87        FDCE                                         r  u_rx_jb/left_data_reg[7]/C
                         clock pessimism              0.567    80.383    <hidden>
                         clock uncertainty           -0.240    80.143    <hidden>
    SLICE_X105Y87        FDCE (Recov_fdce_C_CLR)     -0.405    79.738    u_rx_jb/left_data_reg[7]
  -------------------------------------------------------------------
                         required time                         79.738    <hidden>
                         arrival time                          -3.904    <hidden>
  -------------------------------------------------------------------
                         slack                                 75.834    <hidden>

Slack (MET) :             75.834ns  (required time - arrival time)
  Source:                 u_rst_sync/rst_sync_reg/C
                            (rising edge-triggered cell FDCE clocked by clk_out1_clk_wiz_audio  {rise@0.000ns fall@40.690ns period=81.380ns})
  Destination:            u_rx_jb/left_data_reg[8]/CLR
                            (recovery check against rising-edge clock clk_out1_clk_wiz_audio  {rise@0.000ns fall@40.690ns period=81.380ns})
  Path Group:             **async_default**
  Path Type:              Recovery (Max at Slow Process Corner)
  Requirement:            81.380ns  (clk_out1_clk_wiz_audio rise@81.380ns - clk_out1_clk_wiz_audio rise@0.000ns)
  Data Path Delay:        4.764ns  (logic 0.773ns (16.225%)  route 3.991ns (83.775%))
  Logic Levels:           1  (LUT1=1)
  Clock Path Skew:        -0.137ns (DCD - SCD + CPR)
    Destination Clock Delay (DCD):    -1.564ns = ( 79.816 - 81.380 ) 
    Source Clock Delay      (SCD):    -0.860ns
    Clock Pessimism Removal (CPR):    0.567ns
  Clock Uncertainty:      0.240ns  ((TSJ^2 + DJ^2)^1/2) / 2 + PE
    Total System Jitter     (TSJ):    0.071ns
    Discrete Jitter          (DJ):    0.474ns
    Phase Error              (PE):    0.000ns

    Location             Delay type                Incr(ns)  Path(ns)    Netlist Resource(s)
  -------------------------------------------------------------------    -------------------
                         (clock clk_out1_clk_wiz_audio rise edge)
                                                      0.000     0.000 r  <hidden>
    H16                                               0.000     0.000 r  sysclk
                         net (fo=0)                   0.000     0.000    u_mmcm/inst/clk_in1
    H16                  IBUF (Prop_ibuf_I_O)         1.451     1.451 r  u_mmcm/inst/clkin1_ibufg/O
                         net (fo=1, routed)           1.285     2.736    u_mmcm/inst/clk_in1_clk_wiz_audio
    MMCME2_ADV_X1Y2      MMCME2_ADV (Prop_mmcme2_adv_CLKIN1_CLKOUT0)
                                                     -7.759    -5.023 r  u_mmcm/inst/mmcm_adv_inst/CLKOUT0
                         net (fo=1, routed)           2.206    -2.817    u_mmcm/inst/clk_out1_clk_wiz_audio
    BUFGCTRL_X0Y16       BUFG (Prop_bufg_I_O)         0.101    -2.716 r  u_mmcm/inst/clkout1_buf/O
                         net (fo=332, routed)         1.856    -0.860    u_rst_sync/clk_out1
    SLICE_X112Y82        FDCE                                         r  u_rst_sync/rst_sync_reg/C
  -------------------------------------------------------------------    -------------------
    SLICE_X112Y82        FDCE (Prop_fdce_C_Q)         0.478    -0.382 r  u_rst_sync/rst_sync_reg/Q
                         net (fo=1, routed)           0.467     0.085    u_div/cnt_reg[0]_0
    SLICE_X112Y82        LUT1 (Prop_lut1_I0_O)        0.295     0.380 f  u_div/cnt[7]_i_2/O
                         net (fo=326, routed)         3.524     3.904    u_rx_jb/bit_counter_reg[4]_0
    SLICE_X105Y87        FDCE                                         f  u_rx_jb/left_data_reg[8]/CLR
  -------------------------------------------------------------------    -------------------

                         (clock clk_out1_clk_wiz_audio rise edge)
                                                     81.380    81.380 r  <hidden>
    H16                                               0.000    81.380 r  sysclk
                         net (fo=0)                   0.000    81.380    u_mmcm/inst/clk_in1
    H16                  IBUF (Prop_ibuf_I_O)         1.380    82.760 r  u_mmcm/inst/clkin1_ibufg/O
                         net (fo=1, routed)           1.162    83.922    u_mmcm/inst/clk_in1_clk_wiz_audio
    MMCME2_ADV_X1Y2      MMCME2_ADV (Prop_mmcme2_adv_CLKIN1_CLKOUT0)
                                                     -7.814    76.108 r  u_mmcm/inst/mmcm_adv_inst/CLKOUT0
                         net (fo=1, routed)           2.012    78.120    u_mmcm/inst/clk_out1_clk_wiz_audio
    BUFGCTRL_X0Y16       BUFG (Prop_bufg_I_O)         0.091    78.211 r  u_mmcm/inst/clkout1_buf/O
                         net (fo=332, routed)         1.605    79.816    u_rx_jb/clk_out1
    SLICE_X105Y87        FDCE                                         r  u_rx_jb/left_data_reg[8]/C
                         clock pessimism              0.567    80.383    <hidden>
                         clock uncertainty           -0.240    80.143    <hidden>
    SLICE_X105Y87        FDCE (Recov_fdce_C_CLR)     -0.405    79.738    u_rx_jb/left_data_reg[8]
  -------------------------------------------------------------------
                         required time                         79.738    <hidden>
                         arrival time                          -3.904    <hidden>
  -------------------------------------------------------------------
                         slack                                 75.834    <hidden>

Slack (MET) :             75.878ns  (required time - arrival time)
  Source:                 u_rst_sync/rst_sync_reg/C
                            (rising edge-triggered cell FDCE clocked by clk_out1_clk_wiz_audio  {rise@0.000ns fall@40.690ns period=81.380ns})
  Destination:            u_matrix/out_reg_reg[2][4]/CLR
                            (recovery check against rising-edge clock clk_out1_clk_wiz_audio  {rise@0.000ns fall@40.690ns period=81.380ns})
  Path Group:             **async_default**
  Path Type:              Recovery (Max at Slow Process Corner)
  Requirement:            81.380ns  (clk_out1_clk_wiz_audio rise@81.380ns - clk_out1_clk_wiz_audio rise@0.000ns)
  Data Path Delay:        4.764ns  (logic 0.773ns (16.225%)  route 3.991ns (83.775%))
  Logic Levels:           1  (LUT1=1)
  Clock Path Skew:        -0.137ns (DCD - SCD + CPR)
    Destination Clock Delay (DCD):    -1.564ns = ( 79.816 - 81.380 ) 
    Source Clock Delay      (SCD):    -0.860ns
    Clock Pessimism Removal (CPR):    0.567ns
  Clock Uncertainty:      0.240ns  ((TSJ^2 + DJ^2)^1/2) / 2 + PE
    Total System Jitter     (TSJ):    0.071ns
    Discrete Jitter          (DJ):    0.474ns
    Phase Error              (PE):    0.000ns

    Location             Delay type                Incr(ns)  Path(ns)    Netlist Resource(s)
  -------------------------------------------------------------------    -------------------
                         (clock clk_out1_clk_wiz_audio rise edge)
                                                      0.000     0.000 r  <hidden>
    H16                                               0.000     0.000 r  sysclk
                         net (fo=0)                   0.000     0.000    u_mmcm/inst/clk_in1
    H16                  IBUF (Prop_ibuf_I_O)         1.451     1.451 r  u_mmcm/inst/clkin1_ibufg/O
                         net (fo=1, routed)           1.285     2.736    u_mmcm/inst/clk_in1_clk_wiz_audio
    MMCME2_ADV_X1Y2      MMCME2_ADV (Prop_mmcme2_adv_CLKIN1_CLKOUT0)
                                                     -7.759    -5.023 r  u_mmcm/inst/mmcm_adv_inst/CLKOUT0
                         net (fo=1, routed)           2.206    -2.817    u_mmcm/inst/clk_out1_clk_wiz_audio
    BUFGCTRL_X0Y16       BUFG (Prop_bufg_I_O)         0.101    -2.716 r  u_mmcm/inst/clkout1_buf/O
                         net (fo=332, routed)         1.856    -0.860    u_rst_sync/clk_out1
    SLICE_X112Y82        FDCE                                         r  u_rst_sync/rst_sync_reg/C
  -------------------------------------------------------------------    -------------------
    SLICE_X112Y82        FDCE (Prop_fdce_C_Q)         0.478    -0.382 r  u_rst_sync/rst_sync_reg/Q
                         net (fo=1, routed)           0.467     0.085    u_div/cnt_reg[0]_0
    SLICE_X112Y82        LUT1 (Prop_lut1_I0_O)        0.295     0.380 f  u_div/cnt[7]_i_2/O
                         net (fo=326, routed)         3.524     3.904    u_matrix/out_reg_reg[1][23]_1
    SLICE_X104Y87        FDCE                                         f  u_matrix/out_reg_reg[2][4]/CLR
  -------------------------------------------------------------------    -------------------

                         (clock clk_out1_clk_wiz_audio rise edge)
                                                     81.380    81.380 r  <hidden>
    H16                                               0.000    81.380 r  sysclk
                         net (fo=0)                   0.000    81.380    u_mmcm/inst/clk_in1
    H16                  IBUF (Prop_ibuf_I_O)         1.380    82.760 r  u_mmcm/inst/clkin1_ibufg/O
                         net (fo=1, routed)           1.162    83.922    u_mmcm/inst/clk_in1_clk_wiz_audio
    MMCME2_ADV_X1Y2      MMCME2_ADV (Prop_mmcme2_adv_CLKIN1_CLKOUT0)
                                                     -7.814    76.108 r  u_mmcm/inst/mmcm_adv_inst/CLKOUT0
                         net (fo=1, routed)           2.012    78.120    u_mmcm/inst/clk_out1_clk_wiz_audio
    BUFGCTRL_X0Y16       BUFG (Prop_bufg_I_O)         0.091    78.211 r  u_mmcm/inst/clkout1_buf/O
                         net (fo=332, routed)         1.605    79.816    u_matrix/clk_out1
    SLICE_X104Y87        FDCE                                         r  u_matrix/out_reg_reg[2][4]/C
                         clock pessimism              0.567    80.383    <hidden>
                         clock uncertainty           -0.240    80.143    <hidden>
    SLICE_X104Y87        FDCE (Recov_fdce_C_CLR)     -0.361    79.782    u_matrix/out_reg_reg[2][4]
  -------------------------------------------------------------------
                         required time                         79.782    <hidden>
                         arrival time                          -3.904    <hidden>
  -------------------------------------------------------------------
                         slack                                 75.878    <hidden>

Slack (MET) :             75.878ns  (required time - arrival time)
  Source:                 u_rst_sync/rst_sync_reg/C
                            (rising edge-triggered cell FDCE clocked by clk_out1_clk_wiz_audio  {rise@0.000ns fall@40.690ns period=81.380ns})
  Destination:            u_matrix/out_reg_reg[2][8]/CLR
                            (recovery check against rising-edge clock clk_out1_clk_wiz_audio  {rise@0.000ns fall@40.690ns period=81.380ns})
  Path Group:             **async_default**
  Path Type:              Recovery (Max at Slow Process Corner)
  Requirement:            81.380ns  (clk_out1_clk_wiz_audio rise@81.380ns - clk_out1_clk_wiz_audio rise@0.000ns)
  Data Path Delay:        4.764ns  (logic 0.773ns (16.225%)  route 3.991ns (83.775%))
  Logic Levels:           1  (LUT1=1)
  Clock Path Skew:        -0.137ns (DCD - SCD + CPR)
    Destination Clock Delay (DCD):    -1.564ns = ( 79.816 - 81.380 ) 
    Source Clock Delay      (SCD):    -0.860ns
    Clock Pessimism Removal (CPR):    0.567ns
  Clock Uncertainty:      0.240ns  ((TSJ^2 + DJ^2)^1/2) / 2 + PE
    Total System Jitter     (TSJ):    0.071ns
    Discrete Jitter          (DJ):    0.474ns
    Phase Error              (PE):    0.000ns

    Location             Delay type                Incr(ns)  Path(ns)    Netlist Resource(s)
  -------------------------------------------------------------------    -------------------
                         (clock clk_out1_clk_wiz_audio rise edge)
                                                      0.000     0.000 r  <hidden>
    H16                                               0.000     0.000 r  sysclk
                         net (fo=0)                   0.000     0.000    u_mmcm/inst/clk_in1
    H16                  IBUF (Prop_ibuf_I_O)         1.451     1.451 r  u_mmcm/inst/clkin1_ibufg/O
                         net (fo=1, routed)           1.285     2.736    u_mmcm/inst/clk_in1_clk_wiz_audio
    MMCME2_ADV_X1Y2      MMCME2_ADV (Prop_mmcme2_adv_CLKIN1_CLKOUT0)
                                                     -7.759    -5.023 r  u_mmcm/inst/mmcm_adv_inst/CLKOUT0
                         net (fo=1, routed)           2.206    -2.817    u_mmcm/inst/clk_out1_clk_wiz_audio
    BUFGCTRL_X0Y16       BUFG (Prop_bufg_I_O)         0.101    -2.716 r  u_mmcm/inst/clkout1_buf/O
                         net (fo=332, routed)         1.856    -0.860    u_rst_sync/clk_out1
    SLICE_X112Y82        FDCE                                         r  u_rst_sync/rst_sync_reg/C
  -------------------------------------------------------------------    -------------------
    SLICE_X112Y82        FDCE (Prop_fdce_C_Q)         0.478    -0.382 r  u_rst_sync/rst_sync_reg/Q
                         net (fo=1, routed)           0.467     0.085    u_div/cnt_reg[0]_0
    SLICE_X112Y82        LUT1 (Prop_lut1_I0_O)        0.295     0.380 f  u_div/cnt[7]_i_2/O
                         net (fo=326, routed)         3.524     3.904    u_matrix/out_reg_reg[1][23]_1
    SLICE_X104Y87        FDCE                                         f  u_matrix/out_reg_reg[2][8]/CLR
  -------------------------------------------------------------------    -------------------

                         (clock clk_out1_clk_wiz_audio rise edge)
                                                     81.380    81.380 r  <hidden>
    H16                                               0.000    81.380 r  sysclk
                         net (fo=0)                   0.000    81.380    u_mmcm/inst/clk_in1
    H16                  IBUF (Prop_ibuf_I_O)         1.380    82.760 r  u_mmcm/inst/clkin1_ibufg/O
                         net (fo=1, routed)           1.162    83.922    u_mmcm/inst/clk_in1_clk_wiz_audio
    MMCME2_ADV_X1Y2      MMCME2_ADV (Prop_mmcme2_adv_CLKIN1_CLKOUT0)
                                                     -7.814    76.108 r  u_mmcm/inst/mmcm_adv_inst/CLKOUT0
                         net (fo=1, routed)           2.012    78.120    u_mmcm/inst/clk_out1_clk_wiz_audio
    BUFGCTRL_X0Y16       BUFG (Prop_bufg_I_O)         0.091    78.211 r  u_mmcm/inst/clkout1_buf/O
                         net (fo=332, routed)         1.605    79.816    u_matrix/clk_out1
    SLICE_X104Y87        FDCE                                         r  u_matrix/out_reg_reg[2][8]/C
                         clock pessimism              0.567    80.383    <hidden>
                         clock uncertainty           -0.240    80.143    <hidden>
    SLICE_X104Y87        FDCE (Recov_fdce_C_CLR)     -0.361    79.782    u_matrix/out_reg_reg[2][8]
  -------------------------------------------------------------------
                         required time                         79.782    <hidden>
                         arrival time                          -3.904    <hidden>
  -------------------------------------------------------------------
                         slack                                 75.878    <hidden>

Slack (MET) :             75.878ns  (required time - arrival time)
  Source:                 u_rst_sync/rst_sync_reg/C
                            (rising edge-triggered cell FDCE clocked by clk_out1_clk_wiz_audio  {rise@0.000ns fall@40.690ns period=81.380ns})
  Destination:            u_matrix/out_reg_reg[3][4]/CLR
                            (recovery check against rising-edge clock clk_out1_clk_wiz_audio  {rise@0.000ns fall@40.690ns period=81.380ns})
  Path Group:             **async_default**
  Path Type:              Recovery (Max at Slow Process Corner)
  Requirement:            81.380ns  (clk_out1_clk_wiz_audio rise@81.380ns - clk_out1_clk_wiz_audio rise@0.000ns)
  Data Path Delay:        4.764ns  (logic 0.773ns (16.225%)  route 3.991ns (83.775%))
  Logic Levels:           1  (LUT1=1)
  Clock Path Skew:        -0.137ns (DCD - SCD + CPR)
    Destination Clock Delay (DCD):    -1.564ns = ( 79.816 - 81.380 ) 
    Source Clock Delay      (SCD):    -0.860ns
    Clock Pessimism Removal (CPR):    0.567ns
  Clock Uncertainty:      0.240ns  ((TSJ^2 + DJ^2)^1/2) / 2 + PE
    Total System Jitter     (TSJ):    0.071ns
    Discrete Jitter          (DJ):    0.474ns
    Phase Error              (PE):    0.000ns

    Location             Delay type                Incr(ns)  Path(ns)    Netlist Resource(s)
  -------------------------------------------------------------------    -------------------
                         (clock clk_out1_clk_wiz_audio rise edge)
                                                      0.000     0.000 r  <hidden>
    H16                                               0.000     0.000 r  sysclk
                         net (fo=0)                   0.000     0.000    u_mmcm/inst/clk_in1
    H16                  IBUF (Prop_ibuf_I_O)         1.451     1.451 r  u_mmcm/inst/clkin1_ibufg/O
                         net (fo=1, routed)           1.285     2.736    u_mmcm/inst/clk_in1_clk_wiz_audio
    MMCME2_ADV_X1Y2      MMCME2_ADV (Prop_mmcme2_adv_CLKIN1_CLKOUT0)
                                                     -7.759    -5.023 r  u_mmcm/inst/mmcm_adv_inst/CLKOUT0
                         net (fo=1, routed)           2.206    -2.817    u_mmcm/inst/clk_out1_clk_wiz_audio
    BUFGCTRL_X0Y16       BUFG (Prop_bufg_I_O)         0.101    -2.716 r  u_mmcm/inst/clkout1_buf/O
                         net (fo=332, routed)         1.856    -0.860    u_rst_sync/clk_out1
    SLICE_X112Y82        FDCE                                         r  u_rst_sync/rst_sync_reg/C
  -------------------------------------------------------------------    -------------------
    SLICE_X112Y82        FDCE (Prop_fdce_C_Q)         0.478    -0.382 r  u_rst_sync/rst_sync_reg/Q
                         net (fo=1, routed)           0.467     0.085    u_div/cnt_reg[0]_0
    SLICE_X112Y82        LUT1 (Prop_lut1_I0_O)        0.295     0.380 f  u_div/cnt[7]_i_2/O
                         net (fo=326, routed)         3.524     3.904    u_matrix/out_reg_reg[1][23]_1
    SLICE_X104Y87        FDCE                                         f  u_matrix/out_reg_reg[3][4]/CLR
  -------------------------------------------------------------------    -------------------

                         (clock clk_out1_clk_wiz_audio rise edge)
                                                     81.380    81.380 r  <hidden>
    H16                                               0.000    81.380 r  sysclk
                         net (fo=0)                   0.000    81.380    u_mmcm/inst/clk_in1
    H16                  IBUF (Prop_ibuf_I_O)         1.380    82.760 r  u_mmcm/inst/clkin1_ibufg/O
                         net (fo=1, routed)           1.162    83.922    u_mmcm/inst/clk_in1_clk_wiz_audio
    MMCME2_ADV_X1Y2      MMCME2_ADV (Prop_mmcme2_adv_CLKIN1_CLKOUT0)
                                                     -7.814    76.108 r  u_mmcm/inst/mmcm_adv_inst/CLKOUT0
                         net (fo=1, routed)           2.012    78.120    u_mmcm/inst/clk_out1_clk_wiz_audio
    BUFGCTRL_X0Y16       BUFG (Prop_bufg_I_O)         0.091    78.211 r  u_mmcm/inst/clkout1_buf/O
                         net (fo=332, routed)         1.605    79.816    u_matrix/clk_out1
    SLICE_X104Y87        FDCE                                         r  u_matrix/out_reg_reg[3][4]/C
                         clock pessimism              0.567    80.383    <hidden>
                         clock uncertainty           -0.240    80.143    <hidden>
    SLICE_X104Y87        FDCE (Recov_fdce_C_CLR)     -0.361    79.782    u_matrix/out_reg_reg[3][4]
  -------------------------------------------------------------------
                         required time                         79.782    <hidden>
                         arrival time                          -3.904    <hidden>
  -------------------------------------------------------------------
                         slack                                 75.878    <hidden>

Slack (MET) :             75.920ns  (required time - arrival time)
  Source:                 u_rst_sync/rst_sync_reg/C
                            (rising edge-triggered cell FDCE clocked by clk_out1_clk_wiz_audio  {rise@0.000ns fall@40.690ns period=81.380ns})
  Destination:            u_matrix/out_reg_reg[2][3]/CLR
                            (recovery check against rising-edge clock clk_out1_clk_wiz_audio  {rise@0.000ns fall@40.690ns period=81.380ns})
  Path Group:             **async_default**
  Path Type:              Recovery (Max at Slow Process Corner)
  Requirement:            81.380ns  (clk_out1_clk_wiz_audio rise@81.380ns - clk_out1_clk_wiz_audio rise@0.000ns)
  Data Path Delay:        4.764ns  (logic 0.773ns (16.225%)  route 3.991ns (83.775%))
  Logic Levels:           1  (LUT1=1)
  Clock Path Skew:        -0.137ns (DCD - SCD + CPR)
    Destination Clock Delay (DCD):    -1.564ns = ( 79.816 - 81.380 ) 
    Source Clock Delay      (SCD):    -0.860ns
    Clock Pessimism Removal (CPR):    0.567ns
  Clock Uncertainty:      0.240ns  ((TSJ^2 + DJ^2)^1/2) / 2 + PE
    Total System Jitter     (TSJ):    0.071ns
    Discrete Jitter          (DJ):    0.474ns
    Phase Error              (PE):    0.000ns

    Location             Delay type                Incr(ns)  Path(ns)    Netlist Resource(s)
  -------------------------------------------------------------------    -------------------
                         (clock clk_out1_clk_wiz_audio rise edge)
                                                      0.000     0.000 r  <hidden>
    H16                                               0.000     0.000 r  sysclk
                         net (fo=0)                   0.000     0.000    u_mmcm/inst/clk_in1
    H16                  IBUF (Prop_ibuf_I_O)         1.451     1.451 r  u_mmcm/inst/clkin1_ibufg/O
                         net (fo=1, routed)           1.285     2.736    u_mmcm/inst/clk_in1_clk_wiz_audio
    MMCME2_ADV_X1Y2      MMCME2_ADV (Prop_mmcme2_adv_CLKIN1_CLKOUT0)
                                                     -7.759    -5.023 r  u_mmcm/inst/mmcm_adv_inst/CLKOUT0
                         net (fo=1, routed)           2.206    -2.817    u_mmcm/inst/clk_out1_clk_wiz_audio
    BUFGCTRL_X0Y16       BUFG (Prop_bufg_I_O)         0.101    -2.716 r  u_mmcm/inst/clkout1_buf/O
                         net (fo=332, routed)         1.856    -0.860    u_rst_sync/clk_out1
    SLICE_X112Y82        FDCE                                         r  u_rst_sync/rst_sync_reg/C
  -------------------------------------------------------------------    -------------------
    SLICE_X112Y82        FDCE (Prop_fdce_C_Q)         0.478    -0.382 r  u_rst_sync/rst_sync_reg/Q
                         net (fo=1, routed)           0.467     0.085    u_div/cnt_reg[0]_0
    SLICE_X112Y82        LUT1 (Prop_lut1_I0_O)        0.295     0.380 f  u_div/cnt[7]_i_2/O
                         net (fo=326, routed)         3.524     3.904    u_matrix/out_reg_reg[1][23]_1
    SLICE_X104Y87        FDCE                                         f  u_matrix/out_reg_reg[2][3]/CLR
  -------------------------------------------------------------------    -------------------

                         (clock clk_out1_clk_wiz_audio rise edge)
                                                     81.380    81.380 r  <hidden>
    H16                                               0.000    81.380 r  sysclk
                         net (fo=0)                   0.000    81.380    u_mmcm/inst/clk_in1
    H16                  IBUF (Prop_ibuf_I_O)         1.380    82.760 r  u_mmcm/inst/clkin1_ibufg/O
                         net (fo=1, routed)           1.162    83.922    u_mmcm/inst/clk_in1_clk_wiz_audio
    MMCME2_ADV_X1Y2      MMCME2_ADV (Prop_mmcme2_adv_CLKIN1_CLKOUT0)
                                                     -7.814    76.108 r  u_mmcm/inst/mmcm_adv_inst/CLKOUT0
                         net (fo=1, routed)           2.012    78.120    u_mmcm/inst/clk_out1_clk_wiz_audio
    BUFGCTRL_X0Y16       BUFG (Prop_bufg_I_O)         0.091    78.211 r  u_mmcm/inst/clkout1_buf/O
                         net (fo=332, routed)         1.605    79.816    u_matrix/clk_out1
    SLICE_X104Y87        FDCE                                         r  u_matrix/out_reg_reg[2][3]/C
                         clock pessimism              0.567    80.383    <hidden>
                         clock uncertainty           -0.240    80.143    <hidden>
    SLICE_X104Y87        FDCE (Recov_fdce_C_CLR)     -0.319    79.824    u_matrix/out_reg_reg[2][3]
  -------------------------------------------------------------------
                         required time                         79.824    <hidden>
                         arrival time                          -3.904    <hidden>
  -------------------------------------------------------------------
                         slack                                 75.920    <hidden>





Min Delay Paths
--------------------------------------------------------------------------------------
Slack (MET) :             0.644ns  (arrival time - required time)
  Source:                 u_rst_sync/rst_sync_reg/C
                            (rising edge-triggered cell FDCE clocked by clk_out1_clk_wiz_audio  {rise@0.000ns fall@40.690ns period=81.380ns})
  Destination:            u_div/cnt_reg[0]/CLR
                            (removal check against rising-edge clock clk_out1_clk_wiz_audio  {rise@0.000ns fall@40.690ns period=81.380ns})
  Path Group:             **async_default**
  Path Type:              Removal (Min at Fast Process Corner)
  Requirement:            0.000ns  (clk_out1_clk_wiz_audio rise@0.000ns - clk_out1_clk_wiz_audio rise@0.000ns)
  Data Path Delay:        0.589ns  (logic 0.246ns (41.762%)  route 0.343ns (58.238%))
  Logic Levels:           1  (LUT1=1)
  Clock Path Skew:        0.012ns (DCD - SCD - CPR)
    Destination Clock Delay (DCD):    -0.842ns
    Source Clock Delay      (SCD):    -0.601ns
    Clock Pessimism Removal (CPR):    -0.252ns

    Location             Delay type                Incr(ns)  Path(ns)    Netlist Resource(s)
  -------------------------------------------------------------------    -------------------
                         (clock clk_out1_clk_wiz_audio rise edge)
                                                      0.000     0.000 r  <hidden>
    H16                                               0.000     0.000 r  sysclk
                         net (fo=0)                   0.000     0.000    u_mmcm/inst/clk_in1
    H16                  IBUF (Prop_ibuf_I_O)         0.219     0.219 r  u_mmcm/inst/clkin1_ibufg/O
                         net (fo=1, routed)           0.440     0.659    u_mmcm/inst/clk_in1_clk_wiz_audio
    MMCME2_ADV_X1Y2      MMCME2_ADV (Prop_mmcme2_adv_CLKIN1_CLKOUT0)
                                                     -2.613    -1.954 r  u_mmcm/inst/mmcm_adv_inst/CLKOUT0
                         net (fo=1, routed)           0.696    -1.257    u_mmcm/inst/clk_out1_clk_wiz_audio
    BUFGCTRL_X0Y16       BUFG (Prop_bufg_I_O)         0.026    -1.231 r  u_mmcm/inst/clkout1_buf/O
                         net (fo=332, routed)         0.630    -0.601    u_rst_sync/clk_out1
    SLICE_X112Y82        FDCE                                         r  u_rst_sync/rst_sync_reg/C
  -------------------------------------------------------------------    -------------------
    SLICE_X112Y82        FDCE (Prop_fdce_C_Q)         0.148    -0.453 r  u_rst_sync/rst_sync_reg/Q
                         net (fo=1, routed)           0.150    -0.303    u_div/cnt_reg[0]_0
    SLICE_X112Y82        LUT1 (Prop_lut1_I0_O)        0.098    -0.205 f  u_div/cnt[7]_i_2/O
                         net (fo=326, routed)         0.193    -0.012    u_div/rst_sync_reg
    SLICE_X112Y80        FDCE                                         f  u_div/cnt_reg[0]/CLR
  -------------------------------------------------------------------    -------------------

                         (clock clk_out1_clk_wiz_audio rise edge)
                                                      0.000     0.000 r  <hidden>
    H16                                               0.000     0.000 r  sysclk
                         net (fo=0)                   0.000     0.000    u_mmcm/inst/clk_in1
    H16                  IBUF (Prop_ibuf_I_O)         0.406     0.406 r  u_mmcm/inst/clkin1_ibufg/O
                         net (fo=1, routed)           0.480     0.886    u_mmcm/inst/clk_in1_clk_wiz_audio
    MMCME2_ADV_X1Y2      MMCME2_ADV (Prop_mmcme2_adv_CLKIN1_CLKOUT0)
                                                     -3.407    -2.521 r  u_mmcm/inst/mmcm_adv_inst/CLKOUT0
                         net (fo=1, routed)           0.752    -1.769    u_mmcm/inst/clk_out1_clk_wiz_audio
    BUFGCTRL_X0Y16       BUFG (Prop_bufg_I_O)         0.029    -1.740 r  u_mmcm/inst/clkout1_buf/O
                         net (fo=332, routed)         0.898    -0.842    u_div/clk_out1
    SLICE_X112Y80        FDCE                                         r  u_div/cnt_reg[0]/C
                         clock pessimism              0.252    -0.589    <hidden>
    SLICE_X112Y80        FDCE (Remov_fdce_C_CLR)     -0.067    -0.656    u_div/cnt_reg[0]
  -------------------------------------------------------------------
                         required time                          0.656    <hidden>
                         arrival time                          -0.012    <hidden>
  -------------------------------------------------------------------
                         slack                                  0.644    <hidden>

Slack (MET) :             0.644ns  (arrival time - required time)
  Source:                 u_rst_sync/rst_sync_reg/C
                            (rising edge-triggered cell FDCE clocked by clk_out1_clk_wiz_audio  {rise@0.000ns fall@40.690ns period=81.380ns})
  Destination:            u_div/cnt_reg[1]/CLR
                            (removal check against rising-edge clock clk_out1_clk_wiz_audio  {rise@0.000ns fall@40.690ns period=81.380ns})
  Path Group:             **async_default**
  Path Type:              Removal (Min at Fast Process Corner)
  Requirement:            0.000ns  (clk_out1_clk_wiz_audio rise@0.000ns - clk_out1_clk_wiz_audio rise@0.000ns)
  Data Path Delay:        0.589ns  (logic 0.246ns (41.762%)  route 0.343ns (58.238%))
  Logic Levels:           1  (LUT1=1)
  Clock Path Skew:        0.012ns (DCD - SCD - CPR)
    Destination Clock Delay (DCD):    -0.842ns
    Source Clock Delay      (SCD):    -0.601ns
    Clock Pessimism Removal (CPR):    -0.252ns

    Location             Delay type                Incr(ns)  Path(ns)    Netlist Resource(s)
  -------------------------------------------------------------------    -------------------
                         (clock clk_out1_clk_wiz_audio rise edge)
                                                      0.000     0.000 r  <hidden>
    H16                                               0.000     0.000 r  sysclk
                         net (fo=0)                   0.000     0.000    u_mmcm/inst/clk_in1
    H16                  IBUF (Prop_ibuf_I_O)         0.219     0.219 r  u_mmcm/inst/clkin1_ibufg/O
                         net (fo=1, routed)           0.440     0.659    u_mmcm/inst/clk_in1_clk_wiz_audio
    MMCME2_ADV_X1Y2      MMCME2_ADV (Prop_mmcme2_adv_CLKIN1_CLKOUT0)
                                                     -2.613    -1.954 r  u_mmcm/inst/mmcm_adv_inst/CLKOUT0
                         net (fo=1, routed)           0.696    -1.257    u_mmcm/inst/clk_out1_clk_wiz_audio
    BUFGCTRL_X0Y16       BUFG (Prop_bufg_I_O)         0.026    -1.231 r  u_mmcm/inst/clkout1_buf/O
                         net (fo=332, routed)         0.630    -0.601    u_rst_sync/clk_out1
    SLICE_X112Y82        FDCE                                         r  u_rst_sync/rst_sync_reg/C
  -------------------------------------------------------------------    -------------------
    SLICE_X112Y82        FDCE (Prop_fdce_C_Q)         0.148    -0.453 r  u_rst_sync/rst_sync_reg/Q
                         net (fo=1, routed)           0.150    -0.303    u_div/cnt_reg[0]_0
    SLICE_X112Y82        LUT1 (Prop_lut1_I0_O)        0.098    -0.205 f  u_div/cnt[7]_i_2/O
                         net (fo=326, routed)         0.193    -0.012    u_div/rst_sync_reg
    SLICE_X112Y80        FDCE                                         f  u_div/cnt_reg[1]/CLR
  -------------------------------------------------------------------    -------------------

                         (clock clk_out1_clk_wiz_audio rise edge)
                                                      0.000     0.000 r  <hidden>
    H16                                               0.000     0.000 r  sysclk
                         net (fo=0)                   0.000     0.000    u_mmcm/inst/clk_in1
    H16                  IBUF (Prop_ibuf_I_O)         0.406     0.406 r  u_mmcm/inst/clkin1_ibufg/O
                         net (fo=1, routed)           0.480     0.886    u_mmcm/inst/clk_in1_clk_wiz_audio
    MMCME2_ADV_X1Y2      MMCME2_ADV (Prop_mmcme2_adv_CLKIN1_CLKOUT0)
                                                     -3.407    -2.521 r  u_mmcm/inst/mmcm_adv_inst/CLKOUT0
                         net (fo=1, routed)           0.752    -1.769    u_mmcm/inst/clk_out1_clk_wiz_audio
    BUFGCTRL_X0Y16       BUFG (Prop_bufg_I_O)         0.029    -1.740 r  u_mmcm/inst/clkout1_buf/O
                         net (fo=332, routed)         0.898    -0.842    u_div/clk_out1
    SLICE_X112Y80        FDCE                                         r  u_div/cnt_reg[1]/C
                         clock pessimism              0.252    -0.589    <hidden>
    SLICE_X112Y80        FDCE (Remov_fdce_C_CLR)     -0.067    -0.656    u_div/cnt_reg[1]
  -------------------------------------------------------------------
                         required time                          0.656    <hidden>
                         arrival time                          -0.012    <hidden>
  -------------------------------------------------------------------
                         slack                                  0.644    <hidden>

Slack (MET) :             0.644ns  (arrival time - required time)
  Source:                 u_rst_sync/rst_sync_reg/C
                            (rising edge-triggered cell FDCE clocked by clk_out1_clk_wiz_audio  {rise@0.000ns fall@40.690ns period=81.380ns})
  Destination:            u_div/cnt_reg[2]/CLR
                            (removal check against rising-edge clock clk_out1_clk_wiz_audio  {rise@0.000ns fall@40.690ns period=81.380ns})
  Path Group:             **async_default**
  Path Type:              Removal (Min at Fast Process Corner)
  Requirement:            0.000ns  (clk_out1_clk_wiz_audio rise@0.000ns - clk_out1_clk_wiz_audio rise@0.000ns)
  Data Path Delay:        0.589ns  (logic 0.246ns (41.762%)  route 0.343ns (58.238%))
  Logic Levels:           1  (LUT1=1)
  Clock Path Skew:        0.012ns (DCD - SCD - CPR)
    Destination Clock Delay (DCD):    -0.842ns
    Source Clock Delay      (SCD):    -0.601ns
    Clock Pessimism Removal (CPR):    -0.252ns

    Location             Delay type                Incr(ns)  Path(ns)    Netlist Resource(s)
  -------------------------------------------------------------------    -------------------
                         (clock clk_out1_clk_wiz_audio rise edge)
                                                      0.000     0.000 r  <hidden>
    H16                                               0.000     0.000 r  sysclk
                         net (fo=0)                   0.000     0.000    u_mmcm/inst/clk_in1
    H16                  IBUF (Prop_ibuf_I_O)         0.219     0.219 r  u_mmcm/inst/clkin1_ibufg/O
                         net (fo=1, routed)           0.440     0.659    u_mmcm/inst/clk_in1_clk_wiz_audio
    MMCME2_ADV_X1Y2      MMCME2_ADV (Prop_mmcme2_adv_CLKIN1_CLKOUT0)
                                                     -2.613    -1.954 r  u_mmcm/inst/mmcm_adv_inst/CLKOUT0
                         net (fo=1, routed)           0.696    -1.257    u_mmcm/inst/clk_out1_clk_wiz_audio
    BUFGCTRL_X0Y16       BUFG (Prop_bufg_I_O)         0.026    -1.231 r  u_mmcm/inst/clkout1_buf/O
                         net (fo=332, routed)         0.630    -0.601    u_rst_sync/clk_out1
    SLICE_X112Y82        FDCE                                         r  u_rst_sync/rst_sync_reg/C
  -------------------------------------------------------------------    -------------------
    SLICE_X112Y82        FDCE (Prop_fdce_C_Q)         0.148    -0.453 r  u_rst_sync/rst_sync_reg/Q
                         net (fo=1, routed)           0.150    -0.303    u_div/cnt_reg[0]_0
    SLICE_X112Y82        LUT1 (Prop_lut1_I0_O)        0.098    -0.205 f  u_div/cnt[7]_i_2/O
                         net (fo=326, routed)         0.193    -0.012    u_div/rst_sync_reg
    SLICE_X112Y80        FDCE                                         f  u_div/cnt_reg[2]/CLR
  -------------------------------------------------------------------    -------------------

                         (clock clk_out1_clk_wiz_audio rise edge)
                                                      0.000     0.000 r  <hidden>
    H16                                               0.000     0.000 r  sysclk
                         net (fo=0)                   0.000     0.000    u_mmcm/inst/clk_in1
    H16                  IBUF (Prop_ibuf_I_O)         0.406     0.406 r  u_mmcm/inst/clkin1_ibufg/O
                         net (fo=1, routed)           0.480     0.886    u_mmcm/inst/clk_in1_clk_wiz_audio
    MMCME2_ADV_X1Y2      MMCME2_ADV (Prop_mmcme2_adv_CLKIN1_CLKOUT0)
                                                     -3.407    -2.521 r  u_mmcm/inst/mmcm_adv_inst/CLKOUT0
                         net (fo=1, routed)           0.752    -1.769    u_mmcm/inst/clk_out1_clk_wiz_audio
    BUFGCTRL_X0Y16       BUFG (Prop_bufg_I_O)         0.029    -1.740 r  u_mmcm/inst/clkout1_buf/O
                         net (fo=332, routed)         0.898    -0.842    u_div/clk_out1
    SLICE_X112Y80        FDCE                                         r  u_div/cnt_reg[2]/C
                         clock pessimism              0.252    -0.589    <hidden>
    SLICE_X112Y80        FDCE (Remov_fdce_C_CLR)     -0.067    -0.656    u_div/cnt_reg[2]
  -------------------------------------------------------------------
                         required time                          0.656    <hidden>
                         arrival time                          -0.012    <hidden>
  -------------------------------------------------------------------
                         slack                                  0.644    <hidden>

Slack (MET) :             0.669ns  (arrival time - required time)
  Source:                 u_rst_sync/rst_sync_reg/C
                            (rising edge-triggered cell FDCE clocked by clk_out1_clk_wiz_audio  {rise@0.000ns fall@40.690ns period=81.380ns})
  Destination:            u_div/cnt_reg[3]/CLR
                            (removal check against rising-edge clock clk_out1_clk_wiz_audio  {rise@0.000ns fall@40.690ns period=81.380ns})
  Path Group:             **async_default**
  Path Type:              Removal (Min at Fast Process Corner)
  Requirement:            0.000ns  (clk_out1_clk_wiz_audio rise@0.000ns - clk_out1_clk_wiz_audio rise@0.000ns)
  Data Path Delay:        0.589ns  (logic 0.246ns (41.762%)  route 0.343ns (58.238%))
  Logic Levels:           1  (LUT1=1)
  Clock Path Skew:        0.012ns (DCD - SCD - CPR)
    Destination Clock Delay (DCD):    -0.842ns
    Source Clock Delay      (SCD):    -0.601ns
    Clock Pessimism Removal (CPR):    -0.252ns

    Location             Delay type                Incr(ns)  Path(ns)    Netlist Resource(s)
  -------------------------------------------------------------------    -------------------
                         (clock clk_out1_clk_wiz_audio rise edge)
                                                      0.000     0.000 r  <hidden>
    H16                                               0.000     0.000 r  sysclk
                         net (fo=0)                   0.000     0.000    u_mmcm/inst/clk_in1
    H16                  IBUF (Prop_ibuf_I_O)         0.219     0.219 r  u_mmcm/inst/clkin1_ibufg/O
                         net (fo=1, routed)           0.440     0.659    u_mmcm/inst/clk_in1_clk_wiz_audio
    MMCME2_ADV_X1Y2      MMCME2_ADV (Prop_mmcme2_adv_CLKIN1_CLKOUT0)
                                                     -2.613    -1.954 r  u_mmcm/inst/mmcm_adv_inst/CLKOUT0
                         net (fo=1, routed)           0.696    -1.257    u_mmcm/inst/clk_out1_clk_wiz_audio
    BUFGCTRL_X0Y16       BUFG (Prop_bufg_I_O)         0.026    -1.231 r  u_mmcm/inst/clkout1_buf/O
                         net (fo=332, routed)         0.630    -0.601    u_rst_sync/clk_out1
    SLICE_X112Y82        FDCE                                         r  u_rst_sync/rst_sync_reg/C
  -------------------------------------------------------------------    -------------------
    SLICE_X112Y82        FDCE (Prop_fdce_C_Q)         0.148    -0.453 r  u_rst_sync/rst_sync_reg/Q
                         net (fo=1, routed)           0.150    -0.303    u_div/cnt_reg[0]_0
    SLICE_X112Y82        LUT1 (Prop_lut1_I0_O)        0.098    -0.205 f  u_div/cnt[7]_i_2/O
                         net (fo=326, routed)         0.193    -0.012    u_div/rst_sync_reg
    SLICE_X113Y80        FDCE                                         f  u_div/cnt_reg[3]/CLR
  -------------------------------------------------------------------    -------------------

                         (clock clk_out1_clk_wiz_audio rise edge)
                                                      0.000     0.000 r  <hidden>
    H16                                               0.000     0.000 r  sysclk
                         net (fo=0)                   0.000     0.000    u_mmcm/inst/clk_in1
    H16                  IBUF (Prop_ibuf_I_O)         0.406     0.406 r  u_mmcm/inst/clkin1_ibufg/O
                         net (fo=1, routed)           0.480     0.886    u_mmcm/inst/clk_in1_clk_wiz_audio
    MMCME2_ADV_X1Y2      MMCME2_ADV (Prop_mmcme2_adv_CLKIN1_CLKOUT0)
                                                     -3.407    -2.521 r  u_mmcm/inst/mmcm_adv_inst/CLKOUT0
                         net (fo=1, routed)           0.752    -1.769    u_mmcm/inst/clk_out1_clk_wiz_audio
    BUFGCTRL_X0Y16       BUFG (Prop_bufg_I_O)         0.029    -1.740 r  u_mmcm/inst/clkout1_buf/O
                         net (fo=332, routed)         0.898    -0.842    u_div/clk_out1
    SLICE_X113Y80        FDCE                                         r  u_div/cnt_reg[3]/C
                         clock pessimism              0.252    -0.589    <hidden>
    SLICE_X113Y80        FDCE (Remov_fdce_C_CLR)     -0.092    -0.681    u_div/cnt_reg[3]
  -------------------------------------------------------------------
                         required time                          0.681    <hidden>
                         arrival time                          -0.012    <hidden>
  -------------------------------------------------------------------
                         slack                                  0.669    <hidden>

Slack (MET) :             0.669ns  (arrival time - required time)
  Source:                 u_rst_sync/rst_sync_reg/C
                            (rising edge-triggered cell FDCE clocked by clk_out1_clk_wiz_audio  {rise@0.000ns fall@40.690ns period=81.380ns})
  Destination:            u_div/cnt_reg[4]/CLR
                            (removal check against rising-edge clock clk_out1_clk_wiz_audio  {rise@0.000ns fall@40.690ns period=81.380ns})
  Path Group:             **async_default**
  Path Type:              Removal (Min at Fast Process Corner)
  Requirement:            0.000ns  (clk_out1_clk_wiz_audio rise@0.000ns - clk_out1_clk_wiz_audio rise@0.000ns)
  Data Path Delay:        0.589ns  (logic 0.246ns (41.762%)  route 0.343ns (58.238%))
  Logic Levels:           1  (LUT1=1)
  Clock Path Skew:        0.012ns (DCD - SCD - CPR)
    Destination Clock Delay (DCD):    -0.842ns
    Source Clock Delay      (SCD):    -0.601ns
    Clock Pessimism Removal (CPR):    -0.252ns

    Location             Delay type                Incr(ns)  Path(ns)    Netlist Resource(s)
  -------------------------------------------------------------------    -------------------
                         (clock clk_out1_clk_wiz_audio rise edge)
                                                      0.000     0.000 r  <hidden>
    H16                                               0.000     0.000 r  sysclk
                         net (fo=0)                   0.000     0.000    u_mmcm/inst/clk_in1
    H16                  IBUF (Prop_ibuf_I_O)         0.219     0.219 r  u_mmcm/inst/clkin1_ibufg/O
                         net (fo=1, routed)           0.440     0.659    u_mmcm/inst/clk_in1_clk_wiz_audio
    MMCME2_ADV_X1Y2      MMCME2_ADV (Prop_mmcme2_adv_CLKIN1_CLKOUT0)
                                                     -2.613    -1.954 r  u_mmcm/inst/mmcm_adv_inst/CLKOUT0
                         net (fo=1, routed)           0.696    -1.257    u_mmcm/inst/clk_out1_clk_wiz_audio
    BUFGCTRL_X0Y16       BUFG (Prop_bufg_I_O)         0.026    -1.231 r  u_mmcm/inst/clkout1_buf/O
                         net (fo=332, routed)         0.630    -0.601    u_rst_sync/clk_out1
    SLICE_X112Y82        FDCE                                         r  u_rst_sync/rst_sync_reg/C
  -------------------------------------------------------------------    -------------------
    SLICE_X112Y82        FDCE (Prop_fdce_C_Q)         0.148    -0.453 r  u_rst_sync/rst_sync_reg/Q
                         net (fo=1, routed)           0.150    -0.303    u_div/cnt_reg[0]_0
    SLICE_X112Y82        LUT1 (Prop_lut1_I0_O)        0.098    -0.205 f  u_div/cnt[7]_i_2/O
                         net (fo=326, routed)         0.193    -0.012    u_div/rst_sync_reg
    SLICE_X113Y80        FDCE                                         f  u_div/cnt_reg[4]/CLR
  -------------------------------------------------------------------    -------------------

                         (clock clk_out1_clk_wiz_audio rise edge)
                                                      0.000     0.000 r  <hidden>
    H16                                               0.000     0.000 r  sysclk
                         net (fo=0)                   0.000     0.000    u_mmcm/inst/clk_in1
    H16                  IBUF (Prop_ibuf_I_O)         0.406     0.406 r  u_mmcm/inst/clkin1_ibufg/O
                         net (fo=1, routed)           0.480     0.886    u_mmcm/inst/clk_in1_clk_wiz_audio
    MMCME2_ADV_X1Y2      MMCME2_ADV (Prop_mmcme2_adv_CLKIN1_CLKOUT0)
                                                     -3.407    -2.521 r  u_mmcm/inst/mmcm_adv_inst/CLKOUT0
                         net (fo=1, routed)           0.752    -1.769    u_mmcm/inst/clk_out1_clk_wiz_audio
    BUFGCTRL_X0Y16       BUFG (Prop_bufg_I_O)         0.029    -1.740 r  u_mmcm/inst/clkout1_buf/O
                         net (fo=332, routed)         0.898    -0.842    u_div/clk_out1
    SLICE_X113Y80        FDCE                                         r  u_div/cnt_reg[4]/C
                         clock pessimism              0.252    -0.589    <hidden>
    SLICE_X113Y80        FDCE (Remov_fdce_C_CLR)     -0.092    -0.681    u_div/cnt_reg[4]
  -------------------------------------------------------------------
                         required time                          0.681    <hidden>
                         arrival time                          -0.012    <hidden>
  -------------------------------------------------------------------
                         slack                                  0.669    <hidden>

Slack (MET) :             0.669ns  (arrival time - required time)
  Source:                 u_rst_sync/rst_sync_reg/C
                            (rising edge-triggered cell FDCE clocked by clk_out1_clk_wiz_audio  {rise@0.000ns fall@40.690ns period=81.380ns})
  Destination:            u_div/cnt_reg[5]/CLR
                            (removal check against rising-edge clock clk_out1_clk_wiz_audio  {rise@0.000ns fall@40.690ns period=81.380ns})
  Path Group:             **async_default**
  Path Type:              Removal (Min at Fast Process Corner)
  Requirement:            0.000ns  (clk_out1_clk_wiz_audio rise@0.000ns - clk_out1_clk_wiz_audio rise@0.000ns)
  Data Path Delay:        0.589ns  (logic 0.246ns (41.762%)  route 0.343ns (58.238%))
  Logic Levels:           1  (LUT1=1)
  Clock Path Skew:        0.012ns (DCD - SCD - CPR)
    Destination Clock Delay (DCD):    -0.842ns
    Source Clock Delay      (SCD):    -0.601ns
    Clock Pessimism Removal (CPR):    -0.252ns

    Location             Delay type                Incr(ns)  Path(ns)    Netlist Resource(s)
  -------------------------------------------------------------------    -------------------
                         (clock clk_out1_clk_wiz_audio rise edge)
                                                      0.000     0.000 r  <hidden>
    H16                                               0.000     0.000 r  sysclk
                         net (fo=0)                   0.000     0.000    u_mmcm/inst/clk_in1
    H16                  IBUF (Prop_ibuf_I_O)         0.219     0.219 r  u_mmcm/inst/clkin1_ibufg/O
                         net (fo=1, routed)           0.440     0.659    u_mmcm/inst/clk_in1_clk_wiz_audio
    MMCME2_ADV_X1Y2      MMCME2_ADV (Prop_mmcme2_adv_CLKIN1_CLKOUT0)
                                                     -2.613    -1.954 r  u_mmcm/inst/mmcm_adv_inst/CLKOUT0
                         net (fo=1, routed)           0.696    -1.257    u_mmcm/inst/clk_out1_clk_wiz_audio
    BUFGCTRL_X0Y16       BUFG (Prop_bufg_I_O)         0.026    -1.231 r  u_mmcm/inst/clkout1_buf/O
                         net (fo=332, routed)         0.630    -0.601    u_rst_sync/clk_out1
    SLICE_X112Y82        FDCE                                         r  u_rst_sync/rst_sync_reg/C
  -------------------------------------------------------------------    -------------------
    SLICE_X112Y82        FDCE (Prop_fdce_C_Q)         0.148    -0.453 r  u_rst_sync/rst_sync_reg/Q
                         net (fo=1, routed)           0.150    -0.303    u_div/cnt_reg[0]_0
    SLICE_X112Y82        LUT1 (Prop_lut1_I0_O)        0.098    -0.205 f  u_div/cnt[7]_i_2/O
                         net (fo=326, routed)         0.193    -0.012    u_div/rst_sync_reg
    SLICE_X113Y80        FDCE                                         f  u_div/cnt_reg[5]/CLR
  -------------------------------------------------------------------    -------------------

                         (clock clk_out1_clk_wiz_audio rise edge)
                                                      0.000     0.000 r  <hidden>
    H16                                               0.000     0.000 r  sysclk
                         net (fo=0)                   0.000     0.000    u_mmcm/inst/clk_in1
    H16                  IBUF (Prop_ibuf_I_O)         0.406     0.406 r  u_mmcm/inst/clkin1_ibufg/O
                         net (fo=1, routed)           0.480     0.886    u_mmcm/inst/clk_in1_clk_wiz_audio
    MMCME2_ADV_X1Y2      MMCME2_ADV (Prop_mmcme2_adv_CLKIN1_CLKOUT0)
                                                     -3.407    -2.521 r  u_mmcm/inst/mmcm_adv_inst/CLKOUT0
                         net (fo=1, routed)           0.752    -1.769    u_mmcm/inst/clk_out1_clk_wiz_audio
    BUFGCTRL_X0Y16       BUFG (Prop_bufg_I_O)         0.029    -1.740 r  u_mmcm/inst/clkout1_buf/O
                         net (fo=332, routed)         0.898    -0.842    u_div/clk_out1
    SLICE_X113Y80        FDCE                                         r  u_div/cnt_reg[5]/C
                         clock pessimism              0.252    -0.589    <hidden>
    SLICE_X113Y80        FDCE (Remov_fdce_C_CLR)     -0.092    -0.681    u_div/cnt_reg[5]
  -------------------------------------------------------------------
                         required time                          0.681    <hidden>
                         arrival time                          -0.012    <hidden>
  -------------------------------------------------------------------
                         slack                                  0.669    <hidden>

Slack (MET) :             0.669ns  (arrival time - required time)
  Source:                 u_rst_sync/rst_sync_reg/C
                            (rising edge-triggered cell FDCE clocked by clk_out1_clk_wiz_audio  {rise@0.000ns fall@40.690ns period=81.380ns})
  Destination:            u_div/cnt_reg[6]/CLR
                            (removal check against rising-edge clock clk_out1_clk_wiz_audio  {rise@0.000ns fall@40.690ns period=81.380ns})
  Path Group:             **async_default**
  Path Type:              Removal (Min at Fast Process Corner)
  Requirement:            0.000ns  (clk_out1_clk_wiz_audio rise@0.000ns - clk_out1_clk_wiz_audio rise@0.000ns)
  Data Path Delay:        0.589ns  (logic 0.246ns (41.762%)  route 0.343ns (58.238%))
  Logic Levels:           1  (LUT1=1)
  Clock Path Skew:        0.012ns (DCD - SCD - CPR)
    Destination Clock Delay (DCD):    -0.842ns
    Source Clock Delay      (SCD):    -0.601ns
    Clock Pessimism Removal (CPR):    -0.252ns

    Location             Delay type                Incr(ns)  Path(ns)    Netlist Resource(s)
  -------------------------------------------------------------------    -------------------
                         (clock clk_out1_clk_wiz_audio rise edge)
                                                      0.000     0.000 r  <hidden>
    H16                                               0.000     0.000 r  sysclk
                         net (fo=0)                   0.000     0.000    u_mmcm/inst/clk_in1
    H16                  IBUF (Prop_ibuf_I_O)         0.219     0.219 r  u_mmcm/inst/clkin1_ibufg/O
                         net (fo=1, routed)           0.440     0.659    u_mmcm/inst/clk_in1_clk_wiz_audio
    MMCME2_ADV_X1Y2      MMCME2_ADV (Prop_mmcme2_adv_CLKIN1_CLKOUT0)
                                                     -2.613    -1.954 r  u_mmcm/inst/mmcm_adv_inst/CLKOUT0
                         net (fo=1, routed)           0.696    -1.257    u_mmcm/inst/clk_out1_clk_wiz_audio
    BUFGCTRL_X0Y16       BUFG (Prop_bufg_I_O)         0.026    -1.231 r  u_mmcm/inst/clkout1_buf/O
                         net (fo=332, routed)         0.630    -0.601    u_rst_sync/clk_out1
    SLICE_X112Y82        FDCE                                         r  u_rst_sync/rst_sync_reg/C
  -------------------------------------------------------------------    -------------------
    SLICE_X112Y82        FDCE (Prop_fdce_C_Q)         0.148    -0.453 r  u_rst_sync/rst_sync_reg/Q
                         net (fo=1, routed)           0.150    -0.303    u_div/cnt_reg[0]_0
    SLICE_X112Y82        LUT1 (Prop_lut1_I0_O)        0.098    -0.205 f  u_div/cnt[7]_i_2/O
                         net (fo=326, routed)         0.193    -0.012    u_div/rst_sync_reg
    SLICE_X113Y80        FDCE                                         f  u_div/cnt_reg[6]/CLR
  -------------------------------------------------------------------    -------------------

                         (clock clk_out1_clk_wiz_audio rise edge)
                                                      0.000     0.000 r  <hidden>
    H16                                               0.000     0.000 r  sysclk
                         net (fo=0)                   0.000     0.000    u_mmcm/inst/clk_in1
    H16                  IBUF (Prop_ibuf_I_O)         0.406     0.406 r  u_mmcm/inst/clkin1_ibufg/O
                         net (fo=1, routed)           0.480     0.886    u_mmcm/inst/clk_in1_clk_wiz_audio
    MMCME2_ADV_X1Y2      MMCME2_ADV (Prop_mmcme2_adv_CLKIN1_CLKOUT0)
                                                     -3.407    -2.521 r  u_mmcm/inst/mmcm_adv_inst/CLKOUT0
                         net (fo=1, routed)           0.752    -1.769    u_mmcm/inst/clk_out1_clk_wiz_audio
    BUFGCTRL_X0Y16       BUFG (Prop_bufg_I_O)         0.029    -1.740 r  u_mmcm/inst/clkout1_buf/O
                         net (fo=332, routed)         0.898    -0.842    u_div/clk_out1
    SLICE_X113Y80        FDCE                                         r  u_div/cnt_reg[6]/C
                         clock pessimism              0.252    -0.589    <hidden>
    SLICE_X113Y80        FDCE (Remov_fdce_C_CLR)     -0.092    -0.681    u_div/cnt_reg[6]
  -------------------------------------------------------------------
                         required time                          0.681    <hidden>
                         arrival time                          -0.012    <hidden>
  -------------------------------------------------------------------
                         slack                                  0.669    <hidden>

Slack (MET) :             0.669ns  (arrival time - required time)
  Source:                 u_rst_sync/rst_sync_reg/C
                            (rising edge-triggered cell FDCE clocked by clk_out1_clk_wiz_audio  {rise@0.000ns fall@40.690ns period=81.380ns})
  Destination:            u_div/cnt_reg[7]/CLR
                            (removal check against rising-edge clock clk_out1_clk_wiz_audio  {rise@0.000ns fall@40.690ns period=81.380ns})
  Path Group:             **async_default**
  Path Type:              Removal (Min at Fast Process Corner)
  Requirement:            0.000ns  (clk_out1_clk_wiz_audio rise@0.000ns - clk_out1_clk_wiz_audio rise@0.000ns)
  Data Path Delay:        0.589ns  (logic 0.246ns (41.762%)  route 0.343ns (58.238%))
  Logic Levels:           1  (LUT1=1)
  Clock Path Skew:        0.012ns (DCD - SCD - CPR)
    Destination Clock Delay (DCD):    -0.842ns
    Source Clock Delay      (SCD):    -0.601ns
    Clock Pessimism Removal (CPR):    -0.252ns

    Location             Delay type                Incr(ns)  Path(ns)    Netlist Resource(s)
  -------------------------------------------------------------------    -------------------
                         (clock clk_out1_clk_wiz_audio rise edge)
                                                      0.000     0.000 r  <hidden>
    H16                                               0.000     0.000 r  sysclk
                         net (fo=0)                   0.000     0.000    u_mmcm/inst/clk_in1
    H16                  IBUF (Prop_ibuf_I_O)         0.219     0.219 r  u_mmcm/inst/clkin1_ibufg/O
                         net (fo=1, routed)           0.440     0.659    u_mmcm/inst/clk_in1_clk_wiz_audio
    MMCME2_ADV_X1Y2      MMCME2_ADV (Prop_mmcme2_adv_CLKIN1_CLKOUT0)
                                                     -2.613    -1.954 r  u_mmcm/inst/mmcm_adv_inst/CLKOUT0
                         net (fo=1, routed)           0.696    -1.257    u_mmcm/inst/clk_out1_clk_wiz_audio
    BUFGCTRL_X0Y16       BUFG (Prop_bufg_I_O)         0.026    -1.231 r  u_mmcm/inst/clkout1_buf/O
                         net (fo=332, routed)         0.630    -0.601    u_rst_sync/clk_out1
    SLICE_X112Y82        FDCE                                         r  u_rst_sync/rst_sync_reg/C
  -------------------------------------------------------------------    -------------------
    SLICE_X112Y82        FDCE (Prop_fdce_C_Q)         0.148    -0.453 r  u_rst_sync/rst_sync_reg/Q
                         net (fo=1, routed)           0.150    -0.303    u_div/cnt_reg[0]_0
    SLICE_X112Y82        LUT1 (Prop_lut1_I0_O)        0.098    -0.205 f  u_div/cnt[7]_i_2/O
                         net (fo=326, routed)         0.193    -0.012    u_div/rst_sync_reg
    SLICE_X113Y80        FDCE                                         f  u_div/cnt_reg[7]/CLR
  -------------------------------------------------------------------    -------------------

                         (clock clk_out1_clk_wiz_audio rise edge)
                                                      0.000     0.000 r  <hidden>
    H16                                               0.000     0.000 r  sysclk
                         net (fo=0)                   0.000     0.000    u_mmcm/inst/clk_in1
    H16                  IBUF (Prop_ibuf_I_O)         0.406     0.406 r  u_mmcm/inst/clkin1_ibufg/O
                         net (fo=1, routed)           0.480     0.886    u_mmcm/inst/clk_in1_clk_wiz_audio
    MMCME2_ADV_X1Y2      MMCME2_ADV (Prop_mmcme2_adv_CLKIN1_CLKOUT0)
                                                     -3.407    -2.521 r  u_mmcm/inst/mmcm_adv_inst/CLKOUT0
                         net (fo=1, routed)           0.752    -1.769    u_mmcm/inst/clk_out1_clk_wiz_audio
    BUFGCTRL_X0Y16       BUFG (Prop_bufg_I_O)         0.029    -1.740 r  u_mmcm/inst/clkout1_buf/O
                         net (fo=332, routed)         0.898    -0.842    u_div/clk_out1
    SLICE_X113Y80        FDCE                                         r  u_div/cnt_reg[7]/C
                         clock pessimism              0.252    -0.589    <hidden>
    SLICE_X113Y80        FDCE (Remov_fdce_C_CLR)     -0.092    -0.681    u_div/cnt_reg[7]
  -------------------------------------------------------------------
                         required time                          0.681    <hidden>
                         arrival time                          -0.012    <hidden>
  -------------------------------------------------------------------
                         slack                                  0.669    <hidden>

Slack (MET) :             0.868ns  (arrival time - required time)
  Source:                 u_rst_sync/rst_sync_reg/C
                            (rising edge-triggered cell FDCE clocked by clk_out1_clk_wiz_audio  {rise@0.000ns fall@40.690ns period=81.380ns})
  Destination:            u_rx_ja/lrck_r_reg/CLR
                            (removal check against rising-edge clock clk_out1_clk_wiz_audio  {rise@0.000ns fall@40.690ns period=81.380ns})
  Path Group:             **async_default**
  Path Type:              Removal (Min at Fast Process Corner)
  Requirement:            0.000ns  (clk_out1_clk_wiz_audio rise@0.000ns - clk_out1_clk_wiz_audio rise@0.000ns)
  Data Path Delay:        0.816ns  (logic 0.246ns (30.143%)  route 0.570ns (69.857%))
  Logic Levels:           1  (LUT1=1)
  Clock Path Skew:        0.015ns (DCD - SCD - CPR)
    Destination Clock Delay (DCD):    -0.839ns
    Source Clock Delay      (SCD):    -0.601ns
    Clock Pessimism Removal (CPR):    -0.252ns

    Location             Delay type                Incr(ns)  Path(ns)    Netlist Resource(s)
  -------------------------------------------------------------------    -------------------
                         (clock clk_out1_clk_wiz_audio rise edge)
                                                      0.000     0.000 r  <hidden>
    H16                                               0.000     0.000 r  sysclk
                         net (fo=0)                   0.000     0.000    u_mmcm/inst/clk_in1
    H16                  IBUF (Prop_ibuf_I_O)         0.219     0.219 r  u_mmcm/inst/clkin1_ibufg/O
                         net (fo=1, routed)           0.440     0.659    u_mmcm/inst/clk_in1_clk_wiz_audio
    MMCME2_ADV_X1Y2      MMCME2_ADV (Prop_mmcme2_adv_CLKIN1_CLKOUT0)
                                                     -2.613    -1.954 r  u_mmcm/inst/mmcm_adv_inst/CLKOUT0
                         net (fo=1, routed)           0.696    -1.257    u_mmcm/inst/clk_out1_clk_wiz_audio
    BUFGCTRL_X0Y16       BUFG (Prop_bufg_I_O)         0.026    -1.231 r  u_mmcm/inst/clkout1_buf/O
                         net (fo=332, routed)         0.630    -0.601    u_rst_sync/clk_out1
    SLICE_X112Y82        FDCE                                         r  u_rst_sync/rst_sync_reg/C
  -------------------------------------------------------------------    -------------------
    SLICE_X112Y82        FDCE (Prop_fdce_C_Q)         0.148    -0.453 r  u_rst_sync/rst_sync_reg/Q
                         net (fo=1, routed)           0.150    -0.303    u_div/cnt_reg[0]_0
    SLICE_X112Y82        LUT1 (Prop_lut1_I0_O)        0.098    -0.205 f  u_div/cnt[7]_i_2/O
                         net (fo=326, routed)         0.420     0.215    u_rx_ja/lrck_r_reg_0
    SLICE_X112Y83        FDCE                                         f  u_rx_ja/lrck_r_reg/CLR
  -------------------------------------------------------------------    -------------------

                         (clock clk_out1_clk_wiz_audio rise edge)
                                                      0.000     0.000 r  <hidden>
    H16                                               0.000     0.000 r  sysclk
                         net (fo=0)                   0.000     0.000    u_mmcm/inst/clk_in1
    H16                  IBUF (Prop_ibuf_I_O)         0.406     0.406 r  u_mmcm/inst/clkin1_ibufg/O
                         net (fo=1, routed)           0.480     0.886    u_mmcm/inst/clk_in1_clk_wiz_audio
    MMCME2_ADV_X1Y2      MMCME2_ADV (Prop_mmcme2_adv_CLKIN1_CLKOUT0)
                                                     -3.407    -2.521 r  u_mmcm/inst/mmcm_adv_inst/CLKOUT0
                         net (fo=1, routed)           0.752    -1.769    u_mmcm/inst/clk_out1_clk_wiz_audio
    BUFGCTRL_X0Y16       BUFG (Prop_bufg_I_O)         0.029    -1.740 r  u_mmcm/inst/clkout1_buf/O
                         net (fo=332, routed)         0.901    -0.839    u_rx_ja/clk_out1
    SLICE_X112Y83        FDCE                                         r  u_rx_ja/lrck_r_reg/C
                         clock pessimism              0.252    -0.586    <hidden>
    SLICE_X112Y83        FDCE (Remov_fdce_C_CLR)     -0.067    -0.653    u_rx_ja/lrck_r_reg
  -------------------------------------------------------------------
                         required time                          0.653    <hidden>
                         arrival time                           0.215    <hidden>
  -------------------------------------------------------------------
                         slack                                  0.868    <hidden>

Slack (MET) :             0.933ns  (arrival time - required time)
  Source:                 u_rst_sync/rst_sync_reg/C
                            (rising edge-triggered cell FDCE clocked by clk_out1_clk_wiz_audio  {rise@0.000ns fall@40.690ns period=81.380ns})
  Destination:            u_rx_jb/bit_counter_reg[1]/CLR
                            (removal check against rising-edge clock clk_out1_clk_wiz_audio  {rise@0.000ns fall@40.690ns period=81.380ns})
  Path Group:             **async_default**
  Path Type:              Removal (Min at Fast Process Corner)
  Requirement:            0.000ns  (clk_out1_clk_wiz_audio rise@0.000ns - clk_out1_clk_wiz_audio rise@0.000ns)
  Data Path Delay:        0.883ns  (logic 0.246ns (27.851%)  route 0.637ns (72.149%))
  Logic Levels:           1  (LUT1=1)
  Clock Path Skew:        0.017ns (DCD - SCD - CPR)
    Destination Clock Delay (DCD):    -0.837ns
    Source Clock Delay      (SCD):    -0.601ns
    Clock Pessimism Removal (CPR):    -0.252ns

    Location             Delay type                Incr(ns)  Path(ns)    Netlist Resource(s)
  -------------------------------------------------------------------    -------------------
                         (clock clk_out1_clk_wiz_audio rise edge)
                                                      0.000     0.000 r  <hidden>
    H16                                               0.000     0.000 r  sysclk
                         net (fo=0)                   0.000     0.000    u_mmcm/inst/clk_in1
    H16                  IBUF (Prop_ibuf_I_O)         0.219     0.219 r  u_mmcm/inst/clkin1_ibufg/O
                         net (fo=1, routed)           0.440     0.659    u_mmcm/inst/clk_in1_clk_wiz_audio
    MMCME2_ADV_X1Y2      MMCME2_ADV (Prop_mmcme2_adv_CLKIN1_CLKOUT0)
                                                     -2.613    -1.954 r  u_mmcm/inst/mmcm_adv_inst/CLKOUT0
                         net (fo=1, routed)           0.696    -1.257    u_mmcm/inst/clk_out1_clk_wiz_audio
    BUFGCTRL_X0Y16       BUFG (Prop_bufg_I_O)         0.026    -1.231 r  u_mmcm/inst/clkout1_buf/O
                         net (fo=332, routed)         0.630    -0.601    u_rst_sync/clk_out1
    SLICE_X112Y82        FDCE                                         r  u_rst_sync/rst_sync_reg/C
  -------------------------------------------------------------------    -------------------
    SLICE_X112Y82        FDCE (Prop_fdce_C_Q)         0.148    -0.453 r  u_rst_sync/rst_sync_reg/Q
                         net (fo=1, routed)           0.150    -0.303    u_div/cnt_reg[0]_0
    SLICE_X112Y82        LUT1 (Prop_lut1_I0_O)        0.098    -0.205 f  u_div/cnt[7]_i_2/O
                         net (fo=326, routed)         0.487     0.282    u_rx_jb/bit_counter_reg[4]_0
    SLICE_X112Y85        FDCE                                         f  u_rx_jb/bit_counter_reg[1]/CLR
  -------------------------------------------------------------------    -------------------

                         (clock clk_out1_clk_wiz_audio rise edge)
                                                      0.000     0.000 r  <hidden>
    H16                                               0.000     0.000 r  sysclk
                         net (fo=0)                   0.000     0.000    u_mmcm/inst/clk_in1
    H16                  IBUF (Prop_ibuf_I_O)         0.406     0.406 r  u_mmcm/inst/clkin1_ibufg/O
                         net (fo=1, routed)           0.480     0.886    u_mmcm/inst/clk_in1_clk_wiz_audio
    MMCME2_ADV_X1Y2      MMCME2_ADV (Prop_mmcme2_adv_CLKIN1_CLKOUT0)
                                                     -3.407    -2.521 r  u_mmcm/inst/mmcm_adv_inst/CLKOUT0
                         net (fo=1, routed)           0.752    -1.769    u_mmcm/inst/clk_out1_clk_wiz_audio
    BUFGCTRL_X0Y16       BUFG (Prop_bufg_I_O)         0.029    -1.740 r  u_mmcm/inst/clkout1_buf/O
                         net (fo=332, routed)         0.903    -0.837    u_rx_jb/clk_out1
    SLICE_X112Y85        FDCE                                         r  u_rx_jb/bit_counter_reg[1]/C
                         clock pessimism              0.252    -0.584    <hidden>
    SLICE_X112Y85        FDCE (Remov_fdce_C_CLR)     -0.067    -0.651    u_rx_jb/bit_counter_reg[1]
  -------------------------------------------------------------------
                         required time                          0.651    <hidden>
                         arrival time                           0.282    <hidden>
  -------------------------------------------------------------------
                         slack                                  0.933    <hidden>





---------------------------------------------------------------------------------------------------
Path Group:  **async_default**
From Clock:  clk_out1_clk_wiz_audio_1
  To Clock:  clk_out1_clk_wiz_audio

Setup :            0  Failing Endpoints,  Worst Slack       75.834ns,  Total Violation        0.000ns
Hold  :            0  Failing Endpoints,  Worst Slack        0.405ns,  Total Violation        0.000ns
---------------------------------------------------------------------------------------------------


Max Delay Paths
--------------------------------------------------------------------------------------
Slack (MET) :             75.834ns  (required time - arrival time)
  Source:                 u_rst_sync/rst_sync_reg/C
                            (rising edge-triggered cell FDCE clocked by clk_out1_clk_wiz_audio_1  {rise@0.000ns fall@40.690ns period=81.380ns})
  Destination:            u_rx_jb/left_data_reg[3]/CLR
                            (recovery check against rising-edge clock clk_out1_clk_wiz_audio  {rise@0.000ns fall@40.690ns period=81.380ns})
  Path Group:             **async_default**
  Path Type:              Recovery (Max at Slow Process Corner)
  Requirement:            81.380ns  (clk_out1_clk_wiz_audio rise@81.380ns - clk_out1_clk_wiz_audio_1 rise@0.000ns)
  Data Path Delay:        4.764ns  (logic 0.773ns (16.225%)  route 3.991ns (83.775%))
  Logic Levels:           1  (LUT1=1)
  Clock Path Skew:        -0.137ns (DCD - SCD + CPR)
    Destination Clock Delay (DCD):    -1.564ns = ( 79.816 - 81.380 ) 
    Source Clock Delay      (SCD):    -0.860ns
    Clock Pessimism Removal (CPR):    0.567ns
  Clock Uncertainty:      0.240ns  ((TSJ^2 + DJ^2)^1/2) / 2 + PE
    Total System Jitter     (TSJ):    0.071ns
    Discrete Jitter          (DJ):    0.474ns
    Phase Error              (PE):    0.000ns
  Clock Domain Crossing:  Inter clock paths are considered valid unless explicitly excluded by timing constraints such as set_clock_groups or set_false_path.

    Location             Delay type                Incr(ns)  Path(ns)    Netlist Resource(s)
  -------------------------------------------------------------------    -------------------
                         (clock clk_out1_clk_wiz_audio_1 rise edge)
                                                      0.000     0.000 r  <hidden>
    H16                                               0.000     0.000 r  sysclk
                         net (fo=0)                   0.000     0.000    u_mmcm/inst/clk_in1
    H16                  IBUF (Prop_ibuf_I_O)         1.451     1.451 r  u_mmcm/inst/clkin1_ibufg/O
                         net (fo=1, routed)           1.285     2.736    u_mmcm/inst/clk_in1_clk_wiz_audio
    MMCME2_ADV_X1Y2      MMCME2_ADV (Prop_mmcme2_adv_CLKIN1_CLKOUT0)
                                                     -7.759    -5.023 r  u_mmcm/inst/mmcm_adv_inst/CLKOUT0
                         net (fo=1, routed)           2.206    -2.817    u_mmcm/inst/clk_out1_clk_wiz_audio
    BUFGCTRL_X0Y16       BUFG (Prop_bufg_I_O)         0.101    -2.716 r  u_mmcm/inst/clkout1_buf/O
                         net (fo=332, routed)         1.856    -0.860    u_rst_sync/clk_out1
    SLICE_X112Y82        FDCE                                         r  u_rst_sync/rst_sync_reg/C
  -------------------------------------------------------------------    -------------------
    SLICE_X112Y82        FDCE (Prop_fdce_C_Q)         0.478    -0.382 r  u_rst_sync/rst_sync_reg/Q
                         net (fo=1, routed)           0.467     0.085    u_div/cnt_reg[0]_0
    SLICE_X112Y82        LUT1 (Prop_lut1_I0_O)        0.295     0.380 f  u_div/cnt[7]_i_2/O
                         net (fo=326, routed)         3.524     3.904    u_rx_jb/bit_counter_reg[4]_0
    SLICE_X105Y87        FDCE                                         f  u_rx_jb/left_data_reg[3]/CLR
  -------------------------------------------------------------------    -------------------

                         (clock clk_out1_clk_wiz_audio rise edge)
                                                     81.380    81.380 r  <hidden>
    H16                                               0.000    81.380 r  sysclk
                         net (fo=0)                   0.000    81.380    u_mmcm/inst/clk_in1
    H16                  IBUF (Prop_ibuf_I_O)         1.380    82.760 r  u_mmcm/inst/clkin1_ibufg/O
                         net (fo=1, routed)           1.162    83.922    u_mmcm/inst/clk_in1_clk_wiz_audio
    MMCME2_ADV_X1Y2      MMCME2_ADV (Prop_mmcme2_adv_CLKIN1_CLKOUT0)
                                                     -7.814    76.108 r  u_mmcm/inst/mmcm_adv_inst/CLKOUT0
                         net (fo=1, routed)           2.012    78.120    u_mmcm/inst/clk_out1_clk_wiz_audio
    BUFGCTRL_X0Y16       BUFG (Prop_bufg_I_O)         0.091    78.211 r  u_mmcm/inst/clkout1_buf/O
                         net (fo=332, routed)         1.605    79.816    u_rx_jb/clk_out1
    SLICE_X105Y87        FDCE                                         r  u_rx_jb/left_data_reg[3]/C
                         clock pessimism              0.567    80.383    <hidden>
                         clock uncertainty           -0.240    80.143    <hidden>
    SLICE_X105Y87        FDCE (Recov_fdce_C_CLR)     -0.405    79.738    u_rx_jb/left_data_reg[3]
  -------------------------------------------------------------------
                         required time                         79.738    <hidden>
                         arrival time                          -3.904    <hidden>
  -------------------------------------------------------------------
                         slack                                 75.834    <hidden>

Slack (MET) :             75.834ns  (required time - arrival time)
  Source:                 u_rst_sync/rst_sync_reg/C
                            (rising edge-triggered cell FDCE clocked by clk_out1_clk_wiz_audio_1  {rise@0.000ns fall@40.690ns period=81.380ns})
  Destination:            u_rx_jb/left_data_reg[4]/CLR
                            (recovery check against rising-edge clock clk_out1_clk_wiz_audio  {rise@0.000ns fall@40.690ns period=81.380ns})
  Path Group:             **async_default**
  Path Type:              Recovery (Max at Slow Process Corner)
  Requirement:            81.380ns  (clk_out1_clk_wiz_audio rise@81.380ns - clk_out1_clk_wiz_audio_1 rise@0.000ns)
  Data Path Delay:        4.764ns  (logic 0.773ns (16.225%)  route 3.991ns (83.775%))
  Logic Levels:           1  (LUT1=1)
  Clock Path Skew:        -0.137ns (DCD - SCD + CPR)
    Destination Clock Delay (DCD):    -1.564ns = ( 79.816 - 81.380 ) 
    Source Clock Delay      (SCD):    -0.860ns
    Clock Pessimism Removal (CPR):    0.567ns
  Clock Uncertainty:      0.240ns  ((TSJ^2 + DJ^2)^1/2) / 2 + PE
    Total System Jitter     (TSJ):    0.071ns
    Discrete Jitter          (DJ):    0.474ns
    Phase Error              (PE):    0.000ns
  Clock Domain Crossing:  Inter clock paths are considered valid unless explicitly excluded by timing constraints such as set_clock_groups or set_false_path.

    Location             Delay type                Incr(ns)  Path(ns)    Netlist Resource(s)
  -------------------------------------------------------------------    -------------------
                         (clock clk_out1_clk_wiz_audio_1 rise edge)
                                                      0.000     0.000 r  <hidden>
    H16                                               0.000     0.000 r  sysclk
                         net (fo=0)                   0.000     0.000    u_mmcm/inst/clk_in1
    H16                  IBUF (Prop_ibuf_I_O)         1.451     1.451 r  u_mmcm/inst/clkin1_ibufg/O
                         net (fo=1, routed)           1.285     2.736    u_mmcm/inst/clk_in1_clk_wiz_audio
    MMCME2_ADV_X1Y2      MMCME2_ADV (Prop_mmcme2_adv_CLKIN1_CLKOUT0)
                                                     -7.759    -5.023 r  u_mmcm/inst/mmcm_adv_inst/CLKOUT0
                         net (fo=1, routed)           2.206    -2.817    u_mmcm/inst/clk_out1_clk_wiz_audio
    BUFGCTRL_X0Y16       BUFG (Prop_bufg_I_O)         0.101    -2.716 r  u_mmcm/inst/clkout1_buf/O
                         net (fo=332, routed)         1.856    -0.860    u_rst_sync/clk_out1
    SLICE_X112Y82        FDCE                                         r  u_rst_sync/rst_sync_reg/C
  -------------------------------------------------------------------    -------------------
    SLICE_X112Y82        FDCE (Prop_fdce_C_Q)         0.478    -0.382 r  u_rst_sync/rst_sync_reg/Q
                         net (fo=1, routed)           0.467     0.085    u_div/cnt_reg[0]_0
    SLICE_X112Y82        LUT1 (Prop_lut1_I0_O)        0.295     0.380 f  u_div/cnt[7]_i_2/O
                         net (fo=326, routed)         3.524     3.904    u_rx_jb/bit_counter_reg[4]_0
    SLICE_X105Y87        FDCE                                         f  u_rx_jb/left_data_reg[4]/CLR
  -------------------------------------------------------------------    -------------------

                         (clock clk_out1_clk_wiz_audio rise edge)
                                                     81.380    81.380 r  <hidden>
    H16                                               0.000    81.380 r  sysclk
                         net (fo=0)                   0.000    81.380    u_mmcm/inst/clk_in1
    H16                  IBUF (Prop_ibuf_I_O)         1.380    82.760 r  u_mmcm/inst/clkin1_ibufg/O
                         net (fo=1, routed)           1.162    83.922    u_mmcm/inst/clk_in1_clk_wiz_audio
    MMCME2_ADV_X1Y2      MMCME2_ADV (Prop_mmcme2_adv_CLKIN1_CLKOUT0)
                                                     -7.814    76.108 r  u_mmcm/inst/mmcm_adv_inst/CLKOUT0
                         net (fo=1, routed)           2.012    78.120    u_mmcm/inst/clk_out1_clk_wiz_audio
    BUFGCTRL_X0Y16       BUFG (Prop_bufg_I_O)         0.091    78.211 r  u_mmcm/inst/clkout1_buf/O
                         net (fo=332, routed)         1.605    79.816    u_rx_jb/clk_out1
    SLICE_X105Y87        FDCE                                         r  u_rx_jb/left_data_reg[4]/C
                         clock pessimism              0.567    80.383    <hidden>
                         clock uncertainty           -0.240    80.143    <hidden>
    SLICE_X105Y87        FDCE (Recov_fdce_C_CLR)     -0.405    79.738    u_rx_jb/left_data_reg[4]
  -------------------------------------------------------------------
                         required time                         79.738    <hidden>
                         arrival time                          -3.904    <hidden>
  -------------------------------------------------------------------
                         slack                                 75.834    <hidden>

Slack (MET) :             75.834ns  (required time - arrival time)
  Source:                 u_rst_sync/rst_sync_reg/C
                            (rising edge-triggered cell FDCE clocked by clk_out1_clk_wiz_audio_1  {rise@0.000ns fall@40.690ns period=81.380ns})
  Destination:            u_rx_jb/left_data_reg[5]/CLR
                            (recovery check against rising-edge clock clk_out1_clk_wiz_audio  {rise@0.000ns fall@40.690ns period=81.380ns})
  Path Group:             **async_default**
  Path Type:              Recovery (Max at Slow Process Corner)
  Requirement:            81.380ns  (clk_out1_clk_wiz_audio rise@81.380ns - clk_out1_clk_wiz_audio_1 rise@0.000ns)
  Data Path Delay:        4.764ns  (logic 0.773ns (16.225%)  route 3.991ns (83.775%))
  Logic Levels:           1  (LUT1=1)
  Clock Path Skew:        -0.137ns (DCD - SCD + CPR)
    Destination Clock Delay (DCD):    -1.564ns = ( 79.816 - 81.380 ) 
    Source Clock Delay      (SCD):    -0.860ns
    Clock Pessimism Removal (CPR):    0.567ns
  Clock Uncertainty:      0.240ns  ((TSJ^2 + DJ^2)^1/2) / 2 + PE
    Total System Jitter     (TSJ):    0.071ns
    Discrete Jitter          (DJ):    0.474ns
    Phase Error              (PE):    0.000ns
  Clock Domain Crossing:  Inter clock paths are considered valid unless explicitly excluded by timing constraints such as set_clock_groups or set_false_path.

    Location             Delay type                Incr(ns)  Path(ns)    Netlist Resource(s)
  -------------------------------------------------------------------    -------------------
                         (clock clk_out1_clk_wiz_audio_1 rise edge)
                                                      0.000     0.000 r  <hidden>
    H16                                               0.000     0.000 r  sysclk
                         net (fo=0)                   0.000     0.000    u_mmcm/inst/clk_in1
    H16                  IBUF (Prop_ibuf_I_O)         1.451     1.451 r  u_mmcm/inst/clkin1_ibufg/O
                         net (fo=1, routed)           1.285     2.736    u_mmcm/inst/clk_in1_clk_wiz_audio
    MMCME2_ADV_X1Y2      MMCME2_ADV (Prop_mmcme2_adv_CLKIN1_CLKOUT0)
                                                     -7.759    -5.023 r  u_mmcm/inst/mmcm_adv_inst/CLKOUT0
                         net (fo=1, routed)           2.206    -2.817    u_mmcm/inst/clk_out1_clk_wiz_audio
    BUFGCTRL_X0Y16       BUFG (Prop_bufg_I_O)         0.101    -2.716 r  u_mmcm/inst/clkout1_buf/O
                         net (fo=332, routed)         1.856    -0.860    u_rst_sync/clk_out1
    SLICE_X112Y82        FDCE                                         r  u_rst_sync/rst_sync_reg/C
  -------------------------------------------------------------------    -------------------
    SLICE_X112Y82        FDCE (Prop_fdce_C_Q)         0.478    -0.382 r  u_rst_sync/rst_sync_reg/Q
                         net (fo=1, routed)           0.467     0.085    u_div/cnt_reg[0]_0
    SLICE_X112Y82        LUT1 (Prop_lut1_I0_O)        0.295     0.380 f  u_div/cnt[7]_i_2/O
                         net (fo=326, routed)         3.524     3.904    u_rx_jb/bit_counter_reg[4]_0
    SLICE_X105Y87        FDCE                                         f  u_rx_jb/left_data_reg[5]/CLR
  -------------------------------------------------------------------    -------------------

                         (clock clk_out1_clk_wiz_audio rise edge)
                                                     81.380    81.380 r  <hidden>
    H16                                               0.000    81.380 r  sysclk
                         net (fo=0)                   0.000    81.380    u_mmcm/inst/clk_in1
    H16                  IBUF (Prop_ibuf_I_O)         1.380    82.760 r  u_mmcm/inst/clkin1_ibufg/O
                         net (fo=1, routed)           1.162    83.922    u_mmcm/inst/clk_in1_clk_wiz_audio
    MMCME2_ADV_X1Y2      MMCME2_ADV (Prop_mmcme2_adv_CLKIN1_CLKOUT0)
                                                     -7.814    76.108 r  u_mmcm/inst/mmcm_adv_inst/CLKOUT0
                         net (fo=1, routed)           2.012    78.120    u_mmcm/inst/clk_out1_clk_wiz_audio
    BUFGCTRL_X0Y16       BUFG (Prop_bufg_I_O)         0.091    78.211 r  u_mmcm/inst/clkout1_buf/O
                         net (fo=332, routed)         1.605    79.816    u_rx_jb/clk_out1
    SLICE_X105Y87        FDCE                                         r  u_rx_jb/left_data_reg[5]/C
                         clock pessimism              0.567    80.383    <hidden>
                         clock uncertainty           -0.240    80.143    <hidden>
    SLICE_X105Y87        FDCE (Recov_fdce_C_CLR)     -0.405    79.738    u_rx_jb/left_data_reg[5]
  -------------------------------------------------------------------
                         required time                         79.738    <hidden>
                         arrival time                          -3.904    <hidden>
  -------------------------------------------------------------------
                         slack                                 75.834    <hidden>

Slack (MET) :             75.834ns  (required time - arrival time)
  Source:                 u_rst_sync/rst_sync_reg/C
                            (rising edge-triggered cell FDCE clocked by clk_out1_clk_wiz_audio_1  {rise@0.000ns fall@40.690ns period=81.380ns})
  Destination:            u_rx_jb/left_data_reg[6]/CLR
                            (recovery check against rising-edge clock clk_out1_clk_wiz_audio  {rise@0.000ns fall@40.690ns period=81.380ns})
  Path Group:             **async_default**
  Path Type:              Recovery (Max at Slow Process Corner)
  Requirement:            81.380ns  (clk_out1_clk_wiz_audio rise@81.380ns - clk_out1_clk_wiz_audio_1 rise@0.000ns)
  Data Path Delay:        4.764ns  (logic 0.773ns (16.225%)  route 3.991ns (83.775%))
  Logic Levels:           1  (LUT1=1)
  Clock Path Skew:        -0.137ns (DCD - SCD + CPR)
    Destination Clock Delay (DCD):    -1.564ns = ( 79.816 - 81.380 ) 
    Source Clock Delay      (SCD):    -0.860ns
    Clock Pessimism Removal (CPR):    0.567ns
  Clock Uncertainty:      0.240ns  ((TSJ^2 + DJ^2)^1/2) / 2 + PE
    Total System Jitter     (TSJ):    0.071ns
    Discrete Jitter          (DJ):    0.474ns
    Phase Error              (PE):    0.000ns
  Clock Domain Crossing:  Inter clock paths are considered valid unless explicitly excluded by timing constraints such as set_clock_groups or set_false_path.

    Location             Delay type                Incr(ns)  Path(ns)    Netlist Resource(s)
  -------------------------------------------------------------------    -------------------
                         (clock clk_out1_clk_wiz_audio_1 rise edge)
                                                      0.000     0.000 r  <hidden>
    H16                                               0.000     0.000 r  sysclk
                         net (fo=0)                   0.000     0.000    u_mmcm/inst/clk_in1
    H16                  IBUF (Prop_ibuf_I_O)         1.451     1.451 r  u_mmcm/inst/clkin1_ibufg/O
                         net (fo=1, routed)           1.285     2.736    u_mmcm/inst/clk_in1_clk_wiz_audio
    MMCME2_ADV_X1Y2      MMCME2_ADV (Prop_mmcme2_adv_CLKIN1_CLKOUT0)
                                                     -7.759    -5.023 r  u_mmcm/inst/mmcm_adv_inst/CLKOUT0
                         net (fo=1, routed)           2.206    -2.817    u_mmcm/inst/clk_out1_clk_wiz_audio
    BUFGCTRL_X0Y16       BUFG (Prop_bufg_I_O)         0.101    -2.716 r  u_mmcm/inst/clkout1_buf/O
                         net (fo=332, routed)         1.856    -0.860    u_rst_sync/clk_out1
    SLICE_X112Y82        FDCE                                         r  u_rst_sync/rst_sync_reg/C
  -------------------------------------------------------------------    -------------------
    SLICE_X112Y82        FDCE (Prop_fdce_C_Q)         0.478    -0.382 r  u_rst_sync/rst_sync_reg/Q
                         net (fo=1, routed)           0.467     0.085    u_div/cnt_reg[0]_0
    SLICE_X112Y82        LUT1 (Prop_lut1_I0_O)        0.295     0.380 f  u_div/cnt[7]_i_2/O
                         net (fo=326, routed)         3.524     3.904    u_rx_jb/bit_counter_reg[4]_0
    SLICE_X105Y87        FDCE                                         f  u_rx_jb/left_data_reg[6]/CLR
  -------------------------------------------------------------------    -------------------

                         (clock clk_out1_clk_wiz_audio rise edge)
                                                     81.380    81.380 r  <hidden>
    H16                                               0.000    81.380 r  sysclk
                         net (fo=0)                   0.000    81.380    u_mmcm/inst/clk_in1
    H16                  IBUF (Prop_ibuf_I_O)         1.380    82.760 r  u_mmcm/inst/clkin1_ibufg/O
                         net (fo=1, routed)           1.162    83.922    u_mmcm/inst/clk_in1_clk_wiz_audio
    MMCME2_ADV_X1Y2      MMCME2_ADV (Prop_mmcme2_adv_CLKIN1_CLKOUT0)
                                                     -7.814    76.108 r  u_mmcm/inst/mmcm_adv_inst/CLKOUT0
                         net (fo=1, routed)           2.012    78.120    u_mmcm/inst/clk_out1_clk_wiz_audio
    BUFGCTRL_X0Y16       BUFG (Prop_bufg_I_O)         0.091    78.211 r  u_mmcm/inst/clkout1_buf/O
                         net (fo=332, routed)         1.605    79.816    u_rx_jb/clk_out1
    SLICE_X105Y87        FDCE                                         r  u_rx_jb/left_data_reg[6]/C
                         clock pessimism              0.567    80.383    <hidden>
                         clock uncertainty           -0.240    80.143    <hidden>
    SLICE_X105Y87        FDCE (Recov_fdce_C_CLR)     -0.405    79.738    u_rx_jb/left_data_reg[6]
  -------------------------------------------------------------------
                         required time                         79.738    <hidden>
                         arrival time                          -3.904    <hidden>
  -------------------------------------------------------------------
                         slack                                 75.834    <hidden>

Slack (MET) :             75.834ns  (required time - arrival time)
  Source:                 u_rst_sync/rst_sync_reg/C
                            (rising edge-triggered cell FDCE clocked by clk_out1_clk_wiz_audio_1  {rise@0.000ns fall@40.690ns period=81.380ns})
  Destination:            u_rx_jb/left_data_reg[7]/CLR
                            (recovery check against rising-edge clock clk_out1_clk_wiz_audio  {rise@0.000ns fall@40.690ns period=81.380ns})
  Path Group:             **async_default**
  Path Type:              Recovery (Max at Slow Process Corner)
  Requirement:            81.380ns  (clk_out1_clk_wiz_audio rise@81.380ns - clk_out1_clk_wiz_audio_1 rise@0.000ns)
  Data Path Delay:        4.764ns  (logic 0.773ns (16.225%)  route 3.991ns (83.775%))
  Logic Levels:           1  (LUT1=1)
  Clock Path Skew:        -0.137ns (DCD - SCD + CPR)
    Destination Clock Delay (DCD):    -1.564ns = ( 79.816 - 81.380 ) 
    Source Clock Delay      (SCD):    -0.860ns
    Clock Pessimism Removal (CPR):    0.567ns
  Clock Uncertainty:      0.240ns  ((TSJ^2 + DJ^2)^1/2) / 2 + PE
    Total System Jitter     (TSJ):    0.071ns
    Discrete Jitter          (DJ):    0.474ns
    Phase Error              (PE):    0.000ns
  Clock Domain Crossing:  Inter clock paths are considered valid unless explicitly excluded by timing constraints such as set_clock_groups or set_false_path.

    Location             Delay type                Incr(ns)  Path(ns)    Netlist Resource(s)
  -------------------------------------------------------------------    -------------------
                         (clock clk_out1_clk_wiz_audio_1 rise edge)
                                                      0.000     0.000 r  <hidden>
    H16                                               0.000     0.000 r  sysclk
                         net (fo=0)                   0.000     0.000    u_mmcm/inst/clk_in1
    H16                  IBUF (Prop_ibuf_I_O)         1.451     1.451 r  u_mmcm/inst/clkin1_ibufg/O
                         net (fo=1, routed)           1.285     2.736    u_mmcm/inst/clk_in1_clk_wiz_audio
    MMCME2_ADV_X1Y2      MMCME2_ADV (Prop_mmcme2_adv_CLKIN1_CLKOUT0)
                                                     -7.759    -5.023 r  u_mmcm/inst/mmcm_adv_inst/CLKOUT0
                         net (fo=1, routed)           2.206    -2.817    u_mmcm/inst/clk_out1_clk_wiz_audio
    BUFGCTRL_X0Y16       BUFG (Prop_bufg_I_O)         0.101    -2.716 r  u_mmcm/inst/clkout1_buf/O
                         net (fo=332, routed)         1.856    -0.860    u_rst_sync/clk_out1
    SLICE_X112Y82        FDCE                                         r  u_rst_sync/rst_sync_reg/C
  -------------------------------------------------------------------    -------------------
    SLICE_X112Y82        FDCE (Prop_fdce_C_Q)         0.478    -0.382 r  u_rst_sync/rst_sync_reg/Q
                         net (fo=1, routed)           0.467     0.085    u_div/cnt_reg[0]_0
    SLICE_X112Y82        LUT1 (Prop_lut1_I0_O)        0.295     0.380 f  u_div/cnt[7]_i_2/O
                         net (fo=326, routed)         3.524     3.904    u_rx_jb/bit_counter_reg[4]_0
    SLICE_X105Y87        FDCE                                         f  u_rx_jb/left_data_reg[7]/CLR
  -------------------------------------------------------------------    -------------------

                         (clock clk_out1_clk_wiz_audio rise edge)
                                                     81.380    81.380 r  <hidden>
    H16                                               0.000    81.380 r  sysclk
                         net (fo=0)                   0.000    81.380    u_mmcm/inst/clk_in1
    H16                  IBUF (Prop_ibuf_I_O)         1.380    82.760 r  u_mmcm/inst/clkin1_ibufg/O
                         net (fo=1, routed)           1.162    83.922    u_mmcm/inst/clk_in1_clk_wiz_audio
    MMCME2_ADV_X1Y2      MMCME2_ADV (Prop_mmcme2_adv_CLKIN1_CLKOUT0)
                                                     -7.814    76.108 r  u_mmcm/inst/mmcm_adv_inst/CLKOUT0
                         net (fo=1, routed)           2.012    78.120    u_mmcm/inst/clk_out1_clk_wiz_audio
    BUFGCTRL_X0Y16       BUFG (Prop_bufg_I_O)         0.091    78.211 r  u_mmcm/inst/clkout1_buf/O
                         net (fo=332, routed)         1.605    79.816    u_rx_jb/clk_out1
    SLICE_X105Y87        FDCE                                         r  u_rx_jb/left_data_reg[7]/C
                         clock pessimism              0.567    80.383    <hidden>
                         clock uncertainty           -0.240    80.143    <hidden>
    SLICE_X105Y87        FDCE (Recov_fdce_C_CLR)     -0.405    79.738    u_rx_jb/left_data_reg[7]
  -------------------------------------------------------------------
                         required time                         79.738    <hidden>
                         arrival time                          -3.904    <hidden>
  -------------------------------------------------------------------
                         slack                                 75.834    <hidden>

Slack (MET) :             75.834ns  (required time - arrival time)
  Source:                 u_rst_sync/rst_sync_reg/C
                            (rising edge-triggered cell FDCE clocked by clk_out1_clk_wiz_audio_1  {rise@0.000ns fall@40.690ns period=81.380ns})
  Destination:            u_rx_jb/left_data_reg[8]/CLR
                            (recovery check against rising-edge clock clk_out1_clk_wiz_audio  {rise@0.000ns fall@40.690ns period=81.380ns})
  Path Group:             **async_default**
  Path Type:              Recovery (Max at Slow Process Corner)
  Requirement:            81.380ns  (clk_out1_clk_wiz_audio rise@81.380ns - clk_out1_clk_wiz_audio_1 rise@0.000ns)
  Data Path Delay:        4.764ns  (logic 0.773ns (16.225%)  route 3.991ns (83.775%))
  Logic Levels:           1  (LUT1=1)
  Clock Path Skew:        -0.137ns (DCD - SCD + CPR)
    Destination Clock Delay (DCD):    -1.564ns = ( 79.816 - 81.380 ) 
    Source Clock Delay      (SCD):    -0.860ns
    Clock Pessimism Removal (CPR):    0.567ns
  Clock Uncertainty:      0.240ns  ((TSJ^2 + DJ^2)^1/2) / 2 + PE
    Total System Jitter     (TSJ):    0.071ns
    Discrete Jitter          (DJ):    0.474ns
    Phase Error              (PE):    0.000ns
  Clock Domain Crossing:  Inter clock paths are considered valid unless explicitly excluded by timing constraints such as set_clock_groups or set_false_path.

    Location             Delay type                Incr(ns)  Path(ns)    Netlist Resource(s)
  -------------------------------------------------------------------    -------------------
                         (clock clk_out1_clk_wiz_audio_1 rise edge)
                                                      0.000     0.000 r  <hidden>
    H16                                               0.000     0.000 r  sysclk
                         net (fo=0)                   0.000     0.000    u_mmcm/inst/clk_in1
    H16                  IBUF (Prop_ibuf_I_O)         1.451     1.451 r  u_mmcm/inst/clkin1_ibufg/O
                         net (fo=1, routed)           1.285     2.736    u_mmcm/inst/clk_in1_clk_wiz_audio
    MMCME2_ADV_X1Y2      MMCME2_ADV (Prop_mmcme2_adv_CLKIN1_CLKOUT0)
                                                     -7.759    -5.023 r  u_mmcm/inst/mmcm_adv_inst/CLKOUT0
                         net (fo=1, routed)           2.206    -2.817    u_mmcm/inst/clk_out1_clk_wiz_audio
    BUFGCTRL_X0Y16       BUFG (Prop_bufg_I_O)         0.101    -2.716 r  u_mmcm/inst/clkout1_buf/O
                         net (fo=332, routed)         1.856    -0.860    u_rst_sync/clk_out1
    SLICE_X112Y82        FDCE                                         r  u_rst_sync/rst_sync_reg/C
  -------------------------------------------------------------------    -------------------
    SLICE_X112Y82        FDCE (Prop_fdce_C_Q)         0.478    -0.382 r  u_rst_sync/rst_sync_reg/Q
                         net (fo=1, routed)           0.467     0.085    u_div/cnt_reg[0]_0
    SLICE_X112Y82        LUT1 (Prop_lut1_I0_O)        0.295     0.380 f  u_div/cnt[7]_i_2/O
                         net (fo=326, routed)         3.524     3.904    u_rx_jb/bit_counter_reg[4]_0
    SLICE_X105Y87        FDCE                                         f  u_rx_jb/left_data_reg[8]/CLR
  -------------------------------------------------------------------    -------------------

                         (clock clk_out1_clk_wiz_audio rise edge)
                                                     81.380    81.380 r  <hidden>
    H16                                               0.000    81.380 r  sysclk
                         net (fo=0)                   0.000    81.380    u_mmcm/inst/clk_in1
    H16                  IBUF (Prop_ibuf_I_O)         1.380    82.760 r  u_mmcm/inst/clkin1_ibufg/O
                         net (fo=1, routed)           1.162    83.922    u_mmcm/inst/clk_in1_clk_wiz_audio
    MMCME2_ADV_X1Y2      MMCME2_ADV (Prop_mmcme2_adv_CLKIN1_CLKOUT0)
                                                     -7.814    76.108 r  u_mmcm/inst/mmcm_adv_inst/CLKOUT0
                         net (fo=1, routed)           2.012    78.120    u_mmcm/inst/clk_out1_clk_wiz_audio
    BUFGCTRL_X0Y16       BUFG (Prop_bufg_I_O)         0.091    78.211 r  u_mmcm/inst/clkout1_buf/O
                         net (fo=332, routed)         1.605    79.816    u_rx_jb/clk_out1
    SLICE_X105Y87        FDCE                                         r  u_rx_jb/left_data_reg[8]/C
                         clock pessimism              0.567    80.383    <hidden>
                         clock uncertainty           -0.240    80.143    <hidden>
    SLICE_X105Y87        FDCE (Recov_fdce_C_CLR)     -0.405    79.738    u_rx_jb/left_data_reg[8]
  -------------------------------------------------------------------
                         required time                         79.738    <hidden>
                         arrival time                          -3.904    <hidden>
  -------------------------------------------------------------------
                         slack                                 75.834    <hidden>

Slack (MET) :             75.878ns  (required time - arrival time)
  Source:                 u_rst_sync/rst_sync_reg/C
                            (rising edge-triggered cell FDCE clocked by clk_out1_clk_wiz_audio_1  {rise@0.000ns fall@40.690ns period=81.380ns})
  Destination:            u_matrix/out_reg_reg[2][4]/CLR
                            (recovery check against rising-edge clock clk_out1_clk_wiz_audio  {rise@0.000ns fall@40.690ns period=81.380ns})
  Path Group:             **async_default**
  Path Type:              Recovery (Max at Slow Process Corner)
  Requirement:            81.380ns  (clk_out1_clk_wiz_audio rise@81.380ns - clk_out1_clk_wiz_audio_1 rise@0.000ns)
  Data Path Delay:        4.764ns  (logic 0.773ns (16.225%)  route 3.991ns (83.775%))
  Logic Levels:           1  (LUT1=1)
  Clock Path Skew:        -0.137ns (DCD - SCD + CPR)
    Destination Clock Delay (DCD):    -1.564ns = ( 79.816 - 81.380 ) 
    Source Clock Delay      (SCD):    -0.860ns
    Clock Pessimism Removal (CPR):    0.567ns
  Clock Uncertainty:      0.240ns  ((TSJ^2 + DJ^2)^1/2) / 2 + PE
    Total System Jitter     (TSJ):    0.071ns
    Discrete Jitter          (DJ):    0.474ns
    Phase Error              (PE):    0.000ns
  Clock Domain Crossing:  Inter clock paths are considered valid unless explicitly excluded by timing constraints such as set_clock_groups or set_false_path.

    Location             Delay type                Incr(ns)  Path(ns)    Netlist Resource(s)
  -------------------------------------------------------------------    -------------------
                         (clock clk_out1_clk_wiz_audio_1 rise edge)
                                                      0.000     0.000 r  <hidden>
    H16                                               0.000     0.000 r  sysclk
                         net (fo=0)                   0.000     0.000    u_mmcm/inst/clk_in1
    H16                  IBUF (Prop_ibuf_I_O)         1.451     1.451 r  u_mmcm/inst/clkin1_ibufg/O
                         net (fo=1, routed)           1.285     2.736    u_mmcm/inst/clk_in1_clk_wiz_audio
    MMCME2_ADV_X1Y2      MMCME2_ADV (Prop_mmcme2_adv_CLKIN1_CLKOUT0)
                                                     -7.759    -5.023 r  u_mmcm/inst/mmcm_adv_inst/CLKOUT0
                         net (fo=1, routed)           2.206    -2.817    u_mmcm/inst/clk_out1_clk_wiz_audio
    BUFGCTRL_X0Y16       BUFG (Prop_bufg_I_O)         0.101    -2.716 r  u_mmcm/inst/clkout1_buf/O
                         net (fo=332, routed)         1.856    -0.860    u_rst_sync/clk_out1
    SLICE_X112Y82        FDCE                                         r  u_rst_sync/rst_sync_reg/C
  -------------------------------------------------------------------    -------------------
    SLICE_X112Y82        FDCE (Prop_fdce_C_Q)         0.478    -0.382 r  u_rst_sync/rst_sync_reg/Q
                         net (fo=1, routed)           0.467     0.085    u_div/cnt_reg[0]_0
    SLICE_X112Y82        LUT1 (Prop_lut1_I0_O)        0.295     0.380 f  u_div/cnt[7]_i_2/O
                         net (fo=326, routed)         3.524     3.904    u_matrix/out_reg_reg[1][23]_1
    SLICE_X104Y87        FDCE                                         f  u_matrix/out_reg_reg[2][4]/CLR
  -------------------------------------------------------------------    -------------------

                         (clock clk_out1_clk_wiz_audio rise edge)
                                                     81.380    81.380 r  <hidden>
    H16                                               0.000    81.380 r  sysclk
                         net (fo=0)                   0.000    81.380    u_mmcm/inst/clk_in1
    H16                  IBUF (Prop_ibuf_I_O)         1.380    82.760 r  u_mmcm/inst/clkin1_ibufg/O
                         net (fo=1, routed)           1.162    83.922    u_mmcm/inst/clk_in1_clk_wiz_audio
    MMCME2_ADV_X1Y2      MMCME2_ADV (Prop_mmcme2_adv_CLKIN1_CLKOUT0)
                                                     -7.814    76.108 r  u_mmcm/inst/mmcm_adv_inst/CLKOUT0
                         net (fo=1, routed)           2.012    78.120    u_mmcm/inst/clk_out1_clk_wiz_audio
    BUFGCTRL_X0Y16       BUFG (Prop_bufg_I_O)         0.091    78.211 r  u_mmcm/inst/clkout1_buf/O
                         net (fo=332, routed)         1.605    79.816    u_matrix/clk_out1
    SLICE_X104Y87        FDCE                                         r  u_matrix/out_reg_reg[2][4]/C
                         clock pessimism              0.567    80.383    <hidden>
                         clock uncertainty           -0.240    80.143    <hidden>
    SLICE_X104Y87        FDCE (Recov_fdce_C_CLR)     -0.361    79.782    u_matrix/out_reg_reg[2][4]
  -------------------------------------------------------------------
                         required time                         79.782    <hidden>
                         arrival time                          -3.904    <hidden>
  -------------------------------------------------------------------
                         slack                                 75.878    <hidden>

Slack (MET) :             75.878ns  (required time - arrival time)
  Source:                 u_rst_sync/rst_sync_reg/C
                            (rising edge-triggered cell FDCE clocked by clk_out1_clk_wiz_audio_1  {rise@0.000ns fall@40.690ns period=81.380ns})
  Destination:            u_matrix/out_reg_reg[2][8]/CLR
                            (recovery check against rising-edge clock clk_out1_clk_wiz_audio  {rise@0.000ns fall@40.690ns period=81.380ns})
  Path Group:             **async_default**
  Path Type:              Recovery (Max at Slow Process Corner)
  Requirement:            81.380ns  (clk_out1_clk_wiz_audio rise@81.380ns - clk_out1_clk_wiz_audio_1 rise@0.000ns)
  Data Path Delay:        4.764ns  (logic 0.773ns (16.225%)  route 3.991ns (83.775%))
  Logic Levels:           1  (LUT1=1)
  Clock Path Skew:        -0.137ns (DCD - SCD + CPR)
    Destination Clock Delay (DCD):    -1.564ns = ( 79.816 - 81.380 ) 
    Source Clock Delay      (SCD):    -0.860ns
    Clock Pessimism Removal (CPR):    0.567ns
  Clock Uncertainty:      0.240ns  ((TSJ^2 + DJ^2)^1/2) / 2 + PE
    Total System Jitter     (TSJ):    0.071ns
    Discrete Jitter          (DJ):    0.474ns
    Phase Error              (PE):    0.000ns
  Clock Domain Crossing:  Inter clock paths are considered valid unless explicitly excluded by timing constraints such as set_clock_groups or set_false_path.

    Location             Delay type                Incr(ns)  Path(ns)    Netlist Resource(s)
  -------------------------------------------------------------------    -------------------
                         (clock clk_out1_clk_wiz_audio_1 rise edge)
                                                      0.000     0.000 r  <hidden>
    H16                                               0.000     0.000 r  sysclk
                         net (fo=0)                   0.000     0.000    u_mmcm/inst/clk_in1
    H16                  IBUF (Prop_ibuf_I_O)         1.451     1.451 r  u_mmcm/inst/clkin1_ibufg/O
                         net (fo=1, routed)           1.285     2.736    u_mmcm/inst/clk_in1_clk_wiz_audio
    MMCME2_ADV_X1Y2      MMCME2_ADV (Prop_mmcme2_adv_CLKIN1_CLKOUT0)
                                                     -7.759    -5.023 r  u_mmcm/inst/mmcm_adv_inst/CLKOUT0
                         net (fo=1, routed)           2.206    -2.817    u_mmcm/inst/clk_out1_clk_wiz_audio
    BUFGCTRL_X0Y16       BUFG (Prop_bufg_I_O)         0.101    -2.716 r  u_mmcm/inst/clkout1_buf/O
                         net (fo=332, routed)         1.856    -0.860    u_rst_sync/clk_out1
    SLICE_X112Y82        FDCE                                         r  u_rst_sync/rst_sync_reg/C
  -------------------------------------------------------------------    -------------------
    SLICE_X112Y82        FDCE (Prop_fdce_C_Q)         0.478    -0.382 r  u_rst_sync/rst_sync_reg/Q
                         net (fo=1, routed)           0.467     0.085    u_div/cnt_reg[0]_0
    SLICE_X112Y82        LUT1 (Prop_lut1_I0_O)        0.295     0.380 f  u_div/cnt[7]_i_2/O
                         net (fo=326, routed)         3.524     3.904    u_matrix/out_reg_reg[1][23]_1
    SLICE_X104Y87        FDCE                                         f  u_matrix/out_reg_reg[2][8]/CLR
  -------------------------------------------------------------------    -------------------

                         (clock clk_out1_clk_wiz_audio rise edge)
                                                     81.380    81.380 r  <hidden>
    H16                                               0.000    81.380 r  sysclk
                         net (fo=0)                   0.000    81.380    u_mmcm/inst/clk_in1
    H16                  IBUF (Prop_ibuf_I_O)         1.380    82.760 r  u_mmcm/inst/clkin1_ibufg/O
                         net (fo=1, routed)           1.162    83.922    u_mmcm/inst/clk_in1_clk_wiz_audio
    MMCME2_ADV_X1Y2      MMCME2_ADV (Prop_mmcme2_adv_CLKIN1_CLKOUT0)
                                                     -7.814    76.108 r  u_mmcm/inst/mmcm_adv_inst/CLKOUT0
                         net (fo=1, routed)           2.012    78.120    u_mmcm/inst/clk_out1_clk_wiz_audio
    BUFGCTRL_X0Y16       BUFG (Prop_bufg_I_O)         0.091    78.211 r  u_mmcm/inst/clkout1_buf/O
                         net (fo=332, routed)         1.605    79.816    u_matrix/clk_out1
    SLICE_X104Y87        FDCE                                         r  u_matrix/out_reg_reg[2][8]/C
                         clock pessimism              0.567    80.383    <hidden>
                         clock uncertainty           -0.240    80.143    <hidden>
    SLICE_X104Y87        FDCE (Recov_fdce_C_CLR)     -0.361    79.782    u_matrix/out_reg_reg[2][8]
  -------------------------------------------------------------------
                         required time                         79.782    <hidden>
                         arrival time                          -3.904    <hidden>
  -------------------------------------------------------------------
                         slack                                 75.878    <hidden>

Slack (MET) :             75.878ns  (required time - arrival time)
  Source:                 u_rst_sync/rst_sync_reg/C
                            (rising edge-triggered cell FDCE clocked by clk_out1_clk_wiz_audio_1  {rise@0.000ns fall@40.690ns period=81.380ns})
  Destination:            u_matrix/out_reg_reg[3][4]/CLR
                            (recovery check against rising-edge clock clk_out1_clk_wiz_audio  {rise@0.000ns fall@40.690ns period=81.380ns})
  Path Group:             **async_default**
  Path Type:              Recovery (Max at Slow Process Corner)
  Requirement:            81.380ns  (clk_out1_clk_wiz_audio rise@81.380ns - clk_out1_clk_wiz_audio_1 rise@0.000ns)
  Data Path Delay:        4.764ns  (logic 0.773ns (16.225%)  route 3.991ns (83.775%))
  Logic Levels:           1  (LUT1=1)
  Clock Path Skew:        -0.137ns (DCD - SCD + CPR)
    Destination Clock Delay (DCD):    -1.564ns = ( 79.816 - 81.380 ) 
    Source Clock Delay      (SCD):    -0.860ns
    Clock Pessimism Removal (CPR):    0.567ns
  Clock Uncertainty:      0.240ns  ((TSJ^2 + DJ^2)^1/2) / 2 + PE
    Total System Jitter     (TSJ):    0.071ns
    Discrete Jitter          (DJ):    0.474ns
    Phase Error              (PE):    0.000ns
  Clock Domain Crossing:  Inter clock paths are considered valid unless explicitly excluded by timing constraints such as set_clock_groups or set_false_path.

    Location             Delay type                Incr(ns)  Path(ns)    Netlist Resource(s)
  -------------------------------------------------------------------    -------------------
                         (clock clk_out1_clk_wiz_audio_1 rise edge)
                                                      0.000     0.000 r  <hidden>
    H16                                               0.000     0.000 r  sysclk
                         net (fo=0)                   0.000     0.000    u_mmcm/inst/clk_in1
    H16                  IBUF (Prop_ibuf_I_O)         1.451     1.451 r  u_mmcm/inst/clkin1_ibufg/O
                         net (fo=1, routed)           1.285     2.736    u_mmcm/inst/clk_in1_clk_wiz_audio
    MMCME2_ADV_X1Y2      MMCME2_ADV (Prop_mmcme2_adv_CLKIN1_CLKOUT0)
                                                     -7.759    -5.023 r  u_mmcm/inst/mmcm_adv_inst/CLKOUT0
                         net (fo=1, routed)           2.206    -2.817    u_mmcm/inst/clk_out1_clk_wiz_audio
    BUFGCTRL_X0Y16       BUFG (Prop_bufg_I_O)         0.101    -2.716 r  u_mmcm/inst/clkout1_buf/O
                         net (fo=332, routed)         1.856    -0.860    u_rst_sync/clk_out1
    SLICE_X112Y82        FDCE                                         r  u_rst_sync/rst_sync_reg/C
  -------------------------------------------------------------------    -------------------
    SLICE_X112Y82        FDCE (Prop_fdce_C_Q)         0.478    -0.382 r  u_rst_sync/rst_sync_reg/Q
                         net (fo=1, routed)           0.467     0.085    u_div/cnt_reg[0]_0
    SLICE_X112Y82        LUT1 (Prop_lut1_I0_O)        0.295     0.380 f  u_div/cnt[7]_i_2/O
                         net (fo=326, routed)         3.524     3.904    u_matrix/out_reg_reg[1][23]_1
    SLICE_X104Y87        FDCE                                         f  u_matrix/out_reg_reg[3][4]/CLR
  -------------------------------------------------------------------    -------------------

                         (clock clk_out1_clk_wiz_audio rise edge)
                                                     81.380    81.380 r  <hidden>
    H16                                               0.000    81.380 r  sysclk
                         net (fo=0)                   0.000    81.380    u_mmcm/inst/clk_in1
    H16                  IBUF (Prop_ibuf_I_O)         1.380    82.760 r  u_mmcm/inst/clkin1_ibufg/O
                         net (fo=1, routed)           1.162    83.922    u_mmcm/inst/clk_in1_clk_wiz_audio
    MMCME2_ADV_X1Y2      MMCME2_ADV (Prop_mmcme2_adv_CLKIN1_CLKOUT0)
                                                     -7.814    76.108 r  u_mmcm/inst/mmcm_adv_inst/CLKOUT0
                         net (fo=1, routed)           2.012    78.120    u_mmcm/inst/clk_out1_clk_wiz_audio
    BUFGCTRL_X0Y16       BUFG (Prop_bufg_I_O)         0.091    78.211 r  u_mmcm/inst/clkout1_buf/O
                         net (fo=332, routed)         1.605    79.816    u_matrix/clk_out1
    SLICE_X104Y87        FDCE                                         r  u_matrix/out_reg_reg[3][4]/C
                         clock pessimism              0.567    80.383    <hidden>
                         clock uncertainty           -0.240    80.143    <hidden>
    SLICE_X104Y87        FDCE (Recov_fdce_C_CLR)     -0.361    79.782    u_matrix/out_reg_reg[3][4]
  -------------------------------------------------------------------
                         required time                         79.782    <hidden>
                         arrival time                          -3.904    <hidden>
  -------------------------------------------------------------------
                         slack                                 75.878    <hidden>

Slack (MET) :             75.920ns  (required time - arrival time)
  Source:                 u_rst_sync/rst_sync_reg/C
                            (rising edge-triggered cell FDCE clocked by clk_out1_clk_wiz_audio_1  {rise@0.000ns fall@40.690ns period=81.380ns})
  Destination:            u_matrix/out_reg_reg[2][3]/CLR
                            (recovery check against rising-edge clock clk_out1_clk_wiz_audio  {rise@0.000ns fall@40.690ns period=81.380ns})
  Path Group:             **async_default**
  Path Type:              Recovery (Max at Slow Process Corner)
  Requirement:            81.380ns  (clk_out1_clk_wiz_audio rise@81.380ns - clk_out1_clk_wiz_audio_1 rise@0.000ns)
  Data Path Delay:        4.764ns  (logic 0.773ns (16.225%)  route 3.991ns (83.775%))
  Logic Levels:           1  (LUT1=1)
  Clock Path Skew:        -0.137ns (DCD - SCD + CPR)
    Destination Clock Delay (DCD):    -1.564ns = ( 79.816 - 81.380 ) 
    Source Clock Delay      (SCD):    -0.860ns
    Clock Pessimism Removal (CPR):    0.567ns
  Clock Uncertainty:      0.240ns  ((TSJ^2 + DJ^2)^1/2) / 2 + PE
    Total System Jitter     (TSJ):    0.071ns
    Discrete Jitter          (DJ):    0.474ns
    Phase Error              (PE):    0.000ns
  Clock Domain Crossing:  Inter clock paths are considered valid unless explicitly excluded by timing constraints such as set_clock_groups or set_false_path.

    Location             Delay type                Incr(ns)  Path(ns)    Netlist Resource(s)
  -------------------------------------------------------------------    -------------------
                         (clock clk_out1_clk_wiz_audio_1 rise edge)
                                                      0.000     0.000 r  <hidden>
    H16                                               0.000     0.000 r  sysclk
                         net (fo=0)                   0.000     0.000    u_mmcm/inst/clk_in1
    H16                  IBUF (Prop_ibuf_I_O)         1.451     1.451 r  u_mmcm/inst/clkin1_ibufg/O
                         net (fo=1, routed)           1.285     2.736    u_mmcm/inst/clk_in1_clk_wiz_audio
    MMCME2_ADV_X1Y2      MMCME2_ADV (Prop_mmcme2_adv_CLKIN1_CLKOUT0)
                                                     -7.759    -5.023 r  u_mmcm/inst/mmcm_adv_inst/CLKOUT0
                         net (fo=1, routed)           2.206    -2.817    u_mmcm/inst/clk_out1_clk_wiz_audio
    BUFGCTRL_X0Y16       BUFG (Prop_bufg_I_O)         0.101    -2.716 r  u_mmcm/inst/clkout1_buf/O
                         net (fo=332, routed)         1.856    -0.860    u_rst_sync/clk_out1
    SLICE_X112Y82        FDCE                                         r  u_rst_sync/rst_sync_reg/C
  -------------------------------------------------------------------    -------------------
    SLICE_X112Y82        FDCE (Prop_fdce_C_Q)         0.478    -0.382 r  u_rst_sync/rst_sync_reg/Q
                         net (fo=1, routed)           0.467     0.085    u_div/cnt_reg[0]_0
    SLICE_X112Y82        LUT1 (Prop_lut1_I0_O)        0.295     0.380 f  u_div/cnt[7]_i_2/O
                         net (fo=326, routed)         3.524     3.904    u_matrix/out_reg_reg[1][23]_1
    SLICE_X104Y87        FDCE                                         f  u_matrix/out_reg_reg[2][3]/CLR
  -------------------------------------------------------------------    -------------------

                         (clock clk_out1_clk_wiz_audio rise edge)
                                                     81.380    81.380 r  <hidden>
    H16                                               0.000    81.380 r  sysclk
                         net (fo=0)                   0.000    81.380    u_mmcm/inst/clk_in1
    H16                  IBUF (Prop_ibuf_I_O)         1.380    82.760 r  u_mmcm/inst/clkin1_ibufg/O
                         net (fo=1, routed)           1.162    83.922    u_mmcm/inst/clk_in1_clk_wiz_audio
    MMCME2_ADV_X1Y2      MMCME2_ADV (Prop_mmcme2_adv_CLKIN1_CLKOUT0)
                                                     -7.814    76.108 r  u_mmcm/inst/mmcm_adv_inst/CLKOUT0
                         net (fo=1, routed)           2.012    78.120    u_mmcm/inst/clk_out1_clk_wiz_audio
    BUFGCTRL_X0Y16       BUFG (Prop_bufg_I_O)         0.091    78.211 r  u_mmcm/inst/clkout1_buf/O
                         net (fo=332, routed)         1.605    79.816    u_matrix/clk_out1
    SLICE_X104Y87        FDCE                                         r  u_matrix/out_reg_reg[2][3]/C
                         clock pessimism              0.567    80.383    <hidden>
                         clock uncertainty           -0.240    80.143    <hidden>
    SLICE_X104Y87        FDCE (Recov_fdce_C_CLR)     -0.319    79.824    u_matrix/out_reg_reg[2][3]
  -------------------------------------------------------------------
                         required time                         79.824    <hidden>
                         arrival time                          -3.904    <hidden>
  -------------------------------------------------------------------
                         slack                                 75.920    <hidden>





Min Delay Paths
--------------------------------------------------------------------------------------
Slack (MET) :             0.405ns  (arrival time - required time)
  Source:                 u_rst_sync/rst_sync_reg/C
                            (rising edge-triggered cell FDCE clocked by clk_out1_clk_wiz_audio_1  {rise@0.000ns fall@40.690ns period=81.380ns})
  Destination:            u_div/cnt_reg[0]/CLR
                            (removal check against rising-edge clock clk_out1_clk_wiz_audio  {rise@0.000ns fall@40.690ns period=81.380ns})
  Path Group:             **async_default**
  Path Type:              Removal (Min at Fast Process Corner)
  Requirement:            0.000ns  (clk_out1_clk_wiz_audio rise@0.000ns - clk_out1_clk_wiz_audio_1 rise@0.000ns)
  Data Path Delay:        0.589ns  (logic 0.246ns (41.762%)  route 0.343ns (58.238%))
  Logic Levels:           1  (LUT1=1)
  Clock Path Skew:        0.012ns (DCD - SCD - CPR)
    Destination Clock Delay (DCD):    -0.842ns
    Source Clock Delay      (SCD):    -0.601ns
    Clock Pessimism Removal (CPR):    -0.252ns
  Clock Uncertainty:      0.240ns  ((TSJ^2 + DJ^2)^1/2) / 2 + PE
    Total System Jitter     (TSJ):    0.071ns
    Discrete Jitter          (DJ):    0.474ns
    Phase Error              (PE):    0.000ns
  Clock Domain Crossing:  Inter clock paths are considered valid unless explicitly excluded by timing constraints such as set_clock_groups or set_false_path.

    Location             Delay type                Incr(ns)  Path(ns)    Netlist Resource(s)
  -------------------------------------------------------------------    -------------------
                         (clock clk_out1_clk_wiz_audio_1 rise edge)
                                                      0.000     0.000 r  <hidden>
    H16                                               0.000     0.000 r  sysclk
                         net (fo=0)                   0.000     0.000    u_mmcm/inst/clk_in1
    H16                  IBUF (Prop_ibuf_I_O)         0.219     0.219 r  u_mmcm/inst/clkin1_ibufg/O
                         net (fo=1, routed)           0.440     0.659    u_mmcm/inst/clk_in1_clk_wiz_audio
    MMCME2_ADV_X1Y2      MMCME2_ADV (Prop_mmcme2_adv_CLKIN1_CLKOUT0)
                                                     -2.613    -1.954 r  u_mmcm/inst/mmcm_adv_inst/CLKOUT0
                         net (fo=1, routed)           0.696    -1.257    u_mmcm/inst/clk_out1_clk_wiz_audio
    BUFGCTRL_X0Y16       BUFG (Prop_bufg_I_O)         0.026    -1.231 r  u_mmcm/inst/clkout1_buf/O
                         net (fo=332, routed)         0.630    -0.601    u_rst_sync/clk_out1
    SLICE_X112Y82        FDCE                                         r  u_rst_sync/rst_sync_reg/C
  -------------------------------------------------------------------    -------------------
    SLICE_X112Y82        FDCE (Prop_fdce_C_Q)         0.148    -0.453 r  u_rst_sync/rst_sync_reg/Q
                         net (fo=1, routed)           0.150    -0.303    u_div/cnt_reg[0]_0
    SLICE_X112Y82        LUT1 (Prop_lut1_I0_O)        0.098    -0.205 f  u_div/cnt[7]_i_2/O
                         net (fo=326, routed)         0.193    -0.012    u_div/rst_sync_reg
    SLICE_X112Y80        FDCE                                         f  u_div/cnt_reg[0]/CLR
  -------------------------------------------------------------------    -------------------

                         (clock clk_out1_clk_wiz_audio rise edge)
                                                      0.000     0.000 r  <hidden>
    H16                                               0.000     0.000 r  sysclk
                         net (fo=0)                   0.000     0.000    u_mmcm/inst/clk_in1
    H16                  IBUF (Prop_ibuf_I_O)         0.406     0.406 r  u_mmcm/inst/clkin1_ibufg/O
                         net (fo=1, routed)           0.480     0.886    u_mmcm/inst/clk_in1_clk_wiz_audio
    MMCME2_ADV_X1Y2      MMCME2_ADV (Prop_mmcme2_adv_CLKIN1_CLKOUT0)
                                                     -3.407    -2.521 r  u_mmcm/inst/mmcm_adv_inst/CLKOUT0
                         net (fo=1, routed)           0.752    -1.769    u_mmcm/inst/clk_out1_clk_wiz_audio
    BUFGCTRL_X0Y16       BUFG (Prop_bufg_I_O)         0.029    -1.740 r  u_mmcm/inst/clkout1_buf/O
                         net (fo=332, routed)         0.898    -0.842    u_div/clk_out1
    SLICE_X112Y80        FDCE                                         r  u_div/cnt_reg[0]/C
                         clock pessimism              0.252    -0.589    <hidden>
                         clock uncertainty            0.240    -0.350    <hidden>
    SLICE_X112Y80        FDCE (Remov_fdce_C_CLR)     -0.067    -0.417    u_div/cnt_reg[0]
  -------------------------------------------------------------------
                         required time                          0.417    <hidden>
                         arrival time                          -0.012    <hidden>
  -------------------------------------------------------------------
                         slack                                  0.405    <hidden>

Slack (MET) :             0.405ns  (arrival time - required time)
  Source:                 u_rst_sync/rst_sync_reg/C
                            (rising edge-triggered cell FDCE clocked by clk_out1_clk_wiz_audio_1  {rise@0.000ns fall@40.690ns period=81.380ns})
  Destination:            u_div/cnt_reg[1]/CLR
                            (removal check against rising-edge clock clk_out1_clk_wiz_audio  {rise@0.000ns fall@40.690ns period=81.380ns})
  Path Group:             **async_default**
  Path Type:              Removal (Min at Fast Process Corner)
  Requirement:            0.000ns  (clk_out1_clk_wiz_audio rise@0.000ns - clk_out1_clk_wiz_audio_1 rise@0.000ns)
  Data Path Delay:        0.589ns  (logic 0.246ns (41.762%)  route 0.343ns (58.238%))
  Logic Levels:           1  (LUT1=1)
  Clock Path Skew:        0.012ns (DCD - SCD - CPR)
    Destination Clock Delay (DCD):    -0.842ns
    Source Clock Delay      (SCD):    -0.601ns
    Clock Pessimism Removal (CPR):    -0.252ns
  Clock Uncertainty:      0.240ns  ((TSJ^2 + DJ^2)^1/2) / 2 + PE
    Total System Jitter     (TSJ):    0.071ns
    Discrete Jitter          (DJ):    0.474ns
    Phase Error              (PE):    0.000ns
  Clock Domain Crossing:  Inter clock paths are considered valid unless explicitly excluded by timing constraints such as set_clock_groups or set_false_path.

    Location             Delay type                Incr(ns)  Path(ns)    Netlist Resource(s)
  -------------------------------------------------------------------    -------------------
                         (clock clk_out1_clk_wiz_audio_1 rise edge)
                                                      0.000     0.000 r  <hidden>
    H16                                               0.000     0.000 r  sysclk
                         net (fo=0)                   0.000     0.000    u_mmcm/inst/clk_in1
    H16                  IBUF (Prop_ibuf_I_O)         0.219     0.219 r  u_mmcm/inst/clkin1_ibufg/O
                         net (fo=1, routed)           0.440     0.659    u_mmcm/inst/clk_in1_clk_wiz_audio
    MMCME2_ADV_X1Y2      MMCME2_ADV (Prop_mmcme2_adv_CLKIN1_CLKOUT0)
                                                     -2.613    -1.954 r  u_mmcm/inst/mmcm_adv_inst/CLKOUT0
                         net (fo=1, routed)           0.696    -1.257    u_mmcm/inst/clk_out1_clk_wiz_audio
    BUFGCTRL_X0Y16       BUFG (Prop_bufg_I_O)         0.026    -1.231 r  u_mmcm/inst/clkout1_buf/O
                         net (fo=332, routed)         0.630    -0.601    u_rst_sync/clk_out1
    SLICE_X112Y82        FDCE                                         r  u_rst_sync/rst_sync_reg/C
  -------------------------------------------------------------------    -------------------
    SLICE_X112Y82        FDCE (Prop_fdce_C_Q)         0.148    -0.453 r  u_rst_sync/rst_sync_reg/Q
                         net (fo=1, routed)           0.150    -0.303    u_div/cnt_reg[0]_0
    SLICE_X112Y82        LUT1 (Prop_lut1_I0_O)        0.098    -0.205 f  u_div/cnt[7]_i_2/O
                         net (fo=326, routed)         0.193    -0.012    u_div/rst_sync_reg
    SLICE_X112Y80        FDCE                                         f  u_div/cnt_reg[1]/CLR
  -------------------------------------------------------------------    -------------------

                         (clock clk_out1_clk_wiz_audio rise edge)
                                                      0.000     0.000 r  <hidden>
    H16                                               0.000     0.000 r  sysclk
                         net (fo=0)                   0.000     0.000    u_mmcm/inst/clk_in1
    H16                  IBUF (Prop_ibuf_I_O)         0.406     0.406 r  u_mmcm/inst/clkin1_ibufg/O
                         net (fo=1, routed)           0.480     0.886    u_mmcm/inst/clk_in1_clk_wiz_audio
    MMCME2_ADV_X1Y2      MMCME2_ADV (Prop_mmcme2_adv_CLKIN1_CLKOUT0)
                                                     -3.407    -2.521 r  u_mmcm/inst/mmcm_adv_inst/CLKOUT0
                         net (fo=1, routed)           0.752    -1.769    u_mmcm/inst/clk_out1_clk_wiz_audio
    BUFGCTRL_X0Y16       BUFG (Prop_bufg_I_O)         0.029    -1.740 r  u_mmcm/inst/clkout1_buf/O
                         net (fo=332, routed)         0.898    -0.842    u_div/clk_out1
    SLICE_X112Y80        FDCE                                         r  u_div/cnt_reg[1]/C
                         clock pessimism              0.252    -0.589    <hidden>
                         clock uncertainty            0.240    -0.350    <hidden>
    SLICE_X112Y80        FDCE (Remov_fdce_C_CLR)     -0.067    -0.417    u_div/cnt_reg[1]
  -------------------------------------------------------------------
                         required time                          0.417    <hidden>
                         arrival time                          -0.012    <hidden>
  -------------------------------------------------------------------
                         slack                                  0.405    <hidden>

Slack (MET) :             0.405ns  (arrival time - required time)
  Source:                 u_rst_sync/rst_sync_reg/C
                            (rising edge-triggered cell FDCE clocked by clk_out1_clk_wiz_audio_1  {rise@0.000ns fall@40.690ns period=81.380ns})
  Destination:            u_div/cnt_reg[2]/CLR
                            (removal check against rising-edge clock clk_out1_clk_wiz_audio  {rise@0.000ns fall@40.690ns period=81.380ns})
  Path Group:             **async_default**
  Path Type:              Removal (Min at Fast Process Corner)
  Requirement:            0.000ns  (clk_out1_clk_wiz_audio rise@0.000ns - clk_out1_clk_wiz_audio_1 rise@0.000ns)
  Data Path Delay:        0.589ns  (logic 0.246ns (41.762%)  route 0.343ns (58.238%))
  Logic Levels:           1  (LUT1=1)
  Clock Path Skew:        0.012ns (DCD - SCD - CPR)
    Destination Clock Delay (DCD):    -0.842ns
    Source Clock Delay      (SCD):    -0.601ns
    Clock Pessimism Removal (CPR):    -0.252ns
  Clock Uncertainty:      0.240ns  ((TSJ^2 + DJ^2)^1/2) / 2 + PE
    Total System Jitter     (TSJ):    0.071ns
    Discrete Jitter          (DJ):    0.474ns
    Phase Error              (PE):    0.000ns
  Clock Domain Crossing:  Inter clock paths are considered valid unless explicitly excluded by timing constraints such as set_clock_groups or set_false_path.

    Location             Delay type                Incr(ns)  Path(ns)    Netlist Resource(s)
  -------------------------------------------------------------------    -------------------
                         (clock clk_out1_clk_wiz_audio_1 rise edge)
                                                      0.000     0.000 r  <hidden>
    H16                                               0.000     0.000 r  sysclk
                         net (fo=0)                   0.000     0.000    u_mmcm/inst/clk_in1
    H16                  IBUF (Prop_ibuf_I_O)         0.219     0.219 r  u_mmcm/inst/clkin1_ibufg/O
                         net (fo=1, routed)           0.440     0.659    u_mmcm/inst/clk_in1_clk_wiz_audio
    MMCME2_ADV_X1Y2      MMCME2_ADV (Prop_mmcme2_adv_CLKIN1_CLKOUT0)
                                                     -2.613    -1.954 r  u_mmcm/inst/mmcm_adv_inst/CLKOUT0
                         net (fo=1, routed)           0.696    -1.257    u_mmcm/inst/clk_out1_clk_wiz_audio
    BUFGCTRL_X0Y16       BUFG (Prop_bufg_I_O)         0.026    -1.231 r  u_mmcm/inst/clkout1_buf/O
                         net (fo=332, routed)         0.630    -0.601    u_rst_sync/clk_out1
    SLICE_X112Y82        FDCE                                         r  u_rst_sync/rst_sync_reg/C
  -------------------------------------------------------------------    -------------------
    SLICE_X112Y82        FDCE (Prop_fdce_C_Q)         0.148    -0.453 r  u_rst_sync/rst_sync_reg/Q
                         net (fo=1, routed)           0.150    -0.303    u_div/cnt_reg[0]_0
    SLICE_X112Y82        LUT1 (Prop_lut1_I0_O)        0.098    -0.205 f  u_div/cnt[7]_i_2/O
                         net (fo=326, routed)         0.193    -0.012    u_div/rst_sync_reg
    SLICE_X112Y80        FDCE                                         f  u_div/cnt_reg[2]/CLR
  -------------------------------------------------------------------    -------------------

                         (clock clk_out1_clk_wiz_audio rise edge)
                                                      0.000     0.000 r  <hidden>
    H16                                               0.000     0.000 r  sysclk
                         net (fo=0)                   0.000     0.000    u_mmcm/inst/clk_in1
    H16                  IBUF (Prop_ibuf_I_O)         0.406     0.406 r  u_mmcm/inst/clkin1_ibufg/O
                         net (fo=1, routed)           0.480     0.886    u_mmcm/inst/clk_in1_clk_wiz_audio
    MMCME2_ADV_X1Y2      MMCME2_ADV (Prop_mmcme2_adv_CLKIN1_CLKOUT0)
                                                     -3.407    -2.521 r  u_mmcm/inst/mmcm_adv_inst/CLKOUT0
                         net (fo=1, routed)           0.752    -1.769    u_mmcm/inst/clk_out1_clk_wiz_audio
    BUFGCTRL_X0Y16       BUFG (Prop_bufg_I_O)         0.029    -1.740 r  u_mmcm/inst/clkout1_buf/O
                         net (fo=332, routed)         0.898    -0.842    u_div/clk_out1
    SLICE_X112Y80        FDCE                                         r  u_div/cnt_reg[2]/C
                         clock pessimism              0.252    -0.589    <hidden>
                         clock uncertainty            0.240    -0.350    <hidden>
    SLICE_X112Y80        FDCE (Remov_fdce_C_CLR)     -0.067    -0.417    u_div/cnt_reg[2]
  -------------------------------------------------------------------
                         required time                          0.417    <hidden>
                         arrival time                          -0.012    <hidden>
  -------------------------------------------------------------------
                         slack                                  0.405    <hidden>

Slack (MET) :             0.430ns  (arrival time - required time)
  Source:                 u_rst_sync/rst_sync_reg/C
                            (rising edge-triggered cell FDCE clocked by clk_out1_clk_wiz_audio_1  {rise@0.000ns fall@40.690ns period=81.380ns})
  Destination:            u_div/cnt_reg[3]/CLR
                            (removal check against rising-edge clock clk_out1_clk_wiz_audio  {rise@0.000ns fall@40.690ns period=81.380ns})
  Path Group:             **async_default**
  Path Type:              Removal (Min at Fast Process Corner)
  Requirement:            0.000ns  (clk_out1_clk_wiz_audio rise@0.000ns - clk_out1_clk_wiz_audio_1 rise@0.000ns)
  Data Path Delay:        0.589ns  (logic 0.246ns (41.762%)  route 0.343ns (58.238%))
  Logic Levels:           1  (LUT1=1)
  Clock Path Skew:        0.012ns (DCD - SCD - CPR)
    Destination Clock Delay (DCD):    -0.842ns
    Source Clock Delay      (SCD):    -0.601ns
    Clock Pessimism Removal (CPR):    -0.252ns
  Clock Uncertainty:      0.240ns  ((TSJ^2 + DJ^2)^1/2) / 2 + PE
    Total System Jitter     (TSJ):    0.071ns
    Discrete Jitter          (DJ):    0.474ns
    Phase Error              (PE):    0.000ns
  Clock Domain Crossing:  Inter clock paths are considered valid unless explicitly excluded by timing constraints such as set_clock_groups or set_false_path.

    Location             Delay type                Incr(ns)  Path(ns)    Netlist Resource(s)
  -------------------------------------------------------------------    -------------------
                         (clock clk_out1_clk_wiz_audio_1 rise edge)
                                                      0.000     0.000 r  <hidden>
    H16                                               0.000     0.000 r  sysclk
                         net (fo=0)                   0.000     0.000    u_mmcm/inst/clk_in1
    H16                  IBUF (Prop_ibuf_I_O)         0.219     0.219 r  u_mmcm/inst/clkin1_ibufg/O
                         net (fo=1, routed)           0.440     0.659    u_mmcm/inst/clk_in1_clk_wiz_audio
    MMCME2_ADV_X1Y2      MMCME2_ADV (Prop_mmcme2_adv_CLKIN1_CLKOUT0)
                                                     -2.613    -1.954 r  u_mmcm/inst/mmcm_adv_inst/CLKOUT0
                         net (fo=1, routed)           0.696    -1.257    u_mmcm/inst/clk_out1_clk_wiz_audio
    BUFGCTRL_X0Y16       BUFG (Prop_bufg_I_O)         0.026    -1.231 r  u_mmcm/inst/clkout1_buf/O
                         net (fo=332, routed)         0.630    -0.601    u_rst_sync/clk_out1
    SLICE_X112Y82        FDCE                                         r  u_rst_sync/rst_sync_reg/C
  -------------------------------------------------------------------    -------------------
    SLICE_X112Y82        FDCE (Prop_fdce_C_Q)         0.148    -0.453 r  u_rst_sync/rst_sync_reg/Q
                         net (fo=1, routed)           0.150    -0.303    u_div/cnt_reg[0]_0
    SLICE_X112Y82        LUT1 (Prop_lut1_I0_O)        0.098    -0.205 f  u_div/cnt[7]_i_2/O
                         net (fo=326, routed)         0.193    -0.012    u_div/rst_sync_reg
    SLICE_X113Y80        FDCE                                         f  u_div/cnt_reg[3]/CLR
  -------------------------------------------------------------------    -------------------

                         (clock clk_out1_clk_wiz_audio rise edge)
                                                      0.000     0.000 r  <hidden>
    H16                                               0.000     0.000 r  sysclk
                         net (fo=0)                   0.000     0.000    u_mmcm/inst/clk_in1
    H16                  IBUF (Prop_ibuf_I_O)         0.406     0.406 r  u_mmcm/inst/clkin1_ibufg/O
                         net (fo=1, routed)           0.480     0.886    u_mmcm/inst/clk_in1_clk_wiz_audio
    MMCME2_ADV_X1Y2      MMCME2_ADV (Prop_mmcme2_adv_CLKIN1_CLKOUT0)
                                                     -3.407    -2.521 r  u_mmcm/inst/mmcm_adv_inst/CLKOUT0
                         net (fo=1, routed)           0.752    -1.769    u_mmcm/inst/clk_out1_clk_wiz_audio
    BUFGCTRL_X0Y16       BUFG (Prop_bufg_I_O)         0.029    -1.740 r  u_mmcm/inst/clkout1_buf/O
                         net (fo=332, routed)         0.898    -0.842    u_div/clk_out1
    SLICE_X113Y80        FDCE                                         r  u_div/cnt_reg[3]/C
                         clock pessimism              0.252    -0.589    <hidden>
                         clock uncertainty            0.240    -0.350    <hidden>
    SLICE_X113Y80        FDCE (Remov_fdce_C_CLR)     -0.092    -0.442    u_div/cnt_reg[3]
  -------------------------------------------------------------------
                         required time                          0.442    <hidden>
                         arrival time                          -0.012    <hidden>
  -------------------------------------------------------------------
                         slack                                  0.430    <hidden>

Slack (MET) :             0.430ns  (arrival time - required time)
  Source:                 u_rst_sync/rst_sync_reg/C
                            (rising edge-triggered cell FDCE clocked by clk_out1_clk_wiz_audio_1  {rise@0.000ns fall@40.690ns period=81.380ns})
  Destination:            u_div/cnt_reg[4]/CLR
                            (removal check against rising-edge clock clk_out1_clk_wiz_audio  {rise@0.000ns fall@40.690ns period=81.380ns})
  Path Group:             **async_default**
  Path Type:              Removal (Min at Fast Process Corner)
  Requirement:            0.000ns  (clk_out1_clk_wiz_audio rise@0.000ns - clk_out1_clk_wiz_audio_1 rise@0.000ns)
  Data Path Delay:        0.589ns  (logic 0.246ns (41.762%)  route 0.343ns (58.238%))
  Logic Levels:           1  (LUT1=1)
  Clock Path Skew:        0.012ns (DCD - SCD - CPR)
    Destination Clock Delay (DCD):    -0.842ns
    Source Clock Delay      (SCD):    -0.601ns
    Clock Pessimism Removal (CPR):    -0.252ns
  Clock Uncertainty:      0.240ns  ((TSJ^2 + DJ^2)^1/2) / 2 + PE
    Total System Jitter     (TSJ):    0.071ns
    Discrete Jitter          (DJ):    0.474ns
    Phase Error              (PE):    0.000ns
  Clock Domain Crossing:  Inter clock paths are considered valid unless explicitly excluded by timing constraints such as set_clock_groups or set_false_path.

    Location             Delay type                Incr(ns)  Path(ns)    Netlist Resource(s)
  -------------------------------------------------------------------    -------------------
                         (clock clk_out1_clk_wiz_audio_1 rise edge)
                                                      0.000     0.000 r  <hidden>
    H16                                               0.000     0.000 r  sysclk
                         net (fo=0)                   0.000     0.000    u_mmcm/inst/clk_in1
    H16                  IBUF (Prop_ibuf_I_O)         0.219     0.219 r  u_mmcm/inst/clkin1_ibufg/O
                         net (fo=1, routed)           0.440     0.659    u_mmcm/inst/clk_in1_clk_wiz_audio
    MMCME2_ADV_X1Y2      MMCME2_ADV (Prop_mmcme2_adv_CLKIN1_CLKOUT0)
                                                     -2.613    -1.954 r  u_mmcm/inst/mmcm_adv_inst/CLKOUT0
                         net (fo=1, routed)           0.696    -1.257    u_mmcm/inst/clk_out1_clk_wiz_audio
    BUFGCTRL_X0Y16       BUFG (Prop_bufg_I_O)         0.026    -1.231 r  u_mmcm/inst/clkout1_buf/O
                         net (fo=332, routed)         0.630    -0.601    u_rst_sync/clk_out1
    SLICE_X112Y82        FDCE                                         r  u_rst_sync/rst_sync_reg/C
  -------------------------------------------------------------------    -------------------
    SLICE_X112Y82        FDCE (Prop_fdce_C_Q)         0.148    -0.453 r  u_rst_sync/rst_sync_reg/Q
                         net (fo=1, routed)           0.150    -0.303    u_div/cnt_reg[0]_0
    SLICE_X112Y82        LUT1 (Prop_lut1_I0_O)        0.098    -0.205 f  u_div/cnt[7]_i_2/O
                         net (fo=326, routed)         0.193    -0.012    u_div/rst_sync_reg
    SLICE_X113Y80        FDCE                                         f  u_div/cnt_reg[4]/CLR
  -------------------------------------------------------------------    -------------------

                         (clock clk_out1_clk_wiz_audio rise edge)
                                                      0.000     0.000 r  <hidden>
    H16                                               0.000     0.000 r  sysclk
                         net (fo=0)                   0.000     0.000    u_mmcm/inst/clk_in1
    H16                  IBUF (Prop_ibuf_I_O)         0.406     0.406 r  u_mmcm/inst/clkin1_ibufg/O
                         net (fo=1, routed)           0.480     0.886    u_mmcm/inst/clk_in1_clk_wiz_audio
    MMCME2_ADV_X1Y2      MMCME2_ADV (Prop_mmcme2_adv_CLKIN1_CLKOUT0)
                                                     -3.407    -2.521 r  u_mmcm/inst/mmcm_adv_inst/CLKOUT0
                         net (fo=1, routed)           0.752    -1.769    u_mmcm/inst/clk_out1_clk_wiz_audio
    BUFGCTRL_X0Y16       BUFG (Prop_bufg_I_O)         0.029    -1.740 r  u_mmcm/inst/clkout1_buf/O
                         net (fo=332, routed)         0.898    -0.842    u_div/clk_out1
    SLICE_X113Y80        FDCE                                         r  u_div/cnt_reg[4]/C
                         clock pessimism              0.252    -0.589    <hidden>
                         clock uncertainty            0.240    -0.350    <hidden>
    SLICE_X113Y80        FDCE (Remov_fdce_C_CLR)     -0.092    -0.442    u_div/cnt_reg[4]
  -------------------------------------------------------------------
                         required time                          0.442    <hidden>
                         arrival time                          -0.012    <hidden>
  -------------------------------------------------------------------
                         slack                                  0.430    <hidden>

Slack (MET) :             0.430ns  (arrival time - required time)
  Source:                 u_rst_sync/rst_sync_reg/C
                            (rising edge-triggered cell FDCE clocked by clk_out1_clk_wiz_audio_1  {rise@0.000ns fall@40.690ns period=81.380ns})
  Destination:            u_div/cnt_reg[5]/CLR
                            (removal check against rising-edge clock clk_out1_clk_wiz_audio  {rise@0.000ns fall@40.690ns period=81.380ns})
  Path Group:             **async_default**
  Path Type:              Removal (Min at Fast Process Corner)
  Requirement:            0.000ns  (clk_out1_clk_wiz_audio rise@0.000ns - clk_out1_clk_wiz_audio_1 rise@0.000ns)
  Data Path Delay:        0.589ns  (logic 0.246ns (41.762%)  route 0.343ns (58.238%))
  Logic Levels:           1  (LUT1=1)
  Clock Path Skew:        0.012ns (DCD - SCD - CPR)
    Destination Clock Delay (DCD):    -0.842ns
    Source Clock Delay      (SCD):    -0.601ns
    Clock Pessimism Removal (CPR):    -0.252ns
  Clock Uncertainty:      0.240ns  ((TSJ^2 + DJ^2)^1/2) / 2 + PE
    Total System Jitter     (TSJ):    0.071ns
    Discrete Jitter          (DJ):    0.474ns
    Phase Error              (PE):    0.000ns
  Clock Domain Crossing:  Inter clock paths are considered valid unless explicitly excluded by timing constraints such as set_clock_groups or set_false_path.

    Location             Delay type                Incr(ns)  Path(ns)    Netlist Resource(s)
  -------------------------------------------------------------------    -------------------
                         (clock clk_out1_clk_wiz_audio_1 rise edge)
                                                      0.000     0.000 r  <hidden>
    H16                                               0.000     0.000 r  sysclk
                         net (fo=0)                   0.000     0.000    u_mmcm/inst/clk_in1
    H16                  IBUF (Prop_ibuf_I_O)         0.219     0.219 r  u_mmcm/inst/clkin1_ibufg/O
                         net (fo=1, routed)           0.440     0.659    u_mmcm/inst/clk_in1_clk_wiz_audio
    MMCME2_ADV_X1Y2      MMCME2_ADV (Prop_mmcme2_adv_CLKIN1_CLKOUT0)
                                                     -2.613    -1.954 r  u_mmcm/inst/mmcm_adv_inst/CLKOUT0
                         net (fo=1, routed)           0.696    -1.257    u_mmcm/inst/clk_out1_clk_wiz_audio
    BUFGCTRL_X0Y16       BUFG (Prop_bufg_I_O)         0.026    -1.231 r  u_mmcm/inst/clkout1_buf/O
                         net (fo=332, routed)         0.630    -0.601    u_rst_sync/clk_out1
    SLICE_X112Y82        FDCE                                         r  u_rst_sync/rst_sync_reg/C
  -------------------------------------------------------------------    -------------------
    SLICE_X112Y82        FDCE (Prop_fdce_C_Q)         0.148    -0.453 r  u_rst_sync/rst_sync_reg/Q
                         net (fo=1, routed)           0.150    -0.303    u_div/cnt_reg[0]_0
    SLICE_X112Y82        LUT1 (Prop_lut1_I0_O)        0.098    -0.205 f  u_div/cnt[7]_i_2/O
                         net (fo=326, routed)         0.193    -0.012    u_div/rst_sync_reg
    SLICE_X113Y80        FDCE                                         f  u_div/cnt_reg[5]/CLR
  -------------------------------------------------------------------    -------------------

                         (clock clk_out1_clk_wiz_audio rise edge)
                                                      0.000     0.000 r  <hidden>
    H16                                               0.000     0.000 r  sysclk
                         net (fo=0)                   0.000     0.000    u_mmcm/inst/clk_in1
    H16                  IBUF (Prop_ibuf_I_O)         0.406     0.406 r  u_mmcm/inst/clkin1_ibufg/O
                         net (fo=1, routed)           0.480     0.886    u_mmcm/inst/clk_in1_clk_wiz_audio
    MMCME2_ADV_X1Y2      MMCME2_ADV (Prop_mmcme2_adv_CLKIN1_CLKOUT0)
                                                     -3.407    -2.521 r  u_mmcm/inst/mmcm_adv_inst/CLKOUT0
                         net (fo=1, routed)           0.752    -1.769    u_mmcm/inst/clk_out1_clk_wiz_audio
    BUFGCTRL_X0Y16       BUFG (Prop_bufg_I_O)         0.029    -1.740 r  u_mmcm/inst/clkout1_buf/O
                         net (fo=332, routed)         0.898    -0.842    u_div/clk_out1
    SLICE_X113Y80        FDCE                                         r  u_div/cnt_reg[5]/C
                         clock pessimism              0.252    -0.589    <hidden>
                         clock uncertainty            0.240    -0.350    <hidden>
    SLICE_X113Y80        FDCE (Remov_fdce_C_CLR)     -0.092    -0.442    u_div/cnt_reg[5]
  -------------------------------------------------------------------
                         required time                          0.442    <hidden>
                         arrival time                          -0.012    <hidden>
  -------------------------------------------------------------------
                         slack                                  0.430    <hidden>

Slack (MET) :             0.430ns  (arrival time - required time)
  Source:                 u_rst_sync/rst_sync_reg/C
                            (rising edge-triggered cell FDCE clocked by clk_out1_clk_wiz_audio_1  {rise@0.000ns fall@40.690ns period=81.380ns})
  Destination:            u_div/cnt_reg[6]/CLR
                            (removal check against rising-edge clock clk_out1_clk_wiz_audio  {rise@0.000ns fall@40.690ns period=81.380ns})
  Path Group:             **async_default**
  Path Type:              Removal (Min at Fast Process Corner)
  Requirement:            0.000ns  (clk_out1_clk_wiz_audio rise@0.000ns - clk_out1_clk_wiz_audio_1 rise@0.000ns)
  Data Path Delay:        0.589ns  (logic 0.246ns (41.762%)  route 0.343ns (58.238%))
  Logic Levels:           1  (LUT1=1)
  Clock Path Skew:        0.012ns (DCD - SCD - CPR)
    Destination Clock Delay (DCD):    -0.842ns
    Source Clock Delay      (SCD):    -0.601ns
    Clock Pessimism Removal (CPR):    -0.252ns
  Clock Uncertainty:      0.240ns  ((TSJ^2 + DJ^2)^1/2) / 2 + PE
    Total System Jitter     (TSJ):    0.071ns
    Discrete Jitter          (DJ):    0.474ns
    Phase Error              (PE):    0.000ns
  Clock Domain Crossing:  Inter clock paths are considered valid unless explicitly excluded by timing constraints such as set_clock_groups or set_false_path.

    Location             Delay type                Incr(ns)  Path(ns)    Netlist Resource(s)
  -------------------------------------------------------------------    -------------------
                         (clock clk_out1_clk_wiz_audio_1 rise edge)
                                                      0.000     0.000 r  <hidden>
    H16                                               0.000     0.000 r  sysclk
                         net (fo=0)                   0.000     0.000    u_mmcm/inst/clk_in1
    H16                  IBUF (Prop_ibuf_I_O)         0.219     0.219 r  u_mmcm/inst/clkin1_ibufg/O
                         net (fo=1, routed)           0.440     0.659    u_mmcm/inst/clk_in1_clk_wiz_audio
    MMCME2_ADV_X1Y2      MMCME2_ADV (Prop_mmcme2_adv_CLKIN1_CLKOUT0)
                                                     -2.613    -1.954 r  u_mmcm/inst/mmcm_adv_inst/CLKOUT0
                         net (fo=1, routed)           0.696    -1.257    u_mmcm/inst/clk_out1_clk_wiz_audio
    BUFGCTRL_X0Y16       BUFG (Prop_bufg_I_O)         0.026    -1.231 r  u_mmcm/inst/clkout1_buf/O
                         net (fo=332, routed)         0.630    -0.601    u_rst_sync/clk_out1
    SLICE_X112Y82        FDCE                                         r  u_rst_sync/rst_sync_reg/C
  -------------------------------------------------------------------    -------------------
    SLICE_X112Y82        FDCE (Prop_fdce_C_Q)         0.148    -0.453 r  u_rst_sync/rst_sync_reg/Q
                         net (fo=1, routed)           0.150    -0.303    u_div/cnt_reg[0]_0
    SLICE_X112Y82        LUT1 (Prop_lut1_I0_O)        0.098    -0.205 f  u_div/cnt[7]_i_2/O
                         net (fo=326, routed)         0.193    -0.012    u_div/rst_sync_reg
    SLICE_X113Y80        FDCE                                         f  u_div/cnt_reg[6]/CLR
  -------------------------------------------------------------------    -------------------

                         (clock clk_out1_clk_wiz_audio rise edge)
                                                      0.000     0.000 r  <hidden>
    H16                                               0.000     0.000 r  sysclk
                         net (fo=0)                   0.000     0.000    u_mmcm/inst/clk_in1
    H16                  IBUF (Prop_ibuf_I_O)         0.406     0.406 r  u_mmcm/inst/clkin1_ibufg/O
                         net (fo=1, routed)           0.480     0.886    u_mmcm/inst/clk_in1_clk_wiz_audio
    MMCME2_ADV_X1Y2      MMCME2_ADV (Prop_mmcme2_adv_CLKIN1_CLKOUT0)
                                                     -3.407    -2.521 r  u_mmcm/inst/mmcm_adv_inst/CLKOUT0
                         net (fo=1, routed)           0.752    -1.769    u_mmcm/inst/clk_out1_clk_wiz_audio
    BUFGCTRL_X0Y16       BUFG (Prop_bufg_I_O)         0.029    -1.740 r  u_mmcm/inst/clkout1_buf/O
                         net (fo=332, routed)         0.898    -0.842    u_div/clk_out1
    SLICE_X113Y80        FDCE                                         r  u_div/cnt_reg[6]/C
                         clock pessimism              0.252    -0.589    <hidden>
                         clock uncertainty            0.240    -0.350    <hidden>
    SLICE_X113Y80        FDCE (Remov_fdce_C_CLR)     -0.092    -0.442    u_div/cnt_reg[6]
  -------------------------------------------------------------------
                         required time                          0.442    <hidden>
                         arrival time                          -0.012    <hidden>
  -------------------------------------------------------------------
                         slack                                  0.430    <hidden>

Slack (MET) :             0.430ns  (arrival time - required time)
  Source:                 u_rst_sync/rst_sync_reg/C
                            (rising edge-triggered cell FDCE clocked by clk_out1_clk_wiz_audio_1  {rise@0.000ns fall@40.690ns period=81.380ns})
  Destination:            u_div/cnt_reg[7]/CLR
                            (removal check against rising-edge clock clk_out1_clk_wiz_audio  {rise@0.000ns fall@40.690ns period=81.380ns})
  Path Group:             **async_default**
  Path Type:              Removal (Min at Fast Process Corner)
  Requirement:            0.000ns  (clk_out1_clk_wiz_audio rise@0.000ns - clk_out1_clk_wiz_audio_1 rise@0.000ns)
  Data Path Delay:        0.589ns  (logic 0.246ns (41.762%)  route 0.343ns (58.238%))
  Logic Levels:           1  (LUT1=1)
  Clock Path Skew:        0.012ns (DCD - SCD - CPR)
    Destination Clock Delay (DCD):    -0.842ns
    Source Clock Delay      (SCD):    -0.601ns
    Clock Pessimism Removal (CPR):    -0.252ns
  Clock Uncertainty:      0.240ns  ((TSJ^2 + DJ^2)^1/2) / 2 + PE
    Total System Jitter     (TSJ):    0.071ns
    Discrete Jitter          (DJ):    0.474ns
    Phase Error              (PE):    0.000ns
  Clock Domain Crossing:  Inter clock paths are considered valid unless explicitly excluded by timing constraints such as set_clock_groups or set_false_path.

    Location             Delay type                Incr(ns)  Path(ns)    Netlist Resource(s)
  -------------------------------------------------------------------    -------------------
                         (clock clk_out1_clk_wiz_audio_1 rise edge)
                                                      0.000     0.000 r  <hidden>
    H16                                               0.000     0.000 r  sysclk
                         net (fo=0)                   0.000     0.000    u_mmcm/inst/clk_in1
    H16                  IBUF (Prop_ibuf_I_O)         0.219     0.219 r  u_mmcm/inst/clkin1_ibufg/O
                         net (fo=1, routed)           0.440     0.659    u_mmcm/inst/clk_in1_clk_wiz_audio
    MMCME2_ADV_X1Y2      MMCME2_ADV (Prop_mmcme2_adv_CLKIN1_CLKOUT0)
                                                     -2.613    -1.954 r  u_mmcm/inst/mmcm_adv_inst/CLKOUT0
                         net (fo=1, routed)           0.696    -1.257    u_mmcm/inst/clk_out1_clk_wiz_audio
    BUFGCTRL_X0Y16       BUFG (Prop_bufg_I_O)         0.026    -1.231 r  u_mmcm/inst/clkout1_buf/O
                         net (fo=332, routed)         0.630    -0.601    u_rst_sync/clk_out1
    SLICE_X112Y82        FDCE                                         r  u_rst_sync/rst_sync_reg/C
  -------------------------------------------------------------------    -------------------
    SLICE_X112Y82        FDCE (Prop_fdce_C_Q)         0.148    -0.453 r  u_rst_sync/rst_sync_reg/Q
                         net (fo=1, routed)           0.150    -0.303    u_div/cnt_reg[0]_0
    SLICE_X112Y82        LUT1 (Prop_lut1_I0_O)        0.098    -0.205 f  u_div/cnt[7]_i_2/O
                         net (fo=326, routed)         0.193    -0.012    u_div/rst_sync_reg
    SLICE_X113Y80        FDCE                                         f  u_div/cnt_reg[7]/CLR
  -------------------------------------------------------------------    -------------------

                         (clock clk_out1_clk_wiz_audio rise edge)
                                                      0.000     0.000 r  <hidden>
    H16                                               0.000     0.000 r  sysclk
                         net (fo=0)                   0.000     0.000    u_mmcm/inst/clk_in1
    H16                  IBUF (Prop_ibuf_I_O)         0.406     0.406 r  u_mmcm/inst/clkin1_ibufg/O
                         net (fo=1, routed)           0.480     0.886    u_mmcm/inst/clk_in1_clk_wiz_audio
    MMCME2_ADV_X1Y2      MMCME2_ADV (Prop_mmcme2_adv_CLKIN1_CLKOUT0)
                                                     -3.407    -2.521 r  u_mmcm/inst/mmcm_adv_inst/CLKOUT0
                         net (fo=1, routed)           0.752    -1.769    u_mmcm/inst/clk_out1_clk_wiz_audio
    BUFGCTRL_X0Y16       BUFG (Prop_bufg_I_O)         0.029    -1.740 r  u_mmcm/inst/clkout1_buf/O
                         net (fo=332, routed)         0.898    -0.842    u_div/clk_out1
    SLICE_X113Y80        FDCE                                         r  u_div/cnt_reg[7]/C
                         clock pessimism              0.252    -0.589    <hidden>
                         clock uncertainty            0.240    -0.350    <hidden>
    SLICE_X113Y80        FDCE (Remov_fdce_C_CLR)     -0.092    -0.442    u_div/cnt_reg[7]
  -------------------------------------------------------------------
                         required time                          0.442    <hidden>
                         arrival time                          -0.012    <hidden>
  -------------------------------------------------------------------
                         slack                                  0.430    <hidden>

Slack (MET) :             0.629ns  (arrival time - required time)
  Source:                 u_rst_sync/rst_sync_reg/C
                            (rising edge-triggered cell FDCE clocked by clk_out1_clk_wiz_audio_1  {rise@0.000ns fall@40.690ns period=81.380ns})
  Destination:            u_rx_ja/lrck_r_reg/CLR
                            (removal check against rising-edge clock clk_out1_clk_wiz_audio  {rise@0.000ns fall@40.690ns period=81.380ns})
  Path Group:             **async_default**
  Path Type:              Removal (Min at Fast Process Corner)
  Requirement:            0.000ns  (clk_out1_clk_wiz_audio rise@0.000ns - clk_out1_clk_wiz_audio_1 rise@0.000ns)
  Data Path Delay:        0.816ns  (logic 0.246ns (30.143%)  route 0.570ns (69.857%))
  Logic Levels:           1  (LUT1=1)
  Clock Path Skew:        0.015ns (DCD - SCD - CPR)
    Destination Clock Delay (DCD):    -0.839ns
    Source Clock Delay      (SCD):    -0.601ns
    Clock Pessimism Removal (CPR):    -0.252ns
  Clock Uncertainty:      0.240ns  ((TSJ^2 + DJ^2)^1/2) / 2 + PE
    Total System Jitter     (TSJ):    0.071ns
    Discrete Jitter          (DJ):    0.474ns
    Phase Error              (PE):    0.000ns
  Clock Domain Crossing:  Inter clock paths are considered valid unless explicitly excluded by timing constraints such as set_clock_groups or set_false_path.

    Location             Delay type                Incr(ns)  Path(ns)    Netlist Resource(s)
  -------------------------------------------------------------------    -------------------
                         (clock clk_out1_clk_wiz_audio_1 rise edge)
                                                      0.000     0.000 r  <hidden>
    H16                                               0.000     0.000 r  sysclk
                         net (fo=0)                   0.000     0.000    u_mmcm/inst/clk_in1
    H16                  IBUF (Prop_ibuf_I_O)         0.219     0.219 r  u_mmcm/inst/clkin1_ibufg/O
                         net (fo=1, routed)           0.440     0.659    u_mmcm/inst/clk_in1_clk_wiz_audio
    MMCME2_ADV_X1Y2      MMCME2_ADV (Prop_mmcme2_adv_CLKIN1_CLKOUT0)
                                                     -2.613    -1.954 r  u_mmcm/inst/mmcm_adv_inst/CLKOUT0
                         net (fo=1, routed)           0.696    -1.257    u_mmcm/inst/clk_out1_clk_wiz_audio
    BUFGCTRL_X0Y16       BUFG (Prop_bufg_I_O)         0.026    -1.231 r  u_mmcm/inst/clkout1_buf/O
                         net (fo=332, routed)         0.630    -0.601    u_rst_sync/clk_out1
    SLICE_X112Y82        FDCE                                         r  u_rst_sync/rst_sync_reg/C
  -------------------------------------------------------------------    -------------------
    SLICE_X112Y82        FDCE (Prop_fdce_C_Q)         0.148    -0.453 r  u_rst_sync/rst_sync_reg/Q
                         net (fo=1, routed)           0.150    -0.303    u_div/cnt_reg[0]_0
    SLICE_X112Y82        LUT1 (Prop_lut1_I0_O)        0.098    -0.205 f  u_div/cnt[7]_i_2/O
                         net (fo=326, routed)         0.420     0.215    u_rx_ja/lrck_r_reg_0
    SLICE_X112Y83        FDCE                                         f  u_rx_ja/lrck_r_reg/CLR
  -------------------------------------------------------------------    -------------------

                         (clock clk_out1_clk_wiz_audio rise edge)
                                                      0.000     0.000 r  <hidden>
    H16                                               0.000     0.000 r  sysclk
                         net (fo=0)                   0.000     0.000    u_mmcm/inst/clk_in1
    H16                  IBUF (Prop_ibuf_I_O)         0.406     0.406 r  u_mmcm/inst/clkin1_ibufg/O
                         net (fo=1, routed)           0.480     0.886    u_mmcm/inst/clk_in1_clk_wiz_audio
    MMCME2_ADV_X1Y2      MMCME2_ADV (Prop_mmcme2_adv_CLKIN1_CLKOUT0)
                                                     -3.407    -2.521 r  u_mmcm/inst/mmcm_adv_inst/CLKOUT0
                         net (fo=1, routed)           0.752    -1.769    u_mmcm/inst/clk_out1_clk_wiz_audio
    BUFGCTRL_X0Y16       BUFG (Prop_bufg_I_O)         0.029    -1.740 r  u_mmcm/inst/clkout1_buf/O
                         net (fo=332, routed)         0.901    -0.839    u_rx_ja/clk_out1
    SLICE_X112Y83        FDCE                                         r  u_rx_ja/lrck_r_reg/C
                         clock pessimism              0.252    -0.586    <hidden>
                         clock uncertainty            0.240    -0.347    <hidden>
    SLICE_X112Y83        FDCE (Remov_fdce_C_CLR)     -0.067    -0.414    u_rx_ja/lrck_r_reg
  -------------------------------------------------------------------
                         required time                          0.414    <hidden>
                         arrival time                           0.215    <hidden>
  -------------------------------------------------------------------
                         slack                                  0.629    <hidden>

Slack (MET) :             0.694ns  (arrival time - required time)
  Source:                 u_rst_sync/rst_sync_reg/C
                            (rising edge-triggered cell FDCE clocked by clk_out1_clk_wiz_audio_1  {rise@0.000ns fall@40.690ns period=81.380ns})
  Destination:            u_rx_jb/bit_counter_reg[1]/CLR
                            (removal check against rising-edge clock clk_out1_clk_wiz_audio  {rise@0.000ns fall@40.690ns period=81.380ns})
  Path Group:             **async_default**
  Path Type:              Removal (Min at Fast Process Corner)
  Requirement:            0.000ns  (clk_out1_clk_wiz_audio rise@0.000ns - clk_out1_clk_wiz_audio_1 rise@0.000ns)
  Data Path Delay:        0.883ns  (logic 0.246ns (27.851%)  route 0.637ns (72.149%))
  Logic Levels:           1  (LUT1=1)
  Clock Path Skew:        0.017ns (DCD - SCD - CPR)
    Destination Clock Delay (DCD):    -0.837ns
    Source Clock Delay      (SCD):    -0.601ns
    Clock Pessimism Removal (CPR):    -0.252ns
  Clock Uncertainty:      0.240ns  ((TSJ^2 + DJ^2)^1/2) / 2 + PE
    Total System Jitter     (TSJ):    0.071ns
    Discrete Jitter          (DJ):    0.474ns
    Phase Error              (PE):    0.000ns
  Clock Domain Crossing:  Inter clock paths are considered valid unless explicitly excluded by timing constraints such as set_clock_groups or set_false_path.

    Location             Delay type                Incr(ns)  Path(ns)    Netlist Resource(s)
  -------------------------------------------------------------------    -------------------
                         (clock clk_out1_clk_wiz_audio_1 rise edge)
                                                      0.000     0.000 r  <hidden>
    H16                                               0.000     0.000 r  sysclk
                         net (fo=0)                   0.000     0.000    u_mmcm/inst/clk_in1
    H16                  IBUF (Prop_ibuf_I_O)         0.219     0.219 r  u_mmcm/inst/clkin1_ibufg/O
                         net (fo=1, routed)           0.440     0.659    u_mmcm/inst/clk_in1_clk_wiz_audio
    MMCME2_ADV_X1Y2      MMCME2_ADV (Prop_mmcme2_adv_CLKIN1_CLKOUT0)
                                                     -2.613    -1.954 r  u_mmcm/inst/mmcm_adv_inst/CLKOUT0
                         net (fo=1, routed)           0.696    -1.257    u_mmcm/inst/clk_out1_clk_wiz_audio
    BUFGCTRL_X0Y16       BUFG (Prop_bufg_I_O)         0.026    -1.231 r  u_mmcm/inst/clkout1_buf/O
                         net (fo=332, routed)         0.630    -0.601    u_rst_sync/clk_out1
    SLICE_X112Y82        FDCE                                         r  u_rst_sync/rst_sync_reg/C
  -------------------------------------------------------------------    -------------------
    SLICE_X112Y82        FDCE (Prop_fdce_C_Q)         0.148    -0.453 r  u_rst_sync/rst_sync_reg/Q
                         net (fo=1, routed)           0.150    -0.303    u_div/cnt_reg[0]_0
    SLICE_X112Y82        LUT1 (Prop_lut1_I0_O)        0.098    -0.205 f  u_div/cnt[7]_i_2/O
                         net (fo=326, routed)         0.487     0.282    u_rx_jb/bit_counter_reg[4]_0
    SLICE_X112Y85        FDCE                                         f  u_rx_jb/bit_counter_reg[1]/CLR
  -------------------------------------------------------------------    -------------------

                         (clock clk_out1_clk_wiz_audio rise edge)
                                                      0.000     0.000 r  <hidden>
    H16                                               0.000     0.000 r  sysclk
                         net (fo=0)                   0.000     0.000    u_mmcm/inst/clk_in1
    H16                  IBUF (Prop_ibuf_I_O)         0.406     0.406 r  u_mmcm/inst/clkin1_ibufg/O
                         net (fo=1, routed)           0.480     0.886    u_mmcm/inst/clk_in1_clk_wiz_audio
    MMCME2_ADV_X1Y2      MMCME2_ADV (Prop_mmcme2_adv_CLKIN1_CLKOUT0)
                                                     -3.407    -2.521 r  u_mmcm/inst/mmcm_adv_inst/CLKOUT0
                         net (fo=1, routed)           0.752    -1.769    u_mmcm/inst/clk_out1_clk_wiz_audio
    BUFGCTRL_X0Y16       BUFG (Prop_bufg_I_O)         0.029    -1.740 r  u_mmcm/inst/clkout1_buf/O
                         net (fo=332, routed)         0.903    -0.837    u_rx_jb/clk_out1
    SLICE_X112Y85        FDCE                                         r  u_rx_jb/bit_counter_reg[1]/C
                         clock pessimism              0.252    -0.584    <hidden>
                         clock uncertainty            0.240    -0.345    <hidden>
    SLICE_X112Y85        FDCE (Remov_fdce_C_CLR)     -0.067    -0.412    u_rx_jb/bit_counter_reg[1]
  -------------------------------------------------------------------
                         required time                          0.412    <hidden>
                         arrival time                           0.282    <hidden>
  -------------------------------------------------------------------
                         slack                                  0.694    <hidden>





---------------------------------------------------------------------------------------------------
Path Group:  **async_default**
From Clock:  clk_out1_clk_wiz_audio
  To Clock:  clk_out1_clk_wiz_audio_1

Setup :            0  Failing Endpoints,  Worst Slack       75.834ns,  Total Violation        0.000ns
Hold  :            0  Failing Endpoints,  Worst Slack        0.405ns,  Total Violation        0.000ns
---------------------------------------------------------------------------------------------------


Max Delay Paths
--------------------------------------------------------------------------------------
Slack (MET) :             75.834ns  (required time - arrival time)
  Source:                 u_rst_sync/rst_sync_reg/C
                            (rising edge-triggered cell FDCE clocked by clk_out1_clk_wiz_audio  {rise@0.000ns fall@40.690ns period=81.380ns})
  Destination:            u_rx_jb/left_data_reg[3]/CLR
                            (recovery check against rising-edge clock clk_out1_clk_wiz_audio_1  {rise@0.000ns fall@40.690ns period=81.380ns})
  Path Group:             **async_default**
  Path Type:              Recovery (Max at Slow Process Corner)
  Requirement:            81.380ns  (clk_out1_clk_wiz_audio_1 rise@81.380ns - clk_out1_clk_wiz_audio rise@0.000ns)
  Data Path Delay:        4.764ns  (logic 0.773ns (16.225%)  route 3.991ns (83.775%))
  Logic Levels:           1  (LUT1=1)
  Clock Path Skew:        -0.137ns (DCD - SCD + CPR)
    Destination Clock Delay (DCD):    -1.564ns = ( 79.816 - 81.380 ) 
    Source Clock Delay      (SCD):    -0.860ns
    Clock Pessimism Removal (CPR):    0.567ns
  Clock Uncertainty:      0.240ns  ((TSJ^2 + DJ^2)^1/2) / 2 + PE
    Total System Jitter     (TSJ):    0.071ns
    Discrete Jitter          (DJ):    0.474ns
    Phase Error              (PE):    0.000ns
  Clock Domain Crossing:  Inter clock paths are considered valid unless explicitly excluded by timing constraints such as set_clock_groups or set_false_path.

    Location             Delay type                Incr(ns)  Path(ns)    Netlist Resource(s)
  -------------------------------------------------------------------    -------------------
                         (clock clk_out1_clk_wiz_audio rise edge)
                                                      0.000     0.000 r  <hidden>
    H16                                               0.000     0.000 r  sysclk
                         net (fo=0)                   0.000     0.000    u_mmcm/inst/clk_in1
    H16                  IBUF (Prop_ibuf_I_O)         1.451     1.451 r  u_mmcm/inst/clkin1_ibufg/O
                         net (fo=1, routed)           1.285     2.736    u_mmcm/inst/clk_in1_clk_wiz_audio
    MMCME2_ADV_X1Y2      MMCME2_ADV (Prop_mmcme2_adv_CLKIN1_CLKOUT0)
                                                     -7.759    -5.023 r  u_mmcm/inst/mmcm_adv_inst/CLKOUT0
                         net (fo=1, routed)           2.206    -2.817    u_mmcm/inst/clk_out1_clk_wiz_audio
    BUFGCTRL_X0Y16       BUFG (Prop_bufg_I_O)         0.101    -2.716 r  u_mmcm/inst/clkout1_buf/O
                         net (fo=332, routed)         1.856    -0.860    u_rst_sync/clk_out1
    SLICE_X112Y82        FDCE                                         r  u_rst_sync/rst_sync_reg/C
  -------------------------------------------------------------------    -------------------
    SLICE_X112Y82        FDCE (Prop_fdce_C_Q)         0.478    -0.382 r  u_rst_sync/rst_sync_reg/Q
                         net (fo=1, routed)           0.467     0.085    u_div/cnt_reg[0]_0
    SLICE_X112Y82        LUT1 (Prop_lut1_I0_O)        0.295     0.380 f  u_div/cnt[7]_i_2/O
                         net (fo=326, routed)         3.524     3.904    u_rx_jb/bit_counter_reg[4]_0
    SLICE_X105Y87        FDCE                                         f  u_rx_jb/left_data_reg[3]/CLR
  -------------------------------------------------------------------    -------------------

                         (clock clk_out1_clk_wiz_audio_1 rise edge)
                                                     81.380    81.380 r  <hidden>
    H16                                               0.000    81.380 r  sysclk
                         net (fo=0)                   0.000    81.380    u_mmcm/inst/clk_in1
    H16                  IBUF (Prop_ibuf_I_O)         1.380    82.760 r  u_mmcm/inst/clkin1_ibufg/O
                         net (fo=1, routed)           1.162    83.922    u_mmcm/inst/clk_in1_clk_wiz_audio
    MMCME2_ADV_X1Y2      MMCME2_ADV (Prop_mmcme2_adv_CLKIN1_CLKOUT0)
                                                     -7.814    76.108 r  u_mmcm/inst/mmcm_adv_inst/CLKOUT0
                         net (fo=1, routed)           2.012    78.120    u_mmcm/inst/clk_out1_clk_wiz_audio
    BUFGCTRL_X0Y16       BUFG (Prop_bufg_I_O)         0.091    78.211 r  u_mmcm/inst/clkout1_buf/O
                         net (fo=332, routed)         1.605    79.816    u_rx_jb/clk_out1
    SLICE_X105Y87        FDCE                                         r  u_rx_jb/left_data_reg[3]/C
                         clock pessimism              0.567    80.383    <hidden>
                         clock uncertainty           -0.240    80.143    <hidden>
    SLICE_X105Y87        FDCE (Recov_fdce_C_CLR)     -0.405    79.738    u_rx_jb/left_data_reg[3]
  -------------------------------------------------------------------
                         required time                         79.738    <hidden>
                         arrival time                          -3.904    <hidden>
  -------------------------------------------------------------------
                         slack                                 75.834    <hidden>

Slack (MET) :             75.834ns  (required time - arrival time)
  Source:                 u_rst_sync/rst_sync_reg/C
                            (rising edge-triggered cell FDCE clocked by clk_out1_clk_wiz_audio  {rise@0.000ns fall@40.690ns period=81.380ns})
  Destination:            u_rx_jb/left_data_reg[4]/CLR
                            (recovery check against rising-edge clock clk_out1_clk_wiz_audio_1  {rise@0.000ns fall@40.690ns period=81.380ns})
  Path Group:             **async_default**
  Path Type:              Recovery (Max at Slow Process Corner)
  Requirement:            81.380ns  (clk_out1_clk_wiz_audio_1 rise@81.380ns - clk_out1_clk_wiz_audio rise@0.000ns)
  Data Path Delay:        4.764ns  (logic 0.773ns (16.225%)  route 3.991ns (83.775%))
  Logic Levels:           1  (LUT1=1)
  Clock Path Skew:        -0.137ns (DCD - SCD + CPR)
    Destination Clock Delay (DCD):    -1.564ns = ( 79.816 - 81.380 ) 
    Source Clock Delay      (SCD):    -0.860ns
    Clock Pessimism Removal (CPR):    0.567ns
  Clock Uncertainty:      0.240ns  ((TSJ^2 + DJ^2)^1/2) / 2 + PE
    Total System Jitter     (TSJ):    0.071ns
    Discrete Jitter          (DJ):    0.474ns
    Phase Error              (PE):    0.000ns
  Clock Domain Crossing:  Inter clock paths are considered valid unless explicitly excluded by timing constraints such as set_clock_groups or set_false_path.

    Location             Delay type                Incr(ns)  Path(ns)    Netlist Resource(s)
  -------------------------------------------------------------------    -------------------
                         (clock clk_out1_clk_wiz_audio rise edge)
                                                      0.000     0.000 r  <hidden>
    H16                                               0.000     0.000 r  sysclk
                         net (fo=0)                   0.000     0.000    u_mmcm/inst/clk_in1
    H16                  IBUF (Prop_ibuf_I_O)         1.451     1.451 r  u_mmcm/inst/clkin1_ibufg/O
                         net (fo=1, routed)           1.285     2.736    u_mmcm/inst/clk_in1_clk_wiz_audio
    MMCME2_ADV_X1Y2      MMCME2_ADV (Prop_mmcme2_adv_CLKIN1_CLKOUT0)
                                                     -7.759    -5.023 r  u_mmcm/inst/mmcm_adv_inst/CLKOUT0
                         net (fo=1, routed)           2.206    -2.817    u_mmcm/inst/clk_out1_clk_wiz_audio
    BUFGCTRL_X0Y16       BUFG (Prop_bufg_I_O)         0.101    -2.716 r  u_mmcm/inst/clkout1_buf/O
                         net (fo=332, routed)         1.856    -0.860    u_rst_sync/clk_out1
    SLICE_X112Y82        FDCE                                         r  u_rst_sync/rst_sync_reg/C
  -------------------------------------------------------------------    -------------------
    SLICE_X112Y82        FDCE (Prop_fdce_C_Q)         0.478    -0.382 r  u_rst_sync/rst_sync_reg/Q
                         net (fo=1, routed)           0.467     0.085    u_div/cnt_reg[0]_0
    SLICE_X112Y82        LUT1 (Prop_lut1_I0_O)        0.295     0.380 f  u_div/cnt[7]_i_2/O
                         net (fo=326, routed)         3.524     3.904    u_rx_jb/bit_counter_reg[4]_0
    SLICE_X105Y87        FDCE                                         f  u_rx_jb/left_data_reg[4]/CLR
  -------------------------------------------------------------------    -------------------

                         (clock clk_out1_clk_wiz_audio_1 rise edge)
                                                     81.380    81.380 r  <hidden>
    H16                                               0.000    81.380 r  sysclk
                         net (fo=0)                   0.000    81.380    u_mmcm/inst/clk_in1
    H16                  IBUF (Prop_ibuf_I_O)         1.380    82.760 r  u_mmcm/inst/clkin1_ibufg/O
                         net (fo=1, routed)           1.162    83.922    u_mmcm/inst/clk_in1_clk_wiz_audio
    MMCME2_ADV_X1Y2      MMCME2_ADV (Prop_mmcme2_adv_CLKIN1_CLKOUT0)
                                                     -7.814    76.108 r  u_mmcm/inst/mmcm_adv_inst/CLKOUT0
                         net (fo=1, routed)           2.012    78.120    u_mmcm/inst/clk_out1_clk_wiz_audio
    BUFGCTRL_X0Y16       BUFG (Prop_bufg_I_O)         0.091    78.211 r  u_mmcm/inst/clkout1_buf/O
                         net (fo=332, routed)         1.605    79.816    u_rx_jb/clk_out1
    SLICE_X105Y87        FDCE                                         r  u_rx_jb/left_data_reg[4]/C
                         clock pessimism              0.567    80.383    <hidden>
                         clock uncertainty           -0.240    80.143    <hidden>
    SLICE_X105Y87        FDCE (Recov_fdce_C_CLR)     -0.405    79.738    u_rx_jb/left_data_reg[4]
  -------------------------------------------------------------------
                         required time                         79.738    <hidden>
                         arrival time                          -3.904    <hidden>
  -------------------------------------------------------------------
                         slack                                 75.834    <hidden>

Slack (MET) :             75.834ns  (required time - arrival time)
  Source:                 u_rst_sync/rst_sync_reg/C
                            (rising edge-triggered cell FDCE clocked by clk_out1_clk_wiz_audio  {rise@0.000ns fall@40.690ns period=81.380ns})
  Destination:            u_rx_jb/left_data_reg[5]/CLR
                            (recovery check against rising-edge clock clk_out1_clk_wiz_audio_1  {rise@0.000ns fall@40.690ns period=81.380ns})
  Path Group:             **async_default**
  Path Type:              Recovery (Max at Slow Process Corner)
  Requirement:            81.380ns  (clk_out1_clk_wiz_audio_1 rise@81.380ns - clk_out1_clk_wiz_audio rise@0.000ns)
  Data Path Delay:        4.764ns  (logic 0.773ns (16.225%)  route 3.991ns (83.775%))
  Logic Levels:           1  (LUT1=1)
  Clock Path Skew:        -0.137ns (DCD - SCD + CPR)
    Destination Clock Delay (DCD):    -1.564ns = ( 79.816 - 81.380 ) 
    Source Clock Delay      (SCD):    -0.860ns
    Clock Pessimism Removal (CPR):    0.567ns
  Clock Uncertainty:      0.240ns  ((TSJ^2 + DJ^2)^1/2) / 2 + PE
    Total System Jitter     (TSJ):    0.071ns
    Discrete Jitter          (DJ):    0.474ns
    Phase Error              (PE):    0.000ns
  Clock Domain Crossing:  Inter clock paths are considered valid unless explicitly excluded by timing constraints such as set_clock_groups or set_false_path.

    Location             Delay type                Incr(ns)  Path(ns)    Netlist Resource(s)
  -------------------------------------------------------------------    -------------------
                         (clock clk_out1_clk_wiz_audio rise edge)
                                                      0.000     0.000 r  <hidden>
    H16                                               0.000     0.000 r  sysclk
                         net (fo=0)                   0.000     0.000    u_mmcm/inst/clk_in1
    H16                  IBUF (Prop_ibuf_I_O)         1.451     1.451 r  u_mmcm/inst/clkin1_ibufg/O
                         net (fo=1, routed)           1.285     2.736    u_mmcm/inst/clk_in1_clk_wiz_audio
    MMCME2_ADV_X1Y2      MMCME2_ADV (Prop_mmcme2_adv_CLKIN1_CLKOUT0)
                                                     -7.759    -5.023 r  u_mmcm/inst/mmcm_adv_inst/CLKOUT0
                         net (fo=1, routed)           2.206    -2.817    u_mmcm/inst/clk_out1_clk_wiz_audio
    BUFGCTRL_X0Y16       BUFG (Prop_bufg_I_O)         0.101    -2.716 r  u_mmcm/inst/clkout1_buf/O
                         net (fo=332, routed)         1.856    -0.860    u_rst_sync/clk_out1
    SLICE_X112Y82        FDCE                                         r  u_rst_sync/rst_sync_reg/C
  -------------------------------------------------------------------    -------------------
    SLICE_X112Y82        FDCE (Prop_fdce_C_Q)         0.478    -0.382 r  u_rst_sync/rst_sync_reg/Q
                         net (fo=1, routed)           0.467     0.085    u_div/cnt_reg[0]_0
    SLICE_X112Y82        LUT1 (Prop_lut1_I0_O)        0.295     0.380 f  u_div/cnt[7]_i_2/O
                         net (fo=326, routed)         3.524     3.904    u_rx_jb/bit_counter_reg[4]_0
    SLICE_X105Y87        FDCE                                         f  u_rx_jb/left_data_reg[5]/CLR
  -------------------------------------------------------------------    -------------------

                         (clock clk_out1_clk_wiz_audio_1 rise edge)
                                                     81.380    81.380 r  <hidden>
    H16                                               0.000    81.380 r  sysclk
                         net (fo=0)                   0.000    81.380    u_mmcm/inst/clk_in1
    H16                  IBUF (Prop_ibuf_I_O)         1.380    82.760 r  u_mmcm/inst/clkin1_ibufg/O
                         net (fo=1, routed)           1.162    83.922    u_mmcm/inst/clk_in1_clk_wiz_audio
    MMCME2_ADV_X1Y2      MMCME2_ADV (Prop_mmcme2_adv_CLKIN1_CLKOUT0)
                                                     -7.814    76.108 r  u_mmcm/inst/mmcm_adv_inst/CLKOUT0
                         net (fo=1, routed)           2.012    78.120    u_mmcm/inst/clk_out1_clk_wiz_audio
    BUFGCTRL_X0Y16       BUFG (Prop_bufg_I_O)         0.091    78.211 r  u_mmcm/inst/clkout1_buf/O
                         net (fo=332, routed)         1.605    79.816    u_rx_jb/clk_out1
    SLICE_X105Y87        FDCE                                         r  u_rx_jb/left_data_reg[5]/C
                         clock pessimism              0.567    80.383    <hidden>
                         clock uncertainty           -0.240    80.143    <hidden>
    SLICE_X105Y87        FDCE (Recov_fdce_C_CLR)     -0.405    79.738    u_rx_jb/left_data_reg[5]
  -------------------------------------------------------------------
                         required time                         79.738    <hidden>
                         arrival time                          -3.904    <hidden>
  -------------------------------------------------------------------
                         slack                                 75.834    <hidden>

Slack (MET) :             75.834ns  (required time - arrival time)
  Source:                 u_rst_sync/rst_sync_reg/C
                            (rising edge-triggered cell FDCE clocked by clk_out1_clk_wiz_audio  {rise@0.000ns fall@40.690ns period=81.380ns})
  Destination:            u_rx_jb/left_data_reg[6]/CLR
                            (recovery check against rising-edge clock clk_out1_clk_wiz_audio_1  {rise@0.000ns fall@40.690ns period=81.380ns})
  Path Group:             **async_default**
  Path Type:              Recovery (Max at Slow Process Corner)
  Requirement:            81.380ns  (clk_out1_clk_wiz_audio_1 rise@81.380ns - clk_out1_clk_wiz_audio rise@0.000ns)
  Data Path Delay:        4.764ns  (logic 0.773ns (16.225%)  route 3.991ns (83.775%))
  Logic Levels:           1  (LUT1=1)
  Clock Path Skew:        -0.137ns (DCD - SCD + CPR)
    Destination Clock Delay (DCD):    -1.564ns = ( 79.816 - 81.380 ) 
    Source Clock Delay      (SCD):    -0.860ns
    Clock Pessimism Removal (CPR):    0.567ns
  Clock Uncertainty:      0.240ns  ((TSJ^2 + DJ^2)^1/2) / 2 + PE
    Total System Jitter     (TSJ):    0.071ns
    Discrete Jitter          (DJ):    0.474ns
    Phase Error              (PE):    0.000ns
  Clock Domain Crossing:  Inter clock paths are considered valid unless explicitly excluded by timing constraints such as set_clock_groups or set_false_path.

    Location             Delay type                Incr(ns)  Path(ns)    Netlist Resource(s)
  -------------------------------------------------------------------    -------------------
                         (clock clk_out1_clk_wiz_audio rise edge)
                                                      0.000     0.000 r  <hidden>
    H16                                               0.000     0.000 r  sysclk
                         net (fo=0)                   0.000     0.000    u_mmcm/inst/clk_in1
    H16                  IBUF (Prop_ibuf_I_O)         1.451     1.451 r  u_mmcm/inst/clkin1_ibufg/O
                         net (fo=1, routed)           1.285     2.736    u_mmcm/inst/clk_in1_clk_wiz_audio
    MMCME2_ADV_X1Y2      MMCME2_ADV (Prop_mmcme2_adv_CLKIN1_CLKOUT0)
                                                     -7.759    -5.023 r  u_mmcm/inst/mmcm_adv_inst/CLKOUT0
                         net (fo=1, routed)           2.206    -2.817    u_mmcm/inst/clk_out1_clk_wiz_audio
    BUFGCTRL_X0Y16       BUFG (Prop_bufg_I_O)         0.101    -2.716 r  u_mmcm/inst/clkout1_buf/O
                         net (fo=332, routed)         1.856    -0.860    u_rst_sync/clk_out1
    SLICE_X112Y82        FDCE                                         r  u_rst_sync/rst_sync_reg/C
  -------------------------------------------------------------------    -------------------
    SLICE_X112Y82        FDCE (Prop_fdce_C_Q)         0.478    -0.382 r  u_rst_sync/rst_sync_reg/Q
                         net (fo=1, routed)           0.467     0.085    u_div/cnt_reg[0]_0
    SLICE_X112Y82        LUT1 (Prop_lut1_I0_O)        0.295     0.380 f  u_div/cnt[7]_i_2/O
                         net (fo=326, routed)         3.524     3.904    u_rx_jb/bit_counter_reg[4]_0
    SLICE_X105Y87        FDCE                                         f  u_rx_jb/left_data_reg[6]/CLR
  -------------------------------------------------------------------    -------------------

                         (clock clk_out1_clk_wiz_audio_1 rise edge)
                                                     81.380    81.380 r  <hidden>
    H16                                               0.000    81.380 r  sysclk
                         net (fo=0)                   0.000    81.380    u_mmcm/inst/clk_in1
    H16                  IBUF (Prop_ibuf_I_O)         1.380    82.760 r  u_mmcm/inst/clkin1_ibufg/O
                         net (fo=1, routed)           1.162    83.922    u_mmcm/inst/clk_in1_clk_wiz_audio
    MMCME2_ADV_X1Y2      MMCME2_ADV (Prop_mmcme2_adv_CLKIN1_CLKOUT0)
                                                     -7.814    76.108 r  u_mmcm/inst/mmcm_adv_inst/CLKOUT0
                         net (fo=1, routed)           2.012    78.120    u_mmcm/inst/clk_out1_clk_wiz_audio
    BUFGCTRL_X0Y16       BUFG (Prop_bufg_I_O)         0.091    78.211 r  u_mmcm/inst/clkout1_buf/O
                         net (fo=332, routed)         1.605    79.816    u_rx_jb/clk_out1
    SLICE_X105Y87        FDCE                                         r  u_rx_jb/left_data_reg[6]/C
                         clock pessimism              0.567    80.383    <hidden>
                         clock uncertainty           -0.240    80.143    <hidden>
    SLICE_X105Y87        FDCE (Recov_fdce_C_CLR)     -0.405    79.738    u_rx_jb/left_data_reg[6]
  -------------------------------------------------------------------
                         required time                         79.738    <hidden>
                         arrival time                          -3.904    <hidden>
  -------------------------------------------------------------------
                         slack                                 75.834    <hidden>

Slack (MET) :             75.834ns  (required time - arrival time)
  Source:                 u_rst_sync/rst_sync_reg/C
                            (rising edge-triggered cell FDCE clocked by clk_out1_clk_wiz_audio  {rise@0.000ns fall@40.690ns period=81.380ns})
  Destination:            u_rx_jb/left_data_reg[7]/CLR
                            (recovery check against rising-edge clock clk_out1_clk_wiz_audio_1  {rise@0.000ns fall@40.690ns period=81.380ns})
  Path Group:             **async_default**
  Path Type:              Recovery (Max at Slow Process Corner)
  Requirement:            81.380ns  (clk_out1_clk_wiz_audio_1 rise@81.380ns - clk_out1_clk_wiz_audio rise@0.000ns)
  Data Path Delay:        4.764ns  (logic 0.773ns (16.225%)  route 3.991ns (83.775%))
  Logic Levels:           1  (LUT1=1)
  Clock Path Skew:        -0.137ns (DCD - SCD + CPR)
    Destination Clock Delay (DCD):    -1.564ns = ( 79.816 - 81.380 ) 
    Source Clock Delay      (SCD):    -0.860ns
    Clock Pessimism Removal (CPR):    0.567ns
  Clock Uncertainty:      0.240ns  ((TSJ^2 + DJ^2)^1/2) / 2 + PE
    Total System Jitter     (TSJ):    0.071ns
    Discrete Jitter          (DJ):    0.474ns
    Phase Error              (PE):    0.000ns
  Clock Domain Crossing:  Inter clock paths are considered valid unless explicitly excluded by timing constraints such as set_clock_groups or set_false_path.

    Location             Delay type                Incr(ns)  Path(ns)    Netlist Resource(s)
  -------------------------------------------------------------------    -------------------
                         (clock clk_out1_clk_wiz_audio rise edge)
                                                      0.000     0.000 r  <hidden>
    H16                                               0.000     0.000 r  sysclk
                         net (fo=0)                   0.000     0.000    u_mmcm/inst/clk_in1
    H16                  IBUF (Prop_ibuf_I_O)         1.451     1.451 r  u_mmcm/inst/clkin1_ibufg/O
                         net (fo=1, routed)           1.285     2.736    u_mmcm/inst/clk_in1_clk_wiz_audio
    MMCME2_ADV_X1Y2      MMCME2_ADV (Prop_mmcme2_adv_CLKIN1_CLKOUT0)
                                                     -7.759    -5.023 r  u_mmcm/inst/mmcm_adv_inst/CLKOUT0
                         net (fo=1, routed)           2.206    -2.817    u_mmcm/inst/clk_out1_clk_wiz_audio
    BUFGCTRL_X0Y16       BUFG (Prop_bufg_I_O)         0.101    -2.716 r  u_mmcm/inst/clkout1_buf/O
                         net (fo=332, routed)         1.856    -0.860    u_rst_sync/clk_out1
    SLICE_X112Y82        FDCE                                         r  u_rst_sync/rst_sync_reg/C
  -------------------------------------------------------------------    -------------------
    SLICE_X112Y82        FDCE (Prop_fdce_C_Q)         0.478    -0.382 r  u_rst_sync/rst_sync_reg/Q
                         net (fo=1, routed)           0.467     0.085    u_div/cnt_reg[0]_0
    SLICE_X112Y82        LUT1 (Prop_lut1_I0_O)        0.295     0.380 f  u_div/cnt[7]_i_2/O
                         net (fo=326, routed)         3.524     3.904    u_rx_jb/bit_counter_reg[4]_0
    SLICE_X105Y87        FDCE                                         f  u_rx_jb/left_data_reg[7]/CLR
  -------------------------------------------------------------------    -------------------

                         (clock clk_out1_clk_wiz_audio_1 rise edge)
                                                     81.380    81.380 r  <hidden>
    H16                                               0.000    81.380 r  sysclk
                         net (fo=0)                   0.000    81.380    u_mmcm/inst/clk_in1
    H16                  IBUF (Prop_ibuf_I_O)         1.380    82.760 r  u_mmcm/inst/clkin1_ibufg/O
                         net (fo=1, routed)           1.162    83.922    u_mmcm/inst/clk_in1_clk_wiz_audio
    MMCME2_ADV_X1Y2      MMCME2_ADV (Prop_mmcme2_adv_CLKIN1_CLKOUT0)
                                                     -7.814    76.108 r  u_mmcm/inst/mmcm_adv_inst/CLKOUT0
                         net (fo=1, routed)           2.012    78.120    u_mmcm/inst/clk_out1_clk_wiz_audio
    BUFGCTRL_X0Y16       BUFG (Prop_bufg_I_O)         0.091    78.211 r  u_mmcm/inst/clkout1_buf/O
                         net (fo=332, routed)         1.605    79.816    u_rx_jb/clk_out1
    SLICE_X105Y87        FDCE                                         r  u_rx_jb/left_data_reg[7]/C
                         clock pessimism              0.567    80.383    <hidden>
                         clock uncertainty           -0.240    80.143    <hidden>
    SLICE_X105Y87        FDCE (Recov_fdce_C_CLR)     -0.405    79.738    u_rx_jb/left_data_reg[7]
  -------------------------------------------------------------------
                         required time                         79.738    <hidden>
                         arrival time                          -3.904    <hidden>
  -------------------------------------------------------------------
                         slack                                 75.834    <hidden>

Slack (MET) :             75.834ns  (required time - arrival time)
  Source:                 u_rst_sync/rst_sync_reg/C
                            (rising edge-triggered cell FDCE clocked by clk_out1_clk_wiz_audio  {rise@0.000ns fall@40.690ns period=81.380ns})
  Destination:            u_rx_jb/left_data_reg[8]/CLR
                            (recovery check against rising-edge clock clk_out1_clk_wiz_audio_1  {rise@0.000ns fall@40.690ns period=81.380ns})
  Path Group:             **async_default**
  Path Type:              Recovery (Max at Slow Process Corner)
  Requirement:            81.380ns  (clk_out1_clk_wiz_audio_1 rise@81.380ns - clk_out1_clk_wiz_audio rise@0.000ns)
  Data Path Delay:        4.764ns  (logic 0.773ns (16.225%)  route 3.991ns (83.775%))
  Logic Levels:           1  (LUT1=1)
  Clock Path Skew:        -0.137ns (DCD - SCD + CPR)
    Destination Clock Delay (DCD):    -1.564ns = ( 79.816 - 81.380 ) 
    Source Clock Delay      (SCD):    -0.860ns
    Clock Pessimism Removal (CPR):    0.567ns
  Clock Uncertainty:      0.240ns  ((TSJ^2 + DJ^2)^1/2) / 2 + PE
    Total System Jitter     (TSJ):    0.071ns
    Discrete Jitter          (DJ):    0.474ns
    Phase Error              (PE):    0.000ns
  Clock Domain Crossing:  Inter clock paths are considered valid unless explicitly excluded by timing constraints such as set_clock_groups or set_false_path.

    Location             Delay type                Incr(ns)  Path(ns)    Netlist Resource(s)
  -------------------------------------------------------------------    -------------------
                         (clock clk_out1_clk_wiz_audio rise edge)
                                                      0.000     0.000 r  <hidden>
    H16                                               0.000     0.000 r  sysclk
                         net (fo=0)                   0.000     0.000    u_mmcm/inst/clk_in1
    H16                  IBUF (Prop_ibuf_I_O)         1.451     1.451 r  u_mmcm/inst/clkin1_ibufg/O
                         net (fo=1, routed)           1.285     2.736    u_mmcm/inst/clk_in1_clk_wiz_audio
    MMCME2_ADV_X1Y2      MMCME2_ADV (Prop_mmcme2_adv_CLKIN1_CLKOUT0)
                                                     -7.759    -5.023 r  u_mmcm/inst/mmcm_adv_inst/CLKOUT0
                         net (fo=1, routed)           2.206    -2.817    u_mmcm/inst/clk_out1_clk_wiz_audio
    BUFGCTRL_X0Y16       BUFG (Prop_bufg_I_O)         0.101    -2.716 r  u_mmcm/inst/clkout1_buf/O
                         net (fo=332, routed)         1.856    -0.860    u_rst_sync/clk_out1
    SLICE_X112Y82        FDCE                                         r  u_rst_sync/rst_sync_reg/C
  -------------------------------------------------------------------    -------------------
    SLICE_X112Y82        FDCE (Prop_fdce_C_Q)         0.478    -0.382 r  u_rst_sync/rst_sync_reg/Q
                         net (fo=1, routed)           0.467     0.085    u_div/cnt_reg[0]_0
    SLICE_X112Y82        LUT1 (Prop_lut1_I0_O)        0.295     0.380 f  u_div/cnt[7]_i_2/O
                         net (fo=326, routed)         3.524     3.904    u_rx_jb/bit_counter_reg[4]_0
    SLICE_X105Y87        FDCE                                         f  u_rx_jb/left_data_reg[8]/CLR
  -------------------------------------------------------------------    -------------------

                         (clock clk_out1_clk_wiz_audio_1 rise edge)
                                                     81.380    81.380 r  <hidden>
    H16                                               0.000    81.380 r  sysclk
                         net (fo=0)                   0.000    81.380    u_mmcm/inst/clk_in1
    H16                  IBUF (Prop_ibuf_I_O)         1.380    82.760 r  u_mmcm/inst/clkin1_ibufg/O
                         net (fo=1, routed)           1.162    83.922    u_mmcm/inst/clk_in1_clk_wiz_audio
    MMCME2_ADV_X1Y2      MMCME2_ADV (Prop_mmcme2_adv_CLKIN1_CLKOUT0)
                                                     -7.814    76.108 r  u_mmcm/inst/mmcm_adv_inst/CLKOUT0
                         net (fo=1, routed)           2.012    78.120    u_mmcm/inst/clk_out1_clk_wiz_audio
    BUFGCTRL_X0Y16       BUFG (Prop_bufg_I_O)         0.091    78.211 r  u_mmcm/inst/clkout1_buf/O
                         net (fo=332, routed)         1.605    79.816    u_rx_jb/clk_out1
    SLICE_X105Y87        FDCE                                         r  u_rx_jb/left_data_reg[8]/C
                         clock pessimism              0.567    80.383    <hidden>
                         clock uncertainty           -0.240    80.143    <hidden>
    SLICE_X105Y87        FDCE (Recov_fdce_C_CLR)     -0.405    79.738    u_rx_jb/left_data_reg[8]
  -------------------------------------------------------------------
                         required time                         79.738    <hidden>
                         arrival time                          -3.904    <hidden>
  -------------------------------------------------------------------
                         slack                                 75.834    <hidden>

Slack (MET) :             75.878ns  (required time - arrival time)
  Source:                 u_rst_sync/rst_sync_reg/C
                            (rising edge-triggered cell FDCE clocked by clk_out1_clk_wiz_audio  {rise@0.000ns fall@40.690ns period=81.380ns})
  Destination:            u_matrix/out_reg_reg[2][4]/CLR
                            (recovery check against rising-edge clock clk_out1_clk_wiz_audio_1  {rise@0.000ns fall@40.690ns period=81.380ns})
  Path Group:             **async_default**
  Path Type:              Recovery (Max at Slow Process Corner)
  Requirement:            81.380ns  (clk_out1_clk_wiz_audio_1 rise@81.380ns - clk_out1_clk_wiz_audio rise@0.000ns)
  Data Path Delay:        4.764ns  (logic 0.773ns (16.225%)  route 3.991ns (83.775%))
  Logic Levels:           1  (LUT1=1)
  Clock Path Skew:        -0.137ns (DCD - SCD + CPR)
    Destination Clock Delay (DCD):    -1.564ns = ( 79.816 - 81.380 ) 
    Source Clock Delay      (SCD):    -0.860ns
    Clock Pessimism Removal (CPR):    0.567ns
  Clock Uncertainty:      0.240ns  ((TSJ^2 + DJ^2)^1/2) / 2 + PE
    Total System Jitter     (TSJ):    0.071ns
    Discrete Jitter          (DJ):    0.474ns
    Phase Error              (PE):    0.000ns
  Clock Domain Crossing:  Inter clock paths are considered valid unless explicitly excluded by timing constraints such as set_clock_groups or set_false_path.

    Location             Delay type                Incr(ns)  Path(ns)    Netlist Resource(s)
  -------------------------------------------------------------------    -------------------
                         (clock clk_out1_clk_wiz_audio rise edge)
                                                      0.000     0.000 r  <hidden>
    H16                                               0.000     0.000 r  sysclk
                         net (fo=0)                   0.000     0.000    u_mmcm/inst/clk_in1
    H16                  IBUF (Prop_ibuf_I_O)         1.451     1.451 r  u_mmcm/inst/clkin1_ibufg/O
                         net (fo=1, routed)           1.285     2.736    u_mmcm/inst/clk_in1_clk_wiz_audio
    MMCME2_ADV_X1Y2      MMCME2_ADV (Prop_mmcme2_adv_CLKIN1_CLKOUT0)
                                                     -7.759    -5.023 r  u_mmcm/inst/mmcm_adv_inst/CLKOUT0
                         net (fo=1, routed)           2.206    -2.817    u_mmcm/inst/clk_out1_clk_wiz_audio
    BUFGCTRL_X0Y16       BUFG (Prop_bufg_I_O)         0.101    -2.716 r  u_mmcm/inst/clkout1_buf/O
                         net (fo=332, routed)         1.856    -0.860    u_rst_sync/clk_out1
    SLICE_X112Y82        FDCE                                         r  u_rst_sync/rst_sync_reg/C
  -------------------------------------------------------------------    -------------------
    SLICE_X112Y82        FDCE (Prop_fdce_C_Q)         0.478    -0.382 r  u_rst_sync/rst_sync_reg/Q
                         net (fo=1, routed)           0.467     0.085    u_div/cnt_reg[0]_0
    SLICE_X112Y82        LUT1 (Prop_lut1_I0_O)        0.295     0.380 f  u_div/cnt[7]_i_2/O
                         net (fo=326, routed)         3.524     3.904    u_matrix/out_reg_reg[1][23]_1
    SLICE_X104Y87        FDCE                                         f  u_matrix/out_reg_reg[2][4]/CLR
  -------------------------------------------------------------------    -------------------

                         (clock clk_out1_clk_wiz_audio_1 rise edge)
                                                     81.380    81.380 r  <hidden>
    H16                                               0.000    81.380 r  sysclk
                         net (fo=0)                   0.000    81.380    u_mmcm/inst/clk_in1
    H16                  IBUF (Prop_ibuf_I_O)         1.380    82.760 r  u_mmcm/inst/clkin1_ibufg/O
                         net (fo=1, routed)           1.162    83.922    u_mmcm/inst/clk_in1_clk_wiz_audio
    MMCME2_ADV_X1Y2      MMCME2_ADV (Prop_mmcme2_adv_CLKIN1_CLKOUT0)
                                                     -7.814    76.108 r  u_mmcm/inst/mmcm_adv_inst/CLKOUT0
                         net (fo=1, routed)           2.012    78.120    u_mmcm/inst/clk_out1_clk_wiz_audio
    BUFGCTRL_X0Y16       BUFG (Prop_bufg_I_O)         0.091    78.211 r  u_mmcm/inst/clkout1_buf/O
                         net (fo=332, routed)         1.605    79.816    u_matrix/clk_out1
    SLICE_X104Y87        FDCE                                         r  u_matrix/out_reg_reg[2][4]/C
                         clock pessimism              0.567    80.383    <hidden>
                         clock uncertainty           -0.240    80.143    <hidden>
    SLICE_X104Y87        FDCE (Recov_fdce_C_CLR)     -0.361    79.782    u_matrix/out_reg_reg[2][4]
  -------------------------------------------------------------------
                         required time                         79.782    <hidden>
                         arrival time                          -3.904    <hidden>
  -------------------------------------------------------------------
                         slack                                 75.878    <hidden>

Slack (MET) :             75.878ns  (required time - arrival time)
  Source:                 u_rst_sync/rst_sync_reg/C
                            (rising edge-triggered cell FDCE clocked by clk_out1_clk_wiz_audio  {rise@0.000ns fall@40.690ns period=81.380ns})
  Destination:            u_matrix/out_reg_reg[2][8]/CLR
                            (recovery check against rising-edge clock clk_out1_clk_wiz_audio_1  {rise@0.000ns fall@40.690ns period=81.380ns})
  Path Group:             **async_default**
  Path Type:              Recovery (Max at Slow Process Corner)
  Requirement:            81.380ns  (clk_out1_clk_wiz_audio_1 rise@81.380ns - clk_out1_clk_wiz_audio rise@0.000ns)
  Data Path Delay:        4.764ns  (logic 0.773ns (16.225%)  route 3.991ns (83.775%))
  Logic Levels:           1  (LUT1=1)
  Clock Path Skew:        -0.137ns (DCD - SCD + CPR)
    Destination Clock Delay (DCD):    -1.564ns = ( 79.816 - 81.380 ) 
    Source Clock Delay      (SCD):    -0.860ns
    Clock Pessimism Removal (CPR):    0.567ns
  Clock Uncertainty:      0.240ns  ((TSJ^2 + DJ^2)^1/2) / 2 + PE
    Total System Jitter     (TSJ):    0.071ns
    Discrete Jitter          (DJ):    0.474ns
    Phase Error              (PE):    0.000ns
  Clock Domain Crossing:  Inter clock paths are considered valid unless explicitly excluded by timing constraints such as set_clock_groups or set_false_path.

    Location             Delay type                Incr(ns)  Path(ns)    Netlist Resource(s)
  -------------------------------------------------------------------    -------------------
                         (clock clk_out1_clk_wiz_audio rise edge)
                                                      0.000     0.000 r  <hidden>
    H16                                               0.000     0.000 r  sysclk
                         net (fo=0)                   0.000     0.000    u_mmcm/inst/clk_in1
    H16                  IBUF (Prop_ibuf_I_O)         1.451     1.451 r  u_mmcm/inst/clkin1_ibufg/O
                         net (fo=1, routed)           1.285     2.736    u_mmcm/inst/clk_in1_clk_wiz_audio
    MMCME2_ADV_X1Y2      MMCME2_ADV (Prop_mmcme2_adv_CLKIN1_CLKOUT0)
                                                     -7.759    -5.023 r  u_mmcm/inst/mmcm_adv_inst/CLKOUT0
                         net (fo=1, routed)           2.206    -2.817    u_mmcm/inst/clk_out1_clk_wiz_audio
    BUFGCTRL_X0Y16       BUFG (Prop_bufg_I_O)         0.101    -2.716 r  u_mmcm/inst/clkout1_buf/O
                         net (fo=332, routed)         1.856    -0.860    u_rst_sync/clk_out1
    SLICE_X112Y82        FDCE                                         r  u_rst_sync/rst_sync_reg/C
  -------------------------------------------------------------------    -------------------
    SLICE_X112Y82        FDCE (Prop_fdce_C_Q)         0.478    -0.382 r  u_rst_sync/rst_sync_reg/Q
                         net (fo=1, routed)           0.467     0.085    u_div/cnt_reg[0]_0
    SLICE_X112Y82        LUT1 (Prop_lut1_I0_O)        0.295     0.380 f  u_div/cnt[7]_i_2/O
                         net (fo=326, routed)         3.524     3.904    u_matrix/out_reg_reg[1][23]_1
    SLICE_X104Y87        FDCE                                         f  u_matrix/out_reg_reg[2][8]/CLR
  -------------------------------------------------------------------    -------------------

                         (clock clk_out1_clk_wiz_audio_1 rise edge)
                                                     81.380    81.380 r  <hidden>
    H16                                               0.000    81.380 r  sysclk
                         net (fo=0)                   0.000    81.380    u_mmcm/inst/clk_in1
    H16                  IBUF (Prop_ibuf_I_O)         1.380    82.760 r  u_mmcm/inst/clkin1_ibufg/O
                         net (fo=1, routed)           1.162    83.922    u_mmcm/inst/clk_in1_clk_wiz_audio
    MMCME2_ADV_X1Y2      MMCME2_ADV (Prop_mmcme2_adv_CLKIN1_CLKOUT0)
                                                     -7.814    76.108 r  u_mmcm/inst/mmcm_adv_inst/CLKOUT0
                         net (fo=1, routed)           2.012    78.120    u_mmcm/inst/clk_out1_clk_wiz_audio
    BUFGCTRL_X0Y16       BUFG (Prop_bufg_I_O)         0.091    78.211 r  u_mmcm/inst/clkout1_buf/O
                         net (fo=332, routed)         1.605    79.816    u_matrix/clk_out1
    SLICE_X104Y87        FDCE                                         r  u_matrix/out_reg_reg[2][8]/C
                         clock pessimism              0.567    80.383    <hidden>
                         clock uncertainty           -0.240    80.143    <hidden>
    SLICE_X104Y87        FDCE (Recov_fdce_C_CLR)     -0.361    79.782    u_matrix/out_reg_reg[2][8]
  -------------------------------------------------------------------
                         required time                         79.782    <hidden>
                         arrival time                          -3.904    <hidden>
  -------------------------------------------------------------------
                         slack                                 75.878    <hidden>

Slack (MET) :             75.878ns  (required time - arrival time)
  Source:                 u_rst_sync/rst_sync_reg/C
                            (rising edge-triggered cell FDCE clocked by clk_out1_clk_wiz_audio  {rise@0.000ns fall@40.690ns period=81.380ns})
  Destination:            u_matrix/out_reg_reg[3][4]/CLR
                            (recovery check against rising-edge clock clk_out1_clk_wiz_audio_1  {rise@0.000ns fall@40.690ns period=81.380ns})
  Path Group:             **async_default**
  Path Type:              Recovery (Max at Slow Process Corner)
  Requirement:            81.380ns  (clk_out1_clk_wiz_audio_1 rise@81.380ns - clk_out1_clk_wiz_audio rise@0.000ns)
  Data Path Delay:        4.764ns  (logic 0.773ns (16.225%)  route 3.991ns (83.775%))
  Logic Levels:           1  (LUT1=1)
  Clock Path Skew:        -0.137ns (DCD - SCD + CPR)
    Destination Clock Delay (DCD):    -1.564ns = ( 79.816 - 81.380 ) 
    Source Clock Delay      (SCD):    -0.860ns
    Clock Pessimism Removal (CPR):    0.567ns
  Clock Uncertainty:      0.240ns  ((TSJ^2 + DJ^2)^1/2) / 2 + PE
    Total System Jitter     (TSJ):    0.071ns
    Discrete Jitter          (DJ):    0.474ns
    Phase Error              (PE):    0.000ns
  Clock Domain Crossing:  Inter clock paths are considered valid unless explicitly excluded by timing constraints such as set_clock_groups or set_false_path.

    Location             Delay type                Incr(ns)  Path(ns)    Netlist Resource(s)
  -------------------------------------------------------------------    -------------------
                         (clock clk_out1_clk_wiz_audio rise edge)
                                                      0.000     0.000 r  <hidden>
    H16                                               0.000     0.000 r  sysclk
                         net (fo=0)                   0.000     0.000    u_mmcm/inst/clk_in1
    H16                  IBUF (Prop_ibuf_I_O)         1.451     1.451 r  u_mmcm/inst/clkin1_ibufg/O
                         net (fo=1, routed)           1.285     2.736    u_mmcm/inst/clk_in1_clk_wiz_audio
    MMCME2_ADV_X1Y2      MMCME2_ADV (Prop_mmcme2_adv_CLKIN1_CLKOUT0)
                                                     -7.759    -5.023 r  u_mmcm/inst/mmcm_adv_inst/CLKOUT0
                         net (fo=1, routed)           2.206    -2.817    u_mmcm/inst/clk_out1_clk_wiz_audio
    BUFGCTRL_X0Y16       BUFG (Prop_bufg_I_O)         0.101    -2.716 r  u_mmcm/inst/clkout1_buf/O
                         net (fo=332, routed)         1.856    -0.860    u_rst_sync/clk_out1
    SLICE_X112Y82        FDCE                                         r  u_rst_sync/rst_sync_reg/C
  -------------------------------------------------------------------    -------------------
    SLICE_X112Y82        FDCE (Prop_fdce_C_Q)         0.478    -0.382 r  u_rst_sync/rst_sync_reg/Q
                         net (fo=1, routed)           0.467     0.085    u_div/cnt_reg[0]_0
    SLICE_X112Y82        LUT1 (Prop_lut1_I0_O)        0.295     0.380 f  u_div/cnt[7]_i_2/O
                         net (fo=326, routed)         3.524     3.904    u_matrix/out_reg_reg[1][23]_1
    SLICE_X104Y87        FDCE                                         f  u_matrix/out_reg_reg[3][4]/CLR
  -------------------------------------------------------------------    -------------------

                         (clock clk_out1_clk_wiz_audio_1 rise edge)
                                                     81.380    81.380 r  <hidden>
    H16                                               0.000    81.380 r  sysclk
                         net (fo=0)                   0.000    81.380    u_mmcm/inst/clk_in1
    H16                  IBUF (Prop_ibuf_I_O)         1.380    82.760 r  u_mmcm/inst/clkin1_ibufg/O
                         net (fo=1, routed)           1.162    83.922    u_mmcm/inst/clk_in1_clk_wiz_audio
    MMCME2_ADV_X1Y2      MMCME2_ADV (Prop_mmcme2_adv_CLKIN1_CLKOUT0)
                                                     -7.814    76.108 r  u_mmcm/inst/mmcm_adv_inst/CLKOUT0
                         net (fo=1, routed)           2.012    78.120    u_mmcm/inst/clk_out1_clk_wiz_audio
    BUFGCTRL_X0Y16       BUFG (Prop_bufg_I_O)         0.091    78.211 r  u_mmcm/inst/clkout1_buf/O
                         net (fo=332, routed)         1.605    79.816    u_matrix/clk_out1
    SLICE_X104Y87        FDCE                                         r  u_matrix/out_reg_reg[3][4]/C
                         clock pessimism              0.567    80.383    <hidden>
                         clock uncertainty           -0.240    80.143    <hidden>
    SLICE_X104Y87        FDCE (Recov_fdce_C_CLR)     -0.361    79.782    u_matrix/out_reg_reg[3][4]
  -------------------------------------------------------------------
                         required time                         79.782    <hidden>
                         arrival time                          -3.904    <hidden>
  -------------------------------------------------------------------
                         slack                                 75.878    <hidden>

Slack (MET) :             75.920ns  (required time - arrival time)
  Source:                 u_rst_sync/rst_sync_reg/C
                            (rising edge-triggered cell FDCE clocked by clk_out1_clk_wiz_audio  {rise@0.000ns fall@40.690ns period=81.380ns})
  Destination:            u_matrix/out_reg_reg[2][3]/CLR
                            (recovery check against rising-edge clock clk_out1_clk_wiz_audio_1  {rise@0.000ns fall@40.690ns period=81.380ns})
  Path Group:             **async_default**
  Path Type:              Recovery (Max at Slow Process Corner)
  Requirement:            81.380ns  (clk_out1_clk_wiz_audio_1 rise@81.380ns - clk_out1_clk_wiz_audio rise@0.000ns)
  Data Path Delay:        4.764ns  (logic 0.773ns (16.225%)  route 3.991ns (83.775%))
  Logic Levels:           1  (LUT1=1)
  Clock Path Skew:        -0.137ns (DCD - SCD + CPR)
    Destination Clock Delay (DCD):    -1.564ns = ( 79.816 - 81.380 ) 
    Source Clock Delay      (SCD):    -0.860ns
    Clock Pessimism Removal (CPR):    0.567ns
  Clock Uncertainty:      0.240ns  ((TSJ^2 + DJ^2)^1/2) / 2 + PE
    Total System Jitter     (TSJ):    0.071ns
    Discrete Jitter          (DJ):    0.474ns
    Phase Error              (PE):    0.000ns
  Clock Domain Crossing:  Inter clock paths are considered valid unless explicitly excluded by timing constraints such as set_clock_groups or set_false_path.

    Location             Delay type                Incr(ns)  Path(ns)    Netlist Resource(s)
  -------------------------------------------------------------------    -------------------
                         (clock clk_out1_clk_wiz_audio rise edge)
                                                      0.000     0.000 r  <hidden>
    H16                                               0.000     0.000 r  sysclk
                         net (fo=0)                   0.000     0.000    u_mmcm/inst/clk_in1
    H16                  IBUF (Prop_ibuf_I_O)         1.451     1.451 r  u_mmcm/inst/clkin1_ibufg/O
                         net (fo=1, routed)           1.285     2.736    u_mmcm/inst/clk_in1_clk_wiz_audio
    MMCME2_ADV_X1Y2      MMCME2_ADV (Prop_mmcme2_adv_CLKIN1_CLKOUT0)
                                                     -7.759    -5.023 r  u_mmcm/inst/mmcm_adv_inst/CLKOUT0
                         net (fo=1, routed)           2.206    -2.817    u_mmcm/inst/clk_out1_clk_wiz_audio
    BUFGCTRL_X0Y16       BUFG (Prop_bufg_I_O)         0.101    -2.716 r  u_mmcm/inst/clkout1_buf/O
                         net (fo=332, routed)         1.856    -0.860    u_rst_sync/clk_out1
    SLICE_X112Y82        FDCE                                         r  u_rst_sync/rst_sync_reg/C
  -------------------------------------------------------------------    -------------------
    SLICE_X112Y82        FDCE (Prop_fdce_C_Q)         0.478    -0.382 r  u_rst_sync/rst_sync_reg/Q
                         net (fo=1, routed)           0.467     0.085    u_div/cnt_reg[0]_0
    SLICE_X112Y82        LUT1 (Prop_lut1_I0_O)        0.295     0.380 f  u_div/cnt[7]_i_2/O
                         net (fo=326, routed)         3.524     3.904    u_matrix/out_reg_reg[1][23]_1
    SLICE_X104Y87        FDCE                                         f  u_matrix/out_reg_reg[2][3]/CLR
  -------------------------------------------------------------------    -------------------

                         (clock clk_out1_clk_wiz_audio_1 rise edge)
                                                     81.380    81.380 r  <hidden>
    H16                                               0.000    81.380 r  sysclk
                         net (fo=0)                   0.000    81.380    u_mmcm/inst/clk_in1
    H16                  IBUF (Prop_ibuf_I_O)         1.380    82.760 r  u_mmcm/inst/clkin1_ibufg/O
                         net (fo=1, routed)           1.162    83.922    u_mmcm/inst/clk_in1_clk_wiz_audio
    MMCME2_ADV_X1Y2      MMCME2_ADV (Prop_mmcme2_adv_CLKIN1_CLKOUT0)
                                                     -7.814    76.108 r  u_mmcm/inst/mmcm_adv_inst/CLKOUT0
                         net (fo=1, routed)           2.012    78.120    u_mmcm/inst/clk_out1_clk_wiz_audio
    BUFGCTRL_X0Y16       BUFG (Prop_bufg_I_O)         0.091    78.211 r  u_mmcm/inst/clkout1_buf/O
                         net (fo=332, routed)         1.605    79.816    u_matrix/clk_out1
    SLICE_X104Y87        FDCE                                         r  u_matrix/out_reg_reg[2][3]/C
                         clock pessimism              0.567    80.383    <hidden>
                         clock uncertainty           -0.240    80.143    <hidden>
    SLICE_X104Y87        FDCE (Recov_fdce_C_CLR)     -0.319    79.824    u_matrix/out_reg_reg[2][3]
  -------------------------------------------------------------------
                         required time                         79.824    <hidden>
                         arrival time                          -3.904    <hidden>
  -------------------------------------------------------------------
                         slack                                 75.920    <hidden>





Min Delay Paths
--------------------------------------------------------------------------------------
Slack (MET) :             0.405ns  (arrival time - required time)
  Source:                 u_rst_sync/rst_sync_reg/C
                            (rising edge-triggered cell FDCE clocked by clk_out1_clk_wiz_audio  {rise@0.000ns fall@40.690ns period=81.380ns})
  Destination:            u_div/cnt_reg[0]/CLR
                            (removal check against rising-edge clock clk_out1_clk_wiz_audio_1  {rise@0.000ns fall@40.690ns period=81.380ns})
  Path Group:             **async_default**
  Path Type:              Removal (Min at Fast Process Corner)
  Requirement:            0.000ns  (clk_out1_clk_wiz_audio_1 rise@0.000ns - clk_out1_clk_wiz_audio rise@0.000ns)
  Data Path Delay:        0.589ns  (logic 0.246ns (41.762%)  route 0.343ns (58.238%))
  Logic Levels:           1  (LUT1=1)
  Clock Path Skew:        0.012ns (DCD - SCD - CPR)
    Destination Clock Delay (DCD):    -0.842ns
    Source Clock Delay      (SCD):    -0.601ns
    Clock Pessimism Removal (CPR):    -0.252ns
  Clock Uncertainty:      0.240ns  ((TSJ^2 + DJ^2)^1/2) / 2 + PE
    Total System Jitter     (TSJ):    0.071ns
    Discrete Jitter          (DJ):    0.474ns
    Phase Error              (PE):    0.000ns
  Clock Domain Crossing:  Inter clock paths are considered valid unless explicitly excluded by timing constraints such as set_clock_groups or set_false_path.

    Location             Delay type                Incr(ns)  Path(ns)    Netlist Resource(s)
  -------------------------------------------------------------------    -------------------
                         (clock clk_out1_clk_wiz_audio rise edge)
                                                      0.000     0.000 r  <hidden>
    H16                                               0.000     0.000 r  sysclk
                         net (fo=0)                   0.000     0.000    u_mmcm/inst/clk_in1
    H16                  IBUF (Prop_ibuf_I_O)         0.219     0.219 r  u_mmcm/inst/clkin1_ibufg/O
                         net (fo=1, routed)           0.440     0.659    u_mmcm/inst/clk_in1_clk_wiz_audio
    MMCME2_ADV_X1Y2      MMCME2_ADV (Prop_mmcme2_adv_CLKIN1_CLKOUT0)
                                                     -2.613    -1.954 r  u_mmcm/inst/mmcm_adv_inst/CLKOUT0
                         net (fo=1, routed)           0.696    -1.257    u_mmcm/inst/clk_out1_clk_wiz_audio
    BUFGCTRL_X0Y16       BUFG (Prop_bufg_I_O)         0.026    -1.231 r  u_mmcm/inst/clkout1_buf/O
                         net (fo=332, routed)         0.630    -0.601    u_rst_sync/clk_out1
    SLICE_X112Y82        FDCE                                         r  u_rst_sync/rst_sync_reg/C
  -------------------------------------------------------------------    -------------------
    SLICE_X112Y82        FDCE (Prop_fdce_C_Q)         0.148    -0.453 r  u_rst_sync/rst_sync_reg/Q
                         net (fo=1, routed)           0.150    -0.303    u_div/cnt_reg[0]_0
    SLICE_X112Y82        LUT1 (Prop_lut1_I0_O)        0.098    -0.205 f  u_div/cnt[7]_i_2/O
                         net (fo=326, routed)         0.193    -0.012    u_div/rst_sync_reg
    SLICE_X112Y80        FDCE                                         f  u_div/cnt_reg[0]/CLR
  -------------------------------------------------------------------    -------------------

                         (clock clk_out1_clk_wiz_audio_1 rise edge)
                                                      0.000     0.000 r  <hidden>
    H16                                               0.000     0.000 r  sysclk
                         net (fo=0)                   0.000     0.000    u_mmcm/inst/clk_in1
    H16                  IBUF (Prop_ibuf_I_O)         0.406     0.406 r  u_mmcm/inst/clkin1_ibufg/O
                         net (fo=1, routed)           0.480     0.886    u_mmcm/inst/clk_in1_clk_wiz_audio
    MMCME2_ADV_X1Y2      MMCME2_ADV (Prop_mmcme2_adv_CLKIN1_CLKOUT0)
                                                     -3.407    -2.521 r  u_mmcm/inst/mmcm_adv_inst/CLKOUT0
                         net (fo=1, routed)           0.752    -1.769    u_mmcm/inst/clk_out1_clk_wiz_audio
    BUFGCTRL_X0Y16       BUFG (Prop_bufg_I_O)         0.029    -1.740 r  u_mmcm/inst/clkout1_buf/O
                         net (fo=332, routed)         0.898    -0.842    u_div/clk_out1
    SLICE_X112Y80        FDCE                                         r  u_div/cnt_reg[0]/C
                         clock pessimism              0.252    -0.589    <hidden>
                         clock uncertainty            0.240    -0.350    <hidden>
    SLICE_X112Y80        FDCE (Remov_fdce_C_CLR)     -0.067    -0.417    u_div/cnt_reg[0]
  -------------------------------------------------------------------
                         required time                          0.417    <hidden>
                         arrival time                          -0.012    <hidden>
  -------------------------------------------------------------------
                         slack                                  0.405    <hidden>

Slack (MET) :             0.405ns  (arrival time - required time)
  Source:                 u_rst_sync/rst_sync_reg/C
                            (rising edge-triggered cell FDCE clocked by clk_out1_clk_wiz_audio  {rise@0.000ns fall@40.690ns period=81.380ns})
  Destination:            u_div/cnt_reg[1]/CLR
                            (removal check against rising-edge clock clk_out1_clk_wiz_audio_1  {rise@0.000ns fall@40.690ns period=81.380ns})
  Path Group:             **async_default**
  Path Type:              Removal (Min at Fast Process Corner)
  Requirement:            0.000ns  (clk_out1_clk_wiz_audio_1 rise@0.000ns - clk_out1_clk_wiz_audio rise@0.000ns)
  Data Path Delay:        0.589ns  (logic 0.246ns (41.762%)  route 0.343ns (58.238%))
  Logic Levels:           1  (LUT1=1)
  Clock Path Skew:        0.012ns (DCD - SCD - CPR)
    Destination Clock Delay (DCD):    -0.842ns
    Source Clock Delay      (SCD):    -0.601ns
    Clock Pessimism Removal (CPR):    -0.252ns
  Clock Uncertainty:      0.240ns  ((TSJ^2 + DJ^2)^1/2) / 2 + PE
    Total System Jitter     (TSJ):    0.071ns
    Discrete Jitter          (DJ):    0.474ns
    Phase Error              (PE):    0.000ns
  Clock Domain Crossing:  Inter clock paths are considered valid unless explicitly excluded by timing constraints such as set_clock_groups or set_false_path.

    Location             Delay type                Incr(ns)  Path(ns)    Netlist Resource(s)
  -------------------------------------------------------------------    -------------------
                         (clock clk_out1_clk_wiz_audio rise edge)
                                                      0.000     0.000 r  <hidden>
    H16                                               0.000     0.000 r  sysclk
                         net (fo=0)                   0.000     0.000    u_mmcm/inst/clk_in1
    H16                  IBUF (Prop_ibuf_I_O)         0.219     0.219 r  u_mmcm/inst/clkin1_ibufg/O
                         net (fo=1, routed)           0.440     0.659    u_mmcm/inst/clk_in1_clk_wiz_audio
    MMCME2_ADV_X1Y2      MMCME2_ADV (Prop_mmcme2_adv_CLKIN1_CLKOUT0)
                                                     -2.613    -1.954 r  u_mmcm/inst/mmcm_adv_inst/CLKOUT0
                         net (fo=1, routed)           0.696    -1.257    u_mmcm/inst/clk_out1_clk_wiz_audio
    BUFGCTRL_X0Y16       BUFG (Prop_bufg_I_O)         0.026    -1.231 r  u_mmcm/inst/clkout1_buf/O
                         net (fo=332, routed)         0.630    -0.601    u_rst_sync/clk_out1
    SLICE_X112Y82        FDCE                                         r  u_rst_sync/rst_sync_reg/C
  -------------------------------------------------------------------    -------------------
    SLICE_X112Y82        FDCE (Prop_fdce_C_Q)         0.148    -0.453 r  u_rst_sync/rst_sync_reg/Q
                         net (fo=1, routed)           0.150    -0.303    u_div/cnt_reg[0]_0
    SLICE_X112Y82        LUT1 (Prop_lut1_I0_O)        0.098    -0.205 f  u_div/cnt[7]_i_2/O
                         net (fo=326, routed)         0.193    -0.012    u_div/rst_sync_reg
    SLICE_X112Y80        FDCE                                         f  u_div/cnt_reg[1]/CLR
  -------------------------------------------------------------------    -------------------

                         (clock clk_out1_clk_wiz_audio_1 rise edge)
                                                      0.000     0.000 r  <hidden>
    H16                                               0.000     0.000 r  sysclk
                         net (fo=0)                   0.000     0.000    u_mmcm/inst/clk_in1
    H16                  IBUF (Prop_ibuf_I_O)         0.406     0.406 r  u_mmcm/inst/clkin1_ibufg/O
                         net (fo=1, routed)           0.480     0.886    u_mmcm/inst/clk_in1_clk_wiz_audio
    MMCME2_ADV_X1Y2      MMCME2_ADV (Prop_mmcme2_adv_CLKIN1_CLKOUT0)
                                                     -3.407    -2.521 r  u_mmcm/inst/mmcm_adv_inst/CLKOUT0
                         net (fo=1, routed)           0.752    -1.769    u_mmcm/inst/clk_out1_clk_wiz_audio
    BUFGCTRL_X0Y16       BUFG (Prop_bufg_I_O)         0.029    -1.740 r  u_mmcm/inst/clkout1_buf/O
                         net (fo=332, routed)         0.898    -0.842    u_div/clk_out1
    SLICE_X112Y80        FDCE                                         r  u_div/cnt_reg[1]/C
                         clock pessimism              0.252    -0.589    <hidden>
                         clock uncertainty            0.240    -0.350    <hidden>
    SLICE_X112Y80        FDCE (Remov_fdce_C_CLR)     -0.067    -0.417    u_div/cnt_reg[1]
  -------------------------------------------------------------------
                         required time                          0.417    <hidden>
                         arrival time                          -0.012    <hidden>
  -------------------------------------------------------------------
                         slack                                  0.405    <hidden>

Slack (MET) :             0.405ns  (arrival time - required time)
  Source:                 u_rst_sync/rst_sync_reg/C
                            (rising edge-triggered cell FDCE clocked by clk_out1_clk_wiz_audio  {rise@0.000ns fall@40.690ns period=81.380ns})
  Destination:            u_div/cnt_reg[2]/CLR
                            (removal check against rising-edge clock clk_out1_clk_wiz_audio_1  {rise@0.000ns fall@40.690ns period=81.380ns})
  Path Group:             **async_default**
  Path Type:              Removal (Min at Fast Process Corner)
  Requirement:            0.000ns  (clk_out1_clk_wiz_audio_1 rise@0.000ns - clk_out1_clk_wiz_audio rise@0.000ns)
  Data Path Delay:        0.589ns  (logic 0.246ns (41.762%)  route 0.343ns (58.238%))
  Logic Levels:           1  (LUT1=1)
  Clock Path Skew:        0.012ns (DCD - SCD - CPR)
    Destination Clock Delay (DCD):    -0.842ns
    Source Clock Delay      (SCD):    -0.601ns
    Clock Pessimism Removal (CPR):    -0.252ns
  Clock Uncertainty:      0.240ns  ((TSJ^2 + DJ^2)^1/2) / 2 + PE
    Total System Jitter     (TSJ):    0.071ns
    Discrete Jitter          (DJ):    0.474ns
    Phase Error              (PE):    0.000ns
  Clock Domain Crossing:  Inter clock paths are considered valid unless explicitly excluded by timing constraints such as set_clock_groups or set_false_path.

    Location             Delay type                Incr(ns)  Path(ns)    Netlist Resource(s)
  -------------------------------------------------------------------    -------------------
                         (clock clk_out1_clk_wiz_audio rise edge)
                                                      0.000     0.000 r  <hidden>
    H16                                               0.000     0.000 r  sysclk
                         net (fo=0)                   0.000     0.000    u_mmcm/inst/clk_in1
    H16                  IBUF (Prop_ibuf_I_O)         0.219     0.219 r  u_mmcm/inst/clkin1_ibufg/O
                         net (fo=1, routed)           0.440     0.659    u_mmcm/inst/clk_in1_clk_wiz_audio
    MMCME2_ADV_X1Y2      MMCME2_ADV (Prop_mmcme2_adv_CLKIN1_CLKOUT0)
                                                     -2.613    -1.954 r  u_mmcm/inst/mmcm_adv_inst/CLKOUT0
                         net (fo=1, routed)           0.696    -1.257    u_mmcm/inst/clk_out1_clk_wiz_audio
    BUFGCTRL_X0Y16       BUFG (Prop_bufg_I_O)         0.026    -1.231 r  u_mmcm/inst/clkout1_buf/O
                         net (fo=332, routed)         0.630    -0.601    u_rst_sync/clk_out1
    SLICE_X112Y82        FDCE                                         r  u_rst_sync/rst_sync_reg/C
  -------------------------------------------------------------------    -------------------
    SLICE_X112Y82        FDCE (Prop_fdce_C_Q)         0.148    -0.453 r  u_rst_sync/rst_sync_reg/Q
                         net (fo=1, routed)           0.150    -0.303    u_div/cnt_reg[0]_0
    SLICE_X112Y82        LUT1 (Prop_lut1_I0_O)        0.098    -0.205 f  u_div/cnt[7]_i_2/O
                         net (fo=326, routed)         0.193    -0.012    u_div/rst_sync_reg
    SLICE_X112Y80        FDCE                                         f  u_div/cnt_reg[2]/CLR
  -------------------------------------------------------------------    -------------------

                         (clock clk_out1_clk_wiz_audio_1 rise edge)
                                                      0.000     0.000 r  <hidden>
    H16                                               0.000     0.000 r  sysclk
                         net (fo=0)                   0.000     0.000    u_mmcm/inst/clk_in1
    H16                  IBUF (Prop_ibuf_I_O)         0.406     0.406 r  u_mmcm/inst/clkin1_ibufg/O
                         net (fo=1, routed)           0.480     0.886    u_mmcm/inst/clk_in1_clk_wiz_audio
    MMCME2_ADV_X1Y2      MMCME2_ADV (Prop_mmcme2_adv_CLKIN1_CLKOUT0)
                                                     -3.407    -2.521 r  u_mmcm/inst/mmcm_adv_inst/CLKOUT0
                         net (fo=1, routed)           0.752    -1.769    u_mmcm/inst/clk_out1_clk_wiz_audio
    BUFGCTRL_X0Y16       BUFG (Prop_bufg_I_O)         0.029    -1.740 r  u_mmcm/inst/clkout1_buf/O
                         net (fo=332, routed)         0.898    -0.842    u_div/clk_out1
    SLICE_X112Y80        FDCE                                         r  u_div/cnt_reg[2]/C
                         clock pessimism              0.252    -0.589    <hidden>
                         clock uncertainty            0.240    -0.350    <hidden>
    SLICE_X112Y80        FDCE (Remov_fdce_C_CLR)     -0.067    -0.417    u_div/cnt_reg[2]
  -------------------------------------------------------------------
                         required time                          0.417    <hidden>
                         arrival time                          -0.012    <hidden>
  -------------------------------------------------------------------
                         slack                                  0.405    <hidden>

Slack (MET) :             0.430ns  (arrival time - required time)
  Source:                 u_rst_sync/rst_sync_reg/C
                            (rising edge-triggered cell FDCE clocked by clk_out1_clk_wiz_audio  {rise@0.000ns fall@40.690ns period=81.380ns})
  Destination:            u_div/cnt_reg[3]/CLR
                            (removal check against rising-edge clock clk_out1_clk_wiz_audio_1  {rise@0.000ns fall@40.690ns period=81.380ns})
  Path Group:             **async_default**
  Path Type:              Removal (Min at Fast Process Corner)
  Requirement:            0.000ns  (clk_out1_clk_wiz_audio_1 rise@0.000ns - clk_out1_clk_wiz_audio rise@0.000ns)
  Data Path Delay:        0.589ns  (logic 0.246ns (41.762%)  route 0.343ns (58.238%))
  Logic Levels:           1  (LUT1=1)
  Clock Path Skew:        0.012ns (DCD - SCD - CPR)
    Destination Clock Delay (DCD):    -0.842ns
    Source Clock Delay      (SCD):    -0.601ns
    Clock Pessimism Removal (CPR):    -0.252ns
  Clock Uncertainty:      0.240ns  ((TSJ^2 + DJ^2)^1/2) / 2 + PE
    Total System Jitter     (TSJ):    0.071ns
    Discrete Jitter          (DJ):    0.474ns
    Phase Error              (PE):    0.000ns
  Clock Domain Crossing:  Inter clock paths are considered valid unless explicitly excluded by timing constraints such as set_clock_groups or set_false_path.

    Location             Delay type                Incr(ns)  Path(ns)    Netlist Resource(s)
  -------------------------------------------------------------------    -------------------
                         (clock clk_out1_clk_wiz_audio rise edge)
                                                      0.000     0.000 r  <hidden>
    H16                                               0.000     0.000 r  sysclk
                         net (fo=0)                   0.000     0.000    u_mmcm/inst/clk_in1
    H16                  IBUF (Prop_ibuf_I_O)         0.219     0.219 r  u_mmcm/inst/clkin1_ibufg/O
                         net (fo=1, routed)           0.440     0.659    u_mmcm/inst/clk_in1_clk_wiz_audio
    MMCME2_ADV_X1Y2      MMCME2_ADV (Prop_mmcme2_adv_CLKIN1_CLKOUT0)
                                                     -2.613    -1.954 r  u_mmcm/inst/mmcm_adv_inst/CLKOUT0
                         net (fo=1, routed)           0.696    -1.257    u_mmcm/inst/clk_out1_clk_wiz_audio
    BUFGCTRL_X0Y16       BUFG (Prop_bufg_I_O)         0.026    -1.231 r  u_mmcm/inst/clkout1_buf/O
                         net (fo=332, routed)         0.630    -0.601    u_rst_sync/clk_out1
    SLICE_X112Y82        FDCE                                         r  u_rst_sync/rst_sync_reg/C
  -------------------------------------------------------------------    -------------------
    SLICE_X112Y82        FDCE (Prop_fdce_C_Q)         0.148    -0.453 r  u_rst_sync/rst_sync_reg/Q
                         net (fo=1, routed)           0.150    -0.303    u_div/cnt_reg[0]_0
    SLICE_X112Y82        LUT1 (Prop_lut1_I0_O)        0.098    -0.205 f  u_div/cnt[7]_i_2/O
                         net (fo=326, routed)         0.193    -0.012    u_div/rst_sync_reg
    SLICE_X113Y80        FDCE                                         f  u_div/cnt_reg[3]/CLR
  -------------------------------------------------------------------    -------------------

                         (clock clk_out1_clk_wiz_audio_1 rise edge)
                                                      0.000     0.000 r  <hidden>
    H16                                               0.000     0.000 r  sysclk
                         net (fo=0)                   0.000     0.000    u_mmcm/inst/clk_in1
    H16                  IBUF (Prop_ibuf_I_O)         0.406     0.406 r  u_mmcm/inst/clkin1_ibufg/O
                         net (fo=1, routed)           0.480     0.886    u_mmcm/inst/clk_in1_clk_wiz_audio
    MMCME2_ADV_X1Y2      MMCME2_ADV (Prop_mmcme2_adv_CLKIN1_CLKOUT0)
                                                     -3.407    -2.521 r  u_mmcm/inst/mmcm_adv_inst/CLKOUT0
                         net (fo=1, routed)           0.752    -1.769    u_mmcm/inst/clk_out1_clk_wiz_audio
    BUFGCTRL_X0Y16       BUFG (Prop_bufg_I_O)         0.029    -1.740 r  u_mmcm/inst/clkout1_buf/O
                         net (fo=332, routed)         0.898    -0.842    u_div/clk_out1
    SLICE_X113Y80        FDCE                                         r  u_div/cnt_reg[3]/C
                         clock pessimism              0.252    -0.589    <hidden>
                         clock uncertainty            0.240    -0.350    <hidden>
    SLICE_X113Y80        FDCE (Remov_fdce_C_CLR)     -0.092    -0.442    u_div/cnt_reg[3]
  -------------------------------------------------------------------
                         required time                          0.442    <hidden>
                         arrival time                          -0.012    <hidden>
  -------------------------------------------------------------------
                         slack                                  0.430    <hidden>

Slack (MET) :             0.430ns  (arrival time - required time)
  Source:                 u_rst_sync/rst_sync_reg/C
                            (rising edge-triggered cell FDCE clocked by clk_out1_clk_wiz_audio  {rise@0.000ns fall@40.690ns period=81.380ns})
  Destination:            u_div/cnt_reg[4]/CLR
                            (removal check against rising-edge clock clk_out1_clk_wiz_audio_1  {rise@0.000ns fall@40.690ns period=81.380ns})
  Path Group:             **async_default**
  Path Type:              Removal (Min at Fast Process Corner)
  Requirement:            0.000ns  (clk_out1_clk_wiz_audio_1 rise@0.000ns - clk_out1_clk_wiz_audio rise@0.000ns)
  Data Path Delay:        0.589ns  (logic 0.246ns (41.762%)  route 0.343ns (58.238%))
  Logic Levels:           1  (LUT1=1)
  Clock Path Skew:        0.012ns (DCD - SCD - CPR)
    Destination Clock Delay (DCD):    -0.842ns
    Source Clock Delay      (SCD):    -0.601ns
    Clock Pessimism Removal (CPR):    -0.252ns
  Clock Uncertainty:      0.240ns  ((TSJ^2 + DJ^2)^1/2) / 2 + PE
    Total System Jitter     (TSJ):    0.071ns
    Discrete Jitter          (DJ):    0.474ns
    Phase Error              (PE):    0.000ns
  Clock Domain Crossing:  Inter clock paths are considered valid unless explicitly excluded by timing constraints such as set_clock_groups or set_false_path.

    Location             Delay type                Incr(ns)  Path(ns)    Netlist Resource(s)
  -------------------------------------------------------------------    -------------------
                         (clock clk_out1_clk_wiz_audio rise edge)
                                                      0.000     0.000 r  <hidden>
    H16                                               0.000     0.000 r  sysclk
                         net (fo=0)                   0.000     0.000    u_mmcm/inst/clk_in1
    H16                  IBUF (Prop_ibuf_I_O)         0.219     0.219 r  u_mmcm/inst/clkin1_ibufg/O
                         net (fo=1, routed)           0.440     0.659    u_mmcm/inst/clk_in1_clk_wiz_audio
    MMCME2_ADV_X1Y2      MMCME2_ADV (Prop_mmcme2_adv_CLKIN1_CLKOUT0)
                                                     -2.613    -1.954 r  u_mmcm/inst/mmcm_adv_inst/CLKOUT0
                         net (fo=1, routed)           0.696    -1.257    u_mmcm/inst/clk_out1_clk_wiz_audio
    BUFGCTRL_X0Y16       BUFG (Prop_bufg_I_O)         0.026    -1.231 r  u_mmcm/inst/clkout1_buf/O
                         net (fo=332, routed)         0.630    -0.601    u_rst_sync/clk_out1
    SLICE_X112Y82        FDCE                                         r  u_rst_sync/rst_sync_reg/C
  -------------------------------------------------------------------    -------------------
    SLICE_X112Y82        FDCE (Prop_fdce_C_Q)         0.148    -0.453 r  u_rst_sync/rst_sync_reg/Q
                         net (fo=1, routed)           0.150    -0.303    u_div/cnt_reg[0]_0
    SLICE_X112Y82        LUT1 (Prop_lut1_I0_O)        0.098    -0.205 f  u_div/cnt[7]_i_2/O
                         net (fo=326, routed)         0.193    -0.012    u_div/rst_sync_reg
    SLICE_X113Y80        FDCE                                         f  u_div/cnt_reg[4]/CLR
  -------------------------------------------------------------------    -------------------

                         (clock clk_out1_clk_wiz_audio_1 rise edge)
                                                      0.000     0.000 r  <hidden>
    H16                                               0.000     0.000 r  sysclk
                         net (fo=0)                   0.000     0.000    u_mmcm/inst/clk_in1
    H16                  IBUF (Prop_ibuf_I_O)         0.406     0.406 r  u_mmcm/inst/clkin1_ibufg/O
                         net (fo=1, routed)           0.480     0.886    u_mmcm/inst/clk_in1_clk_wiz_audio
    MMCME2_ADV_X1Y2      MMCME2_ADV (Prop_mmcme2_adv_CLKIN1_CLKOUT0)
                                                     -3.407    -2.521 r  u_mmcm/inst/mmcm_adv_inst/CLKOUT0
                         net (fo=1, routed)           0.752    -1.769    u_mmcm/inst/clk_out1_clk_wiz_audio
    BUFGCTRL_X0Y16       BUFG (Prop_bufg_I_O)         0.029    -1.740 r  u_mmcm/inst/clkout1_buf/O
                         net (fo=332, routed)         0.898    -0.842    u_div/clk_out1
    SLICE_X113Y80        FDCE                                         r  u_div/cnt_reg[4]/C
                         clock pessimism              0.252    -0.589    <hidden>
                         clock uncertainty            0.240    -0.350    <hidden>
    SLICE_X113Y80        FDCE (Remov_fdce_C_CLR)     -0.092    -0.442    u_div/cnt_reg[4]
  -------------------------------------------------------------------
                         required time                          0.442    <hidden>
                         arrival time                          -0.012    <hidden>
  -------------------------------------------------------------------
                         slack                                  0.430    <hidden>

Slack (MET) :             0.430ns  (arrival time - required time)
  Source:                 u_rst_sync/rst_sync_reg/C
                            (rising edge-triggered cell FDCE clocked by clk_out1_clk_wiz_audio  {rise@0.000ns fall@40.690ns period=81.380ns})
  Destination:            u_div/cnt_reg[5]/CLR
                            (removal check against rising-edge clock clk_out1_clk_wiz_audio_1  {rise@0.000ns fall@40.690ns period=81.380ns})
  Path Group:             **async_default**
  Path Type:              Removal (Min at Fast Process Corner)
  Requirement:            0.000ns  (clk_out1_clk_wiz_audio_1 rise@0.000ns - clk_out1_clk_wiz_audio rise@0.000ns)
  Data Path Delay:        0.589ns  (logic 0.246ns (41.762%)  route 0.343ns (58.238%))
  Logic Levels:           1  (LUT1=1)
  Clock Path Skew:        0.012ns (DCD - SCD - CPR)
    Destination Clock Delay (DCD):    -0.842ns
    Source Clock Delay      (SCD):    -0.601ns
    Clock Pessimism Removal (CPR):    -0.252ns
  Clock Uncertainty:      0.240ns  ((TSJ^2 + DJ^2)^1/2) / 2 + PE
    Total System Jitter     (TSJ):    0.071ns
    Discrete Jitter          (DJ):    0.474ns
    Phase Error              (PE):    0.000ns
  Clock Domain Crossing:  Inter clock paths are considered valid unless explicitly excluded by timing constraints such as set_clock_groups or set_false_path.

    Location             Delay type                Incr(ns)  Path(ns)    Netlist Resource(s)
  -------------------------------------------------------------------    -------------------
                         (clock clk_out1_clk_wiz_audio rise edge)
                                                      0.000     0.000 r  <hidden>
    H16                                               0.000     0.000 r  sysclk
                         net (fo=0)                   0.000     0.000    u_mmcm/inst/clk_in1
    H16                  IBUF (Prop_ibuf_I_O)         0.219     0.219 r  u_mmcm/inst/clkin1_ibufg/O
                         net (fo=1, routed)           0.440     0.659    u_mmcm/inst/clk_in1_clk_wiz_audio
    MMCME2_ADV_X1Y2      MMCME2_ADV (Prop_mmcme2_adv_CLKIN1_CLKOUT0)
                                                     -2.613    -1.954 r  u_mmcm/inst/mmcm_adv_inst/CLKOUT0
                         net (fo=1, routed)           0.696    -1.257    u_mmcm/inst/clk_out1_clk_wiz_audio
    BUFGCTRL_X0Y16       BUFG (Prop_bufg_I_O)         0.026    -1.231 r  u_mmcm/inst/clkout1_buf/O
                         net (fo=332, routed)         0.630    -0.601    u_rst_sync/clk_out1
    SLICE_X112Y82        FDCE                                         r  u_rst_sync/rst_sync_reg/C
  -------------------------------------------------------------------    -------------------
    SLICE_X112Y82        FDCE (Prop_fdce_C_Q)         0.148    -0.453 r  u_rst_sync/rst_sync_reg/Q
                         net (fo=1, routed)           0.150    -0.303    u_div/cnt_reg[0]_0
    SLICE_X112Y82        LUT1 (Prop_lut1_I0_O)        0.098    -0.205 f  u_div/cnt[7]_i_2/O
                         net (fo=326, routed)         0.193    -0.012    u_div/rst_sync_reg
    SLICE_X113Y80        FDCE                                         f  u_div/cnt_reg[5]/CLR
  -------------------------------------------------------------------    -------------------

                         (clock clk_out1_clk_wiz_audio_1 rise edge)
                                                      0.000     0.000 r  <hidden>
    H16                                               0.000     0.000 r  sysclk
                         net (fo=0)                   0.000     0.000    u_mmcm/inst/clk_in1
    H16                  IBUF (Prop_ibuf_I_O)         0.406     0.406 r  u_mmcm/inst/clkin1_ibufg/O
                         net (fo=1, routed)           0.480     0.886    u_mmcm/inst/clk_in1_clk_wiz_audio
    MMCME2_ADV_X1Y2      MMCME2_ADV (Prop_mmcme2_adv_CLKIN1_CLKOUT0)
                                                     -3.407    -2.521 r  u_mmcm/inst/mmcm_adv_inst/CLKOUT0
                         net (fo=1, routed)           0.752    -1.769    u_mmcm/inst/clk_out1_clk_wiz_audio
    BUFGCTRL_X0Y16       BUFG (Prop_bufg_I_O)         0.029    -1.740 r  u_mmcm/inst/clkout1_buf/O
                         net (fo=332, routed)         0.898    -0.842    u_div/clk_out1
    SLICE_X113Y80        FDCE                                         r  u_div/cnt_reg[5]/C
                         clock pessimism              0.252    -0.589    <hidden>
                         clock uncertainty            0.240    -0.350    <hidden>
    SLICE_X113Y80        FDCE (Remov_fdce_C_CLR)     -0.092    -0.442    u_div/cnt_reg[5]
  -------------------------------------------------------------------
                         required time                          0.442    <hidden>
                         arrival time                          -0.012    <hidden>
  -------------------------------------------------------------------
                         slack                                  0.430    <hidden>

Slack (MET) :             0.430ns  (arrival time - required time)
  Source:                 u_rst_sync/rst_sync_reg/C
                            (rising edge-triggered cell FDCE clocked by clk_out1_clk_wiz_audio  {rise@0.000ns fall@40.690ns period=81.380ns})
  Destination:            u_div/cnt_reg[6]/CLR
                            (removal check against rising-edge clock clk_out1_clk_wiz_audio_1  {rise@0.000ns fall@40.690ns period=81.380ns})
  Path Group:             **async_default**
  Path Type:              Removal (Min at Fast Process Corner)
  Requirement:            0.000ns  (clk_out1_clk_wiz_audio_1 rise@0.000ns - clk_out1_clk_wiz_audio rise@0.000ns)
  Data Path Delay:        0.589ns  (logic 0.246ns (41.762%)  route 0.343ns (58.238%))
  Logic Levels:           1  (LUT1=1)
  Clock Path Skew:        0.012ns (DCD - SCD - CPR)
    Destination Clock Delay (DCD):    -0.842ns
    Source Clock Delay      (SCD):    -0.601ns
    Clock Pessimism Removal (CPR):    -0.252ns
  Clock Uncertainty:      0.240ns  ((TSJ^2 + DJ^2)^1/2) / 2 + PE
    Total System Jitter     (TSJ):    0.071ns
    Discrete Jitter          (DJ):    0.474ns
    Phase Error              (PE):    0.000ns
  Clock Domain Crossing:  Inter clock paths are considered valid unless explicitly excluded by timing constraints such as set_clock_groups or set_false_path.

    Location             Delay type                Incr(ns)  Path(ns)    Netlist Resource(s)
  -------------------------------------------------------------------    -------------------
                         (clock clk_out1_clk_wiz_audio rise edge)
                                                      0.000     0.000 r  <hidden>
    H16                                               0.000     0.000 r  sysclk
                         net (fo=0)                   0.000     0.000    u_mmcm/inst/clk_in1
    H16                  IBUF (Prop_ibuf_I_O)         0.219     0.219 r  u_mmcm/inst/clkin1_ibufg/O
                         net (fo=1, routed)           0.440     0.659    u_mmcm/inst/clk_in1_clk_wiz_audio
    MMCME2_ADV_X1Y2      MMCME2_ADV (Prop_mmcme2_adv_CLKIN1_CLKOUT0)
                                                     -2.613    -1.954 r  u_mmcm/inst/mmcm_adv_inst/CLKOUT0
                         net (fo=1, routed)           0.696    -1.257    u_mmcm/inst/clk_out1_clk_wiz_audio
    BUFGCTRL_X0Y16       BUFG (Prop_bufg_I_O)         0.026    -1.231 r  u_mmcm/inst/clkout1_buf/O
                         net (fo=332, routed)         0.630    -0.601    u_rst_sync/clk_out1
    SLICE_X112Y82        FDCE                                         r  u_rst_sync/rst_sync_reg/C
  -------------------------------------------------------------------    -------------------
    SLICE_X112Y82        FDCE (Prop_fdce_C_Q)         0.148    -0.453 r  u_rst_sync/rst_sync_reg/Q
                         net (fo=1, routed)           0.150    -0.303    u_div/cnt_reg[0]_0
    SLICE_X112Y82        LUT1 (Prop_lut1_I0_O)        0.098    -0.205 f  u_div/cnt[7]_i_2/O
                         net (fo=326, routed)         0.193    -0.012    u_div/rst_sync_reg
    SLICE_X113Y80        FDCE                                         f  u_div/cnt_reg[6]/CLR
  -------------------------------------------------------------------    -------------------

                         (clock clk_out1_clk_wiz_audio_1 rise edge)
                                                      0.000     0.000 r  <hidden>
    H16                                               0.000     0.000 r  sysclk
                         net (fo=0)                   0.000     0.000    u_mmcm/inst/clk_in1
    H16                  IBUF (Prop_ibuf_I_O)         0.406     0.406 r  u_mmcm/inst/clkin1_ibufg/O
                         net (fo=1, routed)           0.480     0.886    u_mmcm/inst/clk_in1_clk_wiz_audio
    MMCME2_ADV_X1Y2      MMCME2_ADV (Prop_mmcme2_adv_CLKIN1_CLKOUT0)
                                                     -3.407    -2.521 r  u_mmcm/inst/mmcm_adv_inst/CLKOUT0
                         net (fo=1, routed)           0.752    -1.769    u_mmcm/inst/clk_out1_clk_wiz_audio
    BUFGCTRL_X0Y16       BUFG (Prop_bufg_I_O)         0.029    -1.740 r  u_mmcm/inst/clkout1_buf/O
                         net (fo=332, routed)         0.898    -0.842    u_div/clk_out1
    SLICE_X113Y80        FDCE                                         r  u_div/cnt_reg[6]/C
                         clock pessimism              0.252    -0.589    <hidden>
                         clock uncertainty            0.240    -0.350    <hidden>
    SLICE_X113Y80        FDCE (Remov_fdce_C_CLR)     -0.092    -0.442    u_div/cnt_reg[6]
  -------------------------------------------------------------------
                         required time                          0.442    <hidden>
                         arrival time                          -0.012    <hidden>
  -------------------------------------------------------------------
                         slack                                  0.430    <hidden>

Slack (MET) :             0.430ns  (arrival time - required time)
  Source:                 u_rst_sync/rst_sync_reg/C
                            (rising edge-triggered cell FDCE clocked by clk_out1_clk_wiz_audio  {rise@0.000ns fall@40.690ns period=81.380ns})
  Destination:            u_div/cnt_reg[7]/CLR
                            (removal check against rising-edge clock clk_out1_clk_wiz_audio_1  {rise@0.000ns fall@40.690ns period=81.380ns})
  Path Group:             **async_default**
  Path Type:              Removal (Min at Fast Process Corner)
  Requirement:            0.000ns  (clk_out1_clk_wiz_audio_1 rise@0.000ns - clk_out1_clk_wiz_audio rise@0.000ns)
  Data Path Delay:        0.589ns  (logic 0.246ns (41.762%)  route 0.343ns (58.238%))
  Logic Levels:           1  (LUT1=1)
  Clock Path Skew:        0.012ns (DCD - SCD - CPR)
    Destination Clock Delay (DCD):    -0.842ns
    Source Clock Delay      (SCD):    -0.601ns
    Clock Pessimism Removal (CPR):    -0.252ns
  Clock Uncertainty:      0.240ns  ((TSJ^2 + DJ^2)^1/2) / 2 + PE
    Total System Jitter     (TSJ):    0.071ns
    Discrete Jitter          (DJ):    0.474ns
    Phase Error              (PE):    0.000ns
  Clock Domain Crossing:  Inter clock paths are considered valid unless explicitly excluded by timing constraints such as set_clock_groups or set_false_path.

    Location             Delay type                Incr(ns)  Path(ns)    Netlist Resource(s)
  -------------------------------------------------------------------    -------------------
                         (clock clk_out1_clk_wiz_audio rise edge)
                                                      0.000     0.000 r  <hidden>
    H16                                               0.000     0.000 r  sysclk
                         net (fo=0)                   0.000     0.000    u_mmcm/inst/clk_in1
    H16                  IBUF (Prop_ibuf_I_O)         0.219     0.219 r  u_mmcm/inst/clkin1_ibufg/O
                         net (fo=1, routed)           0.440     0.659    u_mmcm/inst/clk_in1_clk_wiz_audio
    MMCME2_ADV_X1Y2      MMCME2_ADV (Prop_mmcme2_adv_CLKIN1_CLKOUT0)
                                                     -2.613    -1.954 r  u_mmcm/inst/mmcm_adv_inst/CLKOUT0
                         net (fo=1, routed)           0.696    -1.257    u_mmcm/inst/clk_out1_clk_wiz_audio
    BUFGCTRL_X0Y16       BUFG (Prop_bufg_I_O)         0.026    -1.231 r  u_mmcm/inst/clkout1_buf/O
                         net (fo=332, routed)         0.630    -0.601    u_rst_sync/clk_out1
    SLICE_X112Y82        FDCE                                         r  u_rst_sync/rst_sync_reg/C
  -------------------------------------------------------------------    -------------------
    SLICE_X112Y82        FDCE (Prop_fdce_C_Q)         0.148    -0.453 r  u_rst_sync/rst_sync_reg/Q
                         net (fo=1, routed)           0.150    -0.303    u_div/cnt_reg[0]_0
    SLICE_X112Y82        LUT1 (Prop_lut1_I0_O)        0.098    -0.205 f  u_div/cnt[7]_i_2/O
                         net (fo=326, routed)         0.193    -0.012    u_div/rst_sync_reg
    SLICE_X113Y80        FDCE                                         f  u_div/cnt_reg[7]/CLR
  -------------------------------------------------------------------    -------------------

                         (clock clk_out1_clk_wiz_audio_1 rise edge)
                                                      0.000     0.000 r  <hidden>
    H16                                               0.000     0.000 r  sysclk
                         net (fo=0)                   0.000     0.000    u_mmcm/inst/clk_in1
    H16                  IBUF (Prop_ibuf_I_O)         0.406     0.406 r  u_mmcm/inst/clkin1_ibufg/O
                         net (fo=1, routed)           0.480     0.886    u_mmcm/inst/clk_in1_clk_wiz_audio
    MMCME2_ADV_X1Y2      MMCME2_ADV (Prop_mmcme2_adv_CLKIN1_CLKOUT0)
                                                     -3.407    -2.521 r  u_mmcm/inst/mmcm_adv_inst/CLKOUT0
                         net (fo=1, routed)           0.752    -1.769    u_mmcm/inst/clk_out1_clk_wiz_audio
    BUFGCTRL_X0Y16       BUFG (Prop_bufg_I_O)         0.029    -1.740 r  u_mmcm/inst/clkout1_buf/O
                         net (fo=332, routed)         0.898    -0.842    u_div/clk_out1
    SLICE_X113Y80        FDCE                                         r  u_div/cnt_reg[7]/C
                         clock pessimism              0.252    -0.589    <hidden>
                         clock uncertainty            0.240    -0.350    <hidden>
    SLICE_X113Y80        FDCE (Remov_fdce_C_CLR)     -0.092    -0.442    u_div/cnt_reg[7]
  -------------------------------------------------------------------
                         required time                          0.442    <hidden>
                         arrival time                          -0.012    <hidden>
  -------------------------------------------------------------------
                         slack                                  0.430    <hidden>

Slack (MET) :             0.629ns  (arrival time - required time)
  Source:                 u_rst_sync/rst_sync_reg/C
                            (rising edge-triggered cell FDCE clocked by clk_out1_clk_wiz_audio  {rise@0.000ns fall@40.690ns period=81.380ns})
  Destination:            u_rx_ja/lrck_r_reg/CLR
                            (removal check against rising-edge clock clk_out1_clk_wiz_audio_1  {rise@0.000ns fall@40.690ns period=81.380ns})
  Path Group:             **async_default**
  Path Type:              Removal (Min at Fast Process Corner)
  Requirement:            0.000ns  (clk_out1_clk_wiz_audio_1 rise@0.000ns - clk_out1_clk_wiz_audio rise@0.000ns)
  Data Path Delay:        0.816ns  (logic 0.246ns (30.143%)  route 0.570ns (69.857%))
  Logic Levels:           1  (LUT1=1)
  Clock Path Skew:        0.015ns (DCD - SCD - CPR)
    Destination Clock Delay (DCD):    -0.839ns
    Source Clock Delay      (SCD):    -0.601ns
    Clock Pessimism Removal (CPR):    -0.252ns
  Clock Uncertainty:      0.240ns  ((TSJ^2 + DJ^2)^1/2) / 2 + PE
    Total System Jitter     (TSJ):    0.071ns
    Discrete Jitter          (DJ):    0.474ns
    Phase Error              (PE):    0.000ns
  Clock Domain Crossing:  Inter clock paths are considered valid unless explicitly excluded by timing constraints such as set_clock_groups or set_false_path.

    Location             Delay type                Incr(ns)  Path(ns)    Netlist Resource(s)
  -------------------------------------------------------------------    -------------------
                         (clock clk_out1_clk_wiz_audio rise edge)
                                                      0.000     0.000 r  <hidden>
    H16                                               0.000     0.000 r  sysclk
                         net (fo=0)                   0.000     0.000    u_mmcm/inst/clk_in1
    H16                  IBUF (Prop_ibuf_I_O)         0.219     0.219 r  u_mmcm/inst/clkin1_ibufg/O
                         net (fo=1, routed)           0.440     0.659    u_mmcm/inst/clk_in1_clk_wiz_audio
    MMCME2_ADV_X1Y2      MMCME2_ADV (Prop_mmcme2_adv_CLKIN1_CLKOUT0)
                                                     -2.613    -1.954 r  u_mmcm/inst/mmcm_adv_inst/CLKOUT0
                         net (fo=1, routed)           0.696    -1.257    u_mmcm/inst/clk_out1_clk_wiz_audio
    BUFGCTRL_X0Y16       BUFG (Prop_bufg_I_O)         0.026    -1.231 r  u_mmcm/inst/clkout1_buf/O
                         net (fo=332, routed)         0.630    -0.601    u_rst_sync/clk_out1
    SLICE_X112Y82        FDCE                                         r  u_rst_sync/rst_sync_reg/C
  -------------------------------------------------------------------    -------------------
    SLICE_X112Y82        FDCE (Prop_fdce_C_Q)         0.148    -0.453 r  u_rst_sync/rst_sync_reg/Q
                         net (fo=1, routed)           0.150    -0.303    u_div/cnt_reg[0]_0
    SLICE_X112Y82        LUT1 (Prop_lut1_I0_O)        0.098    -0.205 f  u_div/cnt[7]_i_2/O
                         net (fo=326, routed)         0.420     0.215    u_rx_ja/lrck_r_reg_0
    SLICE_X112Y83        FDCE                                         f  u_rx_ja/lrck_r_reg/CLR
  -------------------------------------------------------------------    -------------------

                         (clock clk_out1_clk_wiz_audio_1 rise edge)
                                                      0.000     0.000 r  <hidden>
    H16                                               0.000     0.000 r  sysclk
                         net (fo=0)                   0.000     0.000    u_mmcm/inst/clk_in1
    H16                  IBUF (Prop_ibuf_I_O)         0.406     0.406 r  u_mmcm/inst/clkin1_ibufg/O
                         net (fo=1, routed)           0.480     0.886    u_mmcm/inst/clk_in1_clk_wiz_audio
    MMCME2_ADV_X1Y2      MMCME2_ADV (Prop_mmcme2_adv_CLKIN1_CLKOUT0)
                                                     -3.407    -2.521 r  u_mmcm/inst/mmcm_adv_inst/CLKOUT0
                         net (fo=1, routed)           0.752    -1.769    u_mmcm/inst/clk_out1_clk_wiz_audio
    BUFGCTRL_X0Y16       BUFG (Prop_bufg_I_O)         0.029    -1.740 r  u_mmcm/inst/clkout1_buf/O
                         net (fo=332, routed)         0.901    -0.839    u_rx_ja/clk_out1
    SLICE_X112Y83        FDCE                                         r  u_rx_ja/lrck_r_reg/C
                         clock pessimism              0.252    -0.586    <hidden>
                         clock uncertainty            0.240    -0.347    <hidden>
    SLICE_X112Y83        FDCE (Remov_fdce_C_CLR)     -0.067    -0.414    u_rx_ja/lrck_r_reg
  -------------------------------------------------------------------
                         required time                          0.414    <hidden>
                         arrival time                           0.215    <hidden>
  -------------------------------------------------------------------
                         slack                                  0.629    <hidden>

Slack (MET) :             0.694ns  (arrival time - required time)
  Source:                 u_rst_sync/rst_sync_reg/C
                            (rising edge-triggered cell FDCE clocked by clk_out1_clk_wiz_audio  {rise@0.000ns fall@40.690ns period=81.380ns})
  Destination:            u_rx_jb/bit_counter_reg[1]/CLR
                            (removal check against rising-edge clock clk_out1_clk_wiz_audio_1  {rise@0.000ns fall@40.690ns period=81.380ns})
  Path Group:             **async_default**
  Path Type:              Removal (Min at Fast Process Corner)
  Requirement:            0.000ns  (clk_out1_clk_wiz_audio_1 rise@0.000ns - clk_out1_clk_wiz_audio rise@0.000ns)
  Data Path Delay:        0.883ns  (logic 0.246ns (27.851%)  route 0.637ns (72.149%))
  Logic Levels:           1  (LUT1=1)
  Clock Path Skew:        0.017ns (DCD - SCD - CPR)
    Destination Clock Delay (DCD):    -0.837ns
    Source Clock Delay      (SCD):    -0.601ns
    Clock Pessimism Removal (CPR):    -0.252ns
  Clock Uncertainty:      0.240ns  ((TSJ^2 + DJ^2)^1/2) / 2 + PE
    Total System Jitter     (TSJ):    0.071ns
    Discrete Jitter          (DJ):    0.474ns
    Phase Error              (PE):    0.000ns
  Clock Domain Crossing:  Inter clock paths are considered valid unless explicitly excluded by timing constraints such as set_clock_groups or set_false_path.

    Location             Delay type                Incr(ns)  Path(ns)    Netlist Resource(s)
  -------------------------------------------------------------------    -------------------
                         (clock clk_out1_clk_wiz_audio rise edge)
                                                      0.000     0.000 r  <hidden>
    H16                                               0.000     0.000 r  sysclk
                         net (fo=0)                   0.000     0.000    u_mmcm/inst/clk_in1
    H16                  IBUF (Prop_ibuf_I_O)         0.219     0.219 r  u_mmcm/inst/clkin1_ibufg/O
                         net (fo=1, routed)           0.440     0.659    u_mmcm/inst/clk_in1_clk_wiz_audio
    MMCME2_ADV_X1Y2      MMCME2_ADV (Prop_mmcme2_adv_CLKIN1_CLKOUT0)
                                                     -2.613    -1.954 r  u_mmcm/inst/mmcm_adv_inst/CLKOUT0
                         net (fo=1, routed)           0.696    -1.257    u_mmcm/inst/clk_out1_clk_wiz_audio
    BUFGCTRL_X0Y16       BUFG (Prop_bufg_I_O)         0.026    -1.231 r  u_mmcm/inst/clkout1_buf/O
                         net (fo=332, routed)         0.630    -0.601    u_rst_sync/clk_out1
    SLICE_X112Y82        FDCE                                         r  u_rst_sync/rst_sync_reg/C
  -------------------------------------------------------------------    -------------------
    SLICE_X112Y82        FDCE (Prop_fdce_C_Q)         0.148    -0.453 r  u_rst_sync/rst_sync_reg/Q
                         net (fo=1, routed)           0.150    -0.303    u_div/cnt_reg[0]_0
    SLICE_X112Y82        LUT1 (Prop_lut1_I0_O)        0.098    -0.205 f  u_div/cnt[7]_i_2/O
                         net (fo=326, routed)         0.487     0.282    u_rx_jb/bit_counter_reg[4]_0
    SLICE_X112Y85        FDCE                                         f  u_rx_jb/bit_counter_reg[1]/CLR
  -------------------------------------------------------------------    -------------------

                         (clock clk_out1_clk_wiz_audio_1 rise edge)
                                                      0.000     0.000 r  <hidden>
    H16                                               0.000     0.000 r  sysclk
                         net (fo=0)                   0.000     0.000    u_mmcm/inst/clk_in1
    H16                  IBUF (Prop_ibuf_I_O)         0.406     0.406 r  u_mmcm/inst/clkin1_ibufg/O
                         net (fo=1, routed)           0.480     0.886    u_mmcm/inst/clk_in1_clk_wiz_audio
    MMCME2_ADV_X1Y2      MMCME2_ADV (Prop_mmcme2_adv_CLKIN1_CLKOUT0)
                                                     -3.407    -2.521 r  u_mmcm/inst/mmcm_adv_inst/CLKOUT0
                         net (fo=1, routed)           0.752    -1.769    u_mmcm/inst/clk_out1_clk_wiz_audio
    BUFGCTRL_X0Y16       BUFG (Prop_bufg_I_O)         0.029    -1.740 r  u_mmcm/inst/clkout1_buf/O
                         net (fo=332, routed)         0.903    -0.837    u_rx_jb/clk_out1
    SLICE_X112Y85        FDCE                                         r  u_rx_jb/bit_counter_reg[1]/C
                         clock pessimism              0.252    -0.584    <hidden>
                         clock uncertainty            0.240    -0.345    <hidden>
    SLICE_X112Y85        FDCE (Remov_fdce_C_CLR)     -0.067    -0.412    u_rx_jb/bit_counter_reg[1]
  -------------------------------------------------------------------
                         required time                          0.412    <hidden>
                         arrival time                           0.282    <hidden>
  -------------------------------------------------------------------
                         slack                                  0.694    <hidden>





---------------------------------------------------------------------------------------------------
Path Group:  **async_default**
From Clock:  clk_out1_clk_wiz_audio_1
  To Clock:  clk_out1_clk_wiz_audio_1

Setup :            0  Failing Endpoints,  Worst Slack       75.845ns,  Total Violation        0.000ns
Hold  :            0  Failing Endpoints,  Worst Slack        0.644ns,  Total Violation        0.000ns
---------------------------------------------------------------------------------------------------


Max Delay Paths
--------------------------------------------------------------------------------------
Slack (MET) :             75.845ns  (required time - arrival time)
  Source:                 u_rst_sync/rst_sync_reg/C
                            (rising edge-triggered cell FDCE clocked by clk_out1_clk_wiz_audio_1  {rise@0.000ns fall@40.690ns period=81.380ns})
  Destination:            u_rx_jb/left_data_reg[3]/CLR
                            (recovery check against rising-edge clock clk_out1_clk_wiz_audio_1  {rise@0.000ns fall@40.690ns period=81.380ns})
  Path Group:             **async_default**
  Path Type:              Recovery (Max at Slow Process Corner)
  Requirement:            81.380ns  (clk_out1_clk_wiz_audio_1 rise@81.380ns - clk_out1_clk_wiz_audio_1 rise@0.000ns)
  Data Path Delay:        4.764ns  (logic 0.773ns (16.225%)  route 3.991ns (83.775%))
  Logic Levels:           1  (LUT1=1)
  Clock Path Skew:        -0.137ns (DCD - SCD + CPR)
    Destination Clock Delay (DCD):    -1.564ns = ( 79.816 - 81.380 ) 
    Source Clock Delay      (SCD):    -0.860ns
    Clock Pessimism Removal (CPR):    0.567ns
  Clock Uncertainty:      0.228ns  ((TSJ^2 + DJ^2)^1/2) / 2 + PE
    Total System Jitter     (TSJ):    0.071ns
    Discrete Jitter          (DJ):    0.451ns
    Phase Error              (PE):    0.000ns

    Location             Delay type                Incr(ns)  Path(ns)    Netlist Resource(s)
  -------------------------------------------------------------------    -------------------
                         (clock clk_out1_clk_wiz_audio_1 rise edge)
                                                      0.000     0.000 r  <hidden>
    H16                                               0.000     0.000 r  sysclk
                         net (fo=0)                   0.000     0.000    u_mmcm/inst/clk_in1
    H16                  IBUF (Prop_ibuf_I_O)         1.451     1.451 r  u_mmcm/inst/clkin1_ibufg/O
                         net (fo=1, routed)           1.285     2.736    u_mmcm/inst/clk_in1_clk_wiz_audio
    MMCME2_ADV_X1Y2      MMCME2_ADV (Prop_mmcme2_adv_CLKIN1_CLKOUT0)
                                                     -7.759    -5.023 r  u_mmcm/inst/mmcm_adv_inst/CLKOUT0
                         net (fo=1, routed)           2.206    -2.817    u_mmcm/inst/clk_out1_clk_wiz_audio
    BUFGCTRL_X0Y16       BUFG (Prop_bufg_I_O)         0.101    -2.716 r  u_mmcm/inst/clkout1_buf/O
                         net (fo=332, routed)         1.856    -0.860    u_rst_sync/clk_out1
    SLICE_X112Y82        FDCE                                         r  u_rst_sync/rst_sync_reg/C
  -------------------------------------------------------------------    -------------------
    SLICE_X112Y82        FDCE (Prop_fdce_C_Q)         0.478    -0.382 r  u_rst_sync/rst_sync_reg/Q
                         net (fo=1, routed)           0.467     0.085    u_div/cnt_reg[0]_0
    SLICE_X112Y82        LUT1 (Prop_lut1_I0_O)        0.295     0.380 f  u_div/cnt[7]_i_2/O
                         net (fo=326, routed)         3.524     3.904    u_rx_jb/bit_counter_reg[4]_0
    SLICE_X105Y87        FDCE                                         f  u_rx_jb/left_data_reg[3]/CLR
  -------------------------------------------------------------------    -------------------

                         (clock clk_out1_clk_wiz_audio_1 rise edge)
                                                     81.380    81.380 r  <hidden>
    H16                                               0.000    81.380 r  sysclk
                         net (fo=0)                   0.000    81.380    u_mmcm/inst/clk_in1
    H16                  IBUF (Prop_ibuf_I_O)         1.380    82.760 r  u_mmcm/inst/clkin1_ibufg/O
                         net (fo=1, routed)           1.162    83.922    u_mmcm/inst/clk_in1_clk_wiz_audio
    MMCME2_ADV_X1Y2      MMCME2_ADV (Prop_mmcme2_adv_CLKIN1_CLKOUT0)
                                                     -7.814    76.108 r  u_mmcm/inst/mmcm_adv_inst/CLKOUT0
                         net (fo=1, routed)           2.012    78.120    u_mmcm/inst/clk_out1_clk_wiz_audio
    BUFGCTRL_X0Y16       BUFG (Prop_bufg_I_O)         0.091    78.211 r  u_mmcm/inst/clkout1_buf/O
                         net (fo=332, routed)         1.605    79.816    u_rx_jb/clk_out1
    SLICE_X105Y87        FDCE                                         r  u_rx_jb/left_data_reg[3]/C
                         clock pessimism              0.567    80.383    <hidden>
                         clock uncertainty           -0.228    80.154    <hidden>
    SLICE_X105Y87        FDCE (Recov_fdce_C_CLR)     -0.405    79.749    u_rx_jb/left_data_reg[3]
  -------------------------------------------------------------------
                         required time                         79.749    <hidden>
                         arrival time                          -3.904    <hidden>
  -------------------------------------------------------------------
                         slack                                 75.845    <hidden>

Slack (MET) :             75.845ns  (required time - arrival time)
  Source:                 u_rst_sync/rst_sync_reg/C
                            (rising edge-triggered cell FDCE clocked by clk_out1_clk_wiz_audio_1  {rise@0.000ns fall@40.690ns period=81.380ns})
  Destination:            u_rx_jb/left_data_reg[4]/CLR
                            (recovery check against rising-edge clock clk_out1_clk_wiz_audio_1  {rise@0.000ns fall@40.690ns period=81.380ns})
  Path Group:             **async_default**
  Path Type:              Recovery (Max at Slow Process Corner)
  Requirement:            81.380ns  (clk_out1_clk_wiz_audio_1 rise@81.380ns - clk_out1_clk_wiz_audio_1 rise@0.000ns)
  Data Path Delay:        4.764ns  (logic 0.773ns (16.225%)  route 3.991ns (83.775%))
  Logic Levels:           1  (LUT1=1)
  Clock Path Skew:        -0.137ns (DCD - SCD + CPR)
    Destination Clock Delay (DCD):    -1.564ns = ( 79.816 - 81.380 ) 
    Source Clock Delay      (SCD):    -0.860ns
    Clock Pessimism Removal (CPR):    0.567ns
  Clock Uncertainty:      0.228ns  ((TSJ^2 + DJ^2)^1/2) / 2 + PE
    Total System Jitter     (TSJ):    0.071ns
    Discrete Jitter          (DJ):    0.451ns
    Phase Error              (PE):    0.000ns

    Location             Delay type                Incr(ns)  Path(ns)    Netlist Resource(s)
  -------------------------------------------------------------------    -------------------
                         (clock clk_out1_clk_wiz_audio_1 rise edge)
                                                      0.000     0.000 r  <hidden>
    H16                                               0.000     0.000 r  sysclk
                         net (fo=0)                   0.000     0.000    u_mmcm/inst/clk_in1
    H16                  IBUF (Prop_ibuf_I_O)         1.451     1.451 r  u_mmcm/inst/clkin1_ibufg/O
                         net (fo=1, routed)           1.285     2.736    u_mmcm/inst/clk_in1_clk_wiz_audio
    MMCME2_ADV_X1Y2      MMCME2_ADV (Prop_mmcme2_adv_CLKIN1_CLKOUT0)
                                                     -7.759    -5.023 r  u_mmcm/inst/mmcm_adv_inst/CLKOUT0
                         net (fo=1, routed)           2.206    -2.817    u_mmcm/inst/clk_out1_clk_wiz_audio
    BUFGCTRL_X0Y16       BUFG (Prop_bufg_I_O)         0.101    -2.716 r  u_mmcm/inst/clkout1_buf/O
                         net (fo=332, routed)         1.856    -0.860    u_rst_sync/clk_out1
    SLICE_X112Y82        FDCE                                         r  u_rst_sync/rst_sync_reg/C
  -------------------------------------------------------------------    -------------------
    SLICE_X112Y82        FDCE (Prop_fdce_C_Q)         0.478    -0.382 r  u_rst_sync/rst_sync_reg/Q
                         net (fo=1, routed)           0.467     0.085    u_div/cnt_reg[0]_0
    SLICE_X112Y82        LUT1 (Prop_lut1_I0_O)        0.295     0.380 f  u_div/cnt[7]_i_2/O
                         net (fo=326, routed)         3.524     3.904    u_rx_jb/bit_counter_reg[4]_0
    SLICE_X105Y87        FDCE                                         f  u_rx_jb/left_data_reg[4]/CLR
  -------------------------------------------------------------------    -------------------

                         (clock clk_out1_clk_wiz_audio_1 rise edge)
                                                     81.380    81.380 r  <hidden>
    H16                                               0.000    81.380 r  sysclk
                         net (fo=0)                   0.000    81.380    u_mmcm/inst/clk_in1
    H16                  IBUF (Prop_ibuf_I_O)         1.380    82.760 r  u_mmcm/inst/clkin1_ibufg/O
                         net (fo=1, routed)           1.162    83.922    u_mmcm/inst/clk_in1_clk_wiz_audio
    MMCME2_ADV_X1Y2      MMCME2_ADV (Prop_mmcme2_adv_CLKIN1_CLKOUT0)
                                                     -7.814    76.108 r  u_mmcm/inst/mmcm_adv_inst/CLKOUT0
                         net (fo=1, routed)           2.012    78.120    u_mmcm/inst/clk_out1_clk_wiz_audio
    BUFGCTRL_X0Y16       BUFG (Prop_bufg_I_O)         0.091    78.211 r  u_mmcm/inst/clkout1_buf/O
                         net (fo=332, routed)         1.605    79.816    u_rx_jb/clk_out1
    SLICE_X105Y87        FDCE                                         r  u_rx_jb/left_data_reg[4]/C
                         clock pessimism              0.567    80.383    <hidden>
                         clock uncertainty           -0.228    80.154    <hidden>
    SLICE_X105Y87        FDCE (Recov_fdce_C_CLR)     -0.405    79.749    u_rx_jb/left_data_reg[4]
  -------------------------------------------------------------------
                         required time                         79.749    <hidden>
                         arrival time                          -3.904    <hidden>
  -------------------------------------------------------------------
                         slack                                 75.845    <hidden>

Slack (MET) :             75.845ns  (required time - arrival time)
  Source:                 u_rst_sync/rst_sync_reg/C
                            (rising edge-triggered cell FDCE clocked by clk_out1_clk_wiz_audio_1  {rise@0.000ns fall@40.690ns period=81.380ns})
  Destination:            u_rx_jb/left_data_reg[5]/CLR
                            (recovery check against rising-edge clock clk_out1_clk_wiz_audio_1  {rise@0.000ns fall@40.690ns period=81.380ns})
  Path Group:             **async_default**
  Path Type:              Recovery (Max at Slow Process Corner)
  Requirement:            81.380ns  (clk_out1_clk_wiz_audio_1 rise@81.380ns - clk_out1_clk_wiz_audio_1 rise@0.000ns)
  Data Path Delay:        4.764ns  (logic 0.773ns (16.225%)  route 3.991ns (83.775%))
  Logic Levels:           1  (LUT1=1)
  Clock Path Skew:        -0.137ns (DCD - SCD + CPR)
    Destination Clock Delay (DCD):    -1.564ns = ( 79.816 - 81.380 ) 
    Source Clock Delay      (SCD):    -0.860ns
    Clock Pessimism Removal (CPR):    0.567ns
  Clock Uncertainty:      0.228ns  ((TSJ^2 + DJ^2)^1/2) / 2 + PE
    Total System Jitter     (TSJ):    0.071ns
    Discrete Jitter          (DJ):    0.451ns
    Phase Error              (PE):    0.000ns

    Location             Delay type                Incr(ns)  Path(ns)    Netlist Resource(s)
  -------------------------------------------------------------------    -------------------
                         (clock clk_out1_clk_wiz_audio_1 rise edge)
                                                      0.000     0.000 r  <hidden>
    H16                                               0.000     0.000 r  sysclk
                         net (fo=0)                   0.000     0.000    u_mmcm/inst/clk_in1
    H16                  IBUF (Prop_ibuf_I_O)         1.451     1.451 r  u_mmcm/inst/clkin1_ibufg/O
                         net (fo=1, routed)           1.285     2.736    u_mmcm/inst/clk_in1_clk_wiz_audio
    MMCME2_ADV_X1Y2      MMCME2_ADV (Prop_mmcme2_adv_CLKIN1_CLKOUT0)
                                                     -7.759    -5.023 r  u_mmcm/inst/mmcm_adv_inst/CLKOUT0
                         net (fo=1, routed)           2.206    -2.817    u_mmcm/inst/clk_out1_clk_wiz_audio
    BUFGCTRL_X0Y16       BUFG (Prop_bufg_I_O)         0.101    -2.716 r  u_mmcm/inst/clkout1_buf/O
                         net (fo=332, routed)         1.856    -0.860    u_rst_sync/clk_out1
    SLICE_X112Y82        FDCE                                         r  u_rst_sync/rst_sync_reg/C
  -------------------------------------------------------------------    -------------------
    SLICE_X112Y82        FDCE (Prop_fdce_C_Q)         0.478    -0.382 r  u_rst_sync/rst_sync_reg/Q
                         net (fo=1, routed)           0.467     0.085    u_div/cnt_reg[0]_0
    SLICE_X112Y82        LUT1 (Prop_lut1_I0_O)        0.295     0.380 f  u_div/cnt[7]_i_2/O
                         net (fo=326, routed)         3.524     3.904    u_rx_jb/bit_counter_reg[4]_0
    SLICE_X105Y87        FDCE                                         f  u_rx_jb/left_data_reg[5]/CLR
  -------------------------------------------------------------------    -------------------

                         (clock clk_out1_clk_wiz_audio_1 rise edge)
                                                     81.380    81.380 r  <hidden>
    H16                                               0.000    81.380 r  sysclk
                         net (fo=0)                   0.000    81.380    u_mmcm/inst/clk_in1
    H16                  IBUF (Prop_ibuf_I_O)         1.380    82.760 r  u_mmcm/inst/clkin1_ibufg/O
                         net (fo=1, routed)           1.162    83.922    u_mmcm/inst/clk_in1_clk_wiz_audio
    MMCME2_ADV_X1Y2      MMCME2_ADV (Prop_mmcme2_adv_CLKIN1_CLKOUT0)
                                                     -7.814    76.108 r  u_mmcm/inst/mmcm_adv_inst/CLKOUT0
                         net (fo=1, routed)           2.012    78.120    u_mmcm/inst/clk_out1_clk_wiz_audio
    BUFGCTRL_X0Y16       BUFG (Prop_bufg_I_O)         0.091    78.211 r  u_mmcm/inst/clkout1_buf/O
                         net (fo=332, routed)         1.605    79.816    u_rx_jb/clk_out1
    SLICE_X105Y87        FDCE                                         r  u_rx_jb/left_data_reg[5]/C
                         clock pessimism              0.567    80.383    <hidden>
                         clock uncertainty           -0.228    80.154    <hidden>
    SLICE_X105Y87        FDCE (Recov_fdce_C_CLR)     -0.405    79.749    u_rx_jb/left_data_reg[5]
  -------------------------------------------------------------------
                         required time                         79.749    <hidden>
                         arrival time                          -3.904    <hidden>
  -------------------------------------------------------------------
                         slack                                 75.845    <hidden>

Slack (MET) :             75.845ns  (required time - arrival time)
  Source:                 u_rst_sync/rst_sync_reg/C
                            (rising edge-triggered cell FDCE clocked by clk_out1_clk_wiz_audio_1  {rise@0.000ns fall@40.690ns period=81.380ns})
  Destination:            u_rx_jb/left_data_reg[6]/CLR
                            (recovery check against rising-edge clock clk_out1_clk_wiz_audio_1  {rise@0.000ns fall@40.690ns period=81.380ns})
  Path Group:             **async_default**
  Path Type:              Recovery (Max at Slow Process Corner)
  Requirement:            81.380ns  (clk_out1_clk_wiz_audio_1 rise@81.380ns - clk_out1_clk_wiz_audio_1 rise@0.000ns)
  Data Path Delay:        4.764ns  (logic 0.773ns (16.225%)  route 3.991ns (83.775%))
  Logic Levels:           1  (LUT1=1)
  Clock Path Skew:        -0.137ns (DCD - SCD + CPR)
    Destination Clock Delay (DCD):    -1.564ns = ( 79.816 - 81.380 ) 
    Source Clock Delay      (SCD):    -0.860ns
    Clock Pessimism Removal (CPR):    0.567ns
  Clock Uncertainty:      0.228ns  ((TSJ^2 + DJ^2)^1/2) / 2 + PE
    Total System Jitter     (TSJ):    0.071ns
    Discrete Jitter          (DJ):    0.451ns
    Phase Error              (PE):    0.000ns

    Location             Delay type                Incr(ns)  Path(ns)    Netlist Resource(s)
  -------------------------------------------------------------------    -------------------
                         (clock clk_out1_clk_wiz_audio_1 rise edge)
                                                      0.000     0.000 r  <hidden>
    H16                                               0.000     0.000 r  sysclk
                         net (fo=0)                   0.000     0.000    u_mmcm/inst/clk_in1
    H16                  IBUF (Prop_ibuf_I_O)         1.451     1.451 r  u_mmcm/inst/clkin1_ibufg/O
                         net (fo=1, routed)           1.285     2.736    u_mmcm/inst/clk_in1_clk_wiz_audio
    MMCME2_ADV_X1Y2      MMCME2_ADV (Prop_mmcme2_adv_CLKIN1_CLKOUT0)
                                                     -7.759    -5.023 r  u_mmcm/inst/mmcm_adv_inst/CLKOUT0
                         net (fo=1, routed)           2.206    -2.817    u_mmcm/inst/clk_out1_clk_wiz_audio
    BUFGCTRL_X0Y16       BUFG (Prop_bufg_I_O)         0.101    -2.716 r  u_mmcm/inst/clkout1_buf/O
                         net (fo=332, routed)         1.856    -0.860    u_rst_sync/clk_out1
    SLICE_X112Y82        FDCE                                         r  u_rst_sync/rst_sync_reg/C
  -------------------------------------------------------------------    -------------------
    SLICE_X112Y82        FDCE (Prop_fdce_C_Q)         0.478    -0.382 r  u_rst_sync/rst_sync_reg/Q
                         net (fo=1, routed)           0.467     0.085    u_div/cnt_reg[0]_0
    SLICE_X112Y82        LUT1 (Prop_lut1_I0_O)        0.295     0.380 f  u_div/cnt[7]_i_2/O
                         net (fo=326, routed)         3.524     3.904    u_rx_jb/bit_counter_reg[4]_0
    SLICE_X105Y87        FDCE                                         f  u_rx_jb/left_data_reg[6]/CLR
  -------------------------------------------------------------------    -------------------

                         (clock clk_out1_clk_wiz_audio_1 rise edge)
                                                     81.380    81.380 r  <hidden>
    H16                                               0.000    81.380 r  sysclk
                         net (fo=0)                   0.000    81.380    u_mmcm/inst/clk_in1
    H16                  IBUF (Prop_ibuf_I_O)         1.380    82.760 r  u_mmcm/inst/clkin1_ibufg/O
                         net (fo=1, routed)           1.162    83.922    u_mmcm/inst/clk_in1_clk_wiz_audio
    MMCME2_ADV_X1Y2      MMCME2_ADV (Prop_mmcme2_adv_CLKIN1_CLKOUT0)
                                                     -7.814    76.108 r  u_mmcm/inst/mmcm_adv_inst/CLKOUT0
                         net (fo=1, routed)           2.012    78.120    u_mmcm/inst/clk_out1_clk_wiz_audio
    BUFGCTRL_X0Y16       BUFG (Prop_bufg_I_O)         0.091    78.211 r  u_mmcm/inst/clkout1_buf/O
                         net (fo=332, routed)         1.605    79.816    u_rx_jb/clk_out1
    SLICE_X105Y87        FDCE                                         r  u_rx_jb/left_data_reg[6]/C
                         clock pessimism              0.567    80.383    <hidden>
                         clock uncertainty           -0.228    80.154    <hidden>
    SLICE_X105Y87        FDCE (Recov_fdce_C_CLR)     -0.405    79.749    u_rx_jb/left_data_reg[6]
  -------------------------------------------------------------------
                         required time                         79.749    <hidden>
                         arrival time                          -3.904    <hidden>
  -------------------------------------------------------------------
                         slack                                 75.845    <hidden>

Slack (MET) :             75.845ns  (required time - arrival time)
  Source:                 u_rst_sync/rst_sync_reg/C
                            (rising edge-triggered cell FDCE clocked by clk_out1_clk_wiz_audio_1  {rise@0.000ns fall@40.690ns period=81.380ns})
  Destination:            u_rx_jb/left_data_reg[7]/CLR
                            (recovery check against rising-edge clock clk_out1_clk_wiz_audio_1  {rise@0.000ns fall@40.690ns period=81.380ns})
  Path Group:             **async_default**
  Path Type:              Recovery (Max at Slow Process Corner)
  Requirement:            81.380ns  (clk_out1_clk_wiz_audio_1 rise@81.380ns - clk_out1_clk_wiz_audio_1 rise@0.000ns)
  Data Path Delay:        4.764ns  (logic 0.773ns (16.225%)  route 3.991ns (83.775%))
  Logic Levels:           1  (LUT1=1)
  Clock Path Skew:        -0.137ns (DCD - SCD + CPR)
    Destination Clock Delay (DCD):    -1.564ns = ( 79.816 - 81.380 ) 
    Source Clock Delay      (SCD):    -0.860ns
    Clock Pessimism Removal (CPR):    0.567ns
  Clock Uncertainty:      0.228ns  ((TSJ^2 + DJ^2)^1/2) / 2 + PE
    Total System Jitter     (TSJ):    0.071ns
    Discrete Jitter          (DJ):    0.451ns
    Phase Error              (PE):    0.000ns

    Location             Delay type                Incr(ns)  Path(ns)    Netlist Resource(s)
  -------------------------------------------------------------------    -------------------
                         (clock clk_out1_clk_wiz_audio_1 rise edge)
                                                      0.000     0.000 r  <hidden>
    H16                                               0.000     0.000 r  sysclk
                         net (fo=0)                   0.000     0.000    u_mmcm/inst/clk_in1
    H16                  IBUF (Prop_ibuf_I_O)         1.451     1.451 r  u_mmcm/inst/clkin1_ibufg/O
                         net (fo=1, routed)           1.285     2.736    u_mmcm/inst/clk_in1_clk_wiz_audio
    MMCME2_ADV_X1Y2      MMCME2_ADV (Prop_mmcme2_adv_CLKIN1_CLKOUT0)
                                                     -7.759    -5.023 r  u_mmcm/inst/mmcm_adv_inst/CLKOUT0
                         net (fo=1, routed)           2.206    -2.817    u_mmcm/inst/clk_out1_clk_wiz_audio
    BUFGCTRL_X0Y16       BUFG (Prop_bufg_I_O)         0.101    -2.716 r  u_mmcm/inst/clkout1_buf/O
                         net (fo=332, routed)         1.856    -0.860    u_rst_sync/clk_out1
    SLICE_X112Y82        FDCE                                         r  u_rst_sync/rst_sync_reg/C
  -------------------------------------------------------------------    -------------------
    SLICE_X112Y82        FDCE (Prop_fdce_C_Q)         0.478    -0.382 r  u_rst_sync/rst_sync_reg/Q
                         net (fo=1, routed)           0.467     0.085    u_div/cnt_reg[0]_0
    SLICE_X112Y82        LUT1 (Prop_lut1_I0_O)        0.295     0.380 f  u_div/cnt[7]_i_2/O
                         net (fo=326, routed)         3.524     3.904    u_rx_jb/bit_counter_reg[4]_0
    SLICE_X105Y87        FDCE                                         f  u_rx_jb/left_data_reg[7]/CLR
  -------------------------------------------------------------------    -------------------

                         (clock clk_out1_clk_wiz_audio_1 rise edge)
                                                     81.380    81.380 r  <hidden>
    H16                                               0.000    81.380 r  sysclk
                         net (fo=0)                   0.000    81.380    u_mmcm/inst/clk_in1
    H16                  IBUF (Prop_ibuf_I_O)         1.380    82.760 r  u_mmcm/inst/clkin1_ibufg/O
                         net (fo=1, routed)           1.162    83.922    u_mmcm/inst/clk_in1_clk_wiz_audio
    MMCME2_ADV_X1Y2      MMCME2_ADV (Prop_mmcme2_adv_CLKIN1_CLKOUT0)
                                                     -7.814    76.108 r  u_mmcm/inst/mmcm_adv_inst/CLKOUT0
                         net (fo=1, routed)           2.012    78.120    u_mmcm/inst/clk_out1_clk_wiz_audio
    BUFGCTRL_X0Y16       BUFG (Prop_bufg_I_O)         0.091    78.211 r  u_mmcm/inst/clkout1_buf/O
                         net (fo=332, routed)         1.605    79.816    u_rx_jb/clk_out1
    SLICE_X105Y87        FDCE                                         r  u_rx_jb/left_data_reg[7]/C
                         clock pessimism              0.567    80.383    <hidden>
                         clock uncertainty           -0.228    80.154    <hidden>
    SLICE_X105Y87        FDCE (Recov_fdce_C_CLR)     -0.405    79.749    u_rx_jb/left_data_reg[7]
  -------------------------------------------------------------------
                         required time                         79.749    <hidden>
                         arrival time                          -3.904    <hidden>
  -------------------------------------------------------------------
                         slack                                 75.845    <hidden>

Slack (MET) :             75.845ns  (required time - arrival time)
  Source:                 u_rst_sync/rst_sync_reg/C
                            (rising edge-triggered cell FDCE clocked by clk_out1_clk_wiz_audio_1  {rise@0.000ns fall@40.690ns period=81.380ns})
  Destination:            u_rx_jb/left_data_reg[8]/CLR
                            (recovery check against rising-edge clock clk_out1_clk_wiz_audio_1  {rise@0.000ns fall@40.690ns period=81.380ns})
  Path Group:             **async_default**
  Path Type:              Recovery (Max at Slow Process Corner)
  Requirement:            81.380ns  (clk_out1_clk_wiz_audio_1 rise@81.380ns - clk_out1_clk_wiz_audio_1 rise@0.000ns)
  Data Path Delay:        4.764ns  (logic 0.773ns (16.225%)  route 3.991ns (83.775%))
  Logic Levels:           1  (LUT1=1)
  Clock Path Skew:        -0.137ns (DCD - SCD + CPR)
    Destination Clock Delay (DCD):    -1.564ns = ( 79.816 - 81.380 ) 
    Source Clock Delay      (SCD):    -0.860ns
    Clock Pessimism Removal (CPR):    0.567ns
  Clock Uncertainty:      0.228ns  ((TSJ^2 + DJ^2)^1/2) / 2 + PE
    Total System Jitter     (TSJ):    0.071ns
    Discrete Jitter          (DJ):    0.451ns
    Phase Error              (PE):    0.000ns

    Location             Delay type                Incr(ns)  Path(ns)    Netlist Resource(s)
  -------------------------------------------------------------------    -------------------
                         (clock clk_out1_clk_wiz_audio_1 rise edge)
                                                      0.000     0.000 r  <hidden>
    H16                                               0.000     0.000 r  sysclk
                         net (fo=0)                   0.000     0.000    u_mmcm/inst/clk_in1
    H16                  IBUF (Prop_ibuf_I_O)         1.451     1.451 r  u_mmcm/inst/clkin1_ibufg/O
                         net (fo=1, routed)           1.285     2.736    u_mmcm/inst/clk_in1_clk_wiz_audio
    MMCME2_ADV_X1Y2      MMCME2_ADV (Prop_mmcme2_adv_CLKIN1_CLKOUT0)
                                                     -7.759    -5.023 r  u_mmcm/inst/mmcm_adv_inst/CLKOUT0
                         net (fo=1, routed)           2.206    -2.817    u_mmcm/inst/clk_out1_clk_wiz_audio
    BUFGCTRL_X0Y16       BUFG (Prop_bufg_I_O)         0.101    -2.716 r  u_mmcm/inst/clkout1_buf/O
                         net (fo=332, routed)         1.856    -0.860    u_rst_sync/clk_out1
    SLICE_X112Y82        FDCE                                         r  u_rst_sync/rst_sync_reg/C
  -------------------------------------------------------------------    -------------------
    SLICE_X112Y82        FDCE (Prop_fdce_C_Q)         0.478    -0.382 r  u_rst_sync/rst_sync_reg/Q
                         net (fo=1, routed)           0.467     0.085    u_div/cnt_reg[0]_0
    SLICE_X112Y82        LUT1 (Prop_lut1_I0_O)        0.295     0.380 f  u_div/cnt[7]_i_2/O
                         net (fo=326, routed)         3.524     3.904    u_rx_jb/bit_counter_reg[4]_0
    SLICE_X105Y87        FDCE                                         f  u_rx_jb/left_data_reg[8]/CLR
  -------------------------------------------------------------------    -------------------

                         (clock clk_out1_clk_wiz_audio_1 rise edge)
                                                     81.380    81.380 r  <hidden>
    H16                                               0.000    81.380 r  sysclk
                         net (fo=0)                   0.000    81.380    u_mmcm/inst/clk_in1
    H16                  IBUF (Prop_ibuf_I_O)         1.380    82.760 r  u_mmcm/inst/clkin1_ibufg/O
                         net (fo=1, routed)           1.162    83.922    u_mmcm/inst/clk_in1_clk_wiz_audio
    MMCME2_ADV_X1Y2      MMCME2_ADV (Prop_mmcme2_adv_CLKIN1_CLKOUT0)
                                                     -7.814    76.108 r  u_mmcm/inst/mmcm_adv_inst/CLKOUT0
                         net (fo=1, routed)           2.012    78.120    u_mmcm/inst/clk_out1_clk_wiz_audio
    BUFGCTRL_X0Y16       BUFG (Prop_bufg_I_O)         0.091    78.211 r  u_mmcm/inst/clkout1_buf/O
                         net (fo=332, routed)         1.605    79.816    u_rx_jb/clk_out1
    SLICE_X105Y87        FDCE                                         r  u_rx_jb/left_data_reg[8]/C
                         clock pessimism              0.567    80.383    <hidden>
                         clock uncertainty           -0.228    80.154    <hidden>
    SLICE_X105Y87        FDCE (Recov_fdce_C_CLR)     -0.405    79.749    u_rx_jb/left_data_reg[8]
  -------------------------------------------------------------------
                         required time                         79.749    <hidden>
                         arrival time                          -3.904    <hidden>
  -------------------------------------------------------------------
                         slack                                 75.845    <hidden>

Slack (MET) :             75.889ns  (required time - arrival time)
  Source:                 u_rst_sync/rst_sync_reg/C
                            (rising edge-triggered cell FDCE clocked by clk_out1_clk_wiz_audio_1  {rise@0.000ns fall@40.690ns period=81.380ns})
  Destination:            u_matrix/out_reg_reg[2][4]/CLR
                            (recovery check against rising-edge clock clk_out1_clk_wiz_audio_1  {rise@0.000ns fall@40.690ns period=81.380ns})
  Path Group:             **async_default**
  Path Type:              Recovery (Max at Slow Process Corner)
  Requirement:            81.380ns  (clk_out1_clk_wiz_audio_1 rise@81.380ns - clk_out1_clk_wiz_audio_1 rise@0.000ns)
  Data Path Delay:        4.764ns  (logic 0.773ns (16.225%)  route 3.991ns (83.775%))
  Logic Levels:           1  (LUT1=1)
  Clock Path Skew:        -0.137ns (DCD - SCD + CPR)
    Destination Clock Delay (DCD):    -1.564ns = ( 79.816 - 81.380 ) 
    Source Clock Delay      (SCD):    -0.860ns
    Clock Pessimism Removal (CPR):    0.567ns
  Clock Uncertainty:      0.228ns  ((TSJ^2 + DJ^2)^1/2) / 2 + PE
    Total System Jitter     (TSJ):    0.071ns
    Discrete Jitter          (DJ):    0.451ns
    Phase Error              (PE):    0.000ns

    Location             Delay type                Incr(ns)  Path(ns)    Netlist Resource(s)
  -------------------------------------------------------------------    -------------------
                         (clock clk_out1_clk_wiz_audio_1 rise edge)
                                                      0.000     0.000 r  <hidden>
    H16                                               0.000     0.000 r  sysclk
                         net (fo=0)                   0.000     0.000    u_mmcm/inst/clk_in1
    H16                  IBUF (Prop_ibuf_I_O)         1.451     1.451 r  u_mmcm/inst/clkin1_ibufg/O
                         net (fo=1, routed)           1.285     2.736    u_mmcm/inst/clk_in1_clk_wiz_audio
    MMCME2_ADV_X1Y2      MMCME2_ADV (Prop_mmcme2_adv_CLKIN1_CLKOUT0)
                                                     -7.759    -5.023 r  u_mmcm/inst/mmcm_adv_inst/CLKOUT0
                         net (fo=1, routed)           2.206    -2.817    u_mmcm/inst/clk_out1_clk_wiz_audio
    BUFGCTRL_X0Y16       BUFG (Prop_bufg_I_O)         0.101    -2.716 r  u_mmcm/inst/clkout1_buf/O
                         net (fo=332, routed)         1.856    -0.860    u_rst_sync/clk_out1
    SLICE_X112Y82        FDCE                                         r  u_rst_sync/rst_sync_reg/C
  -------------------------------------------------------------------    -------------------
    SLICE_X112Y82        FDCE (Prop_fdce_C_Q)         0.478    -0.382 r  u_rst_sync/rst_sync_reg/Q
                         net (fo=1, routed)           0.467     0.085    u_div/cnt_reg[0]_0
    SLICE_X112Y82        LUT1 (Prop_lut1_I0_O)        0.295     0.380 f  u_div/cnt[7]_i_2/O
                         net (fo=326, routed)         3.524     3.904    u_matrix/out_reg_reg[1][23]_1
    SLICE_X104Y87        FDCE                                         f  u_matrix/out_reg_reg[2][4]/CLR
  -------------------------------------------------------------------    -------------------

                         (clock clk_out1_clk_wiz_audio_1 rise edge)
                                                     81.380    81.380 r  <hidden>
    H16                                               0.000    81.380 r  sysclk
                         net (fo=0)                   0.000    81.380    u_mmcm/inst/clk_in1
    H16                  IBUF (Prop_ibuf_I_O)         1.380    82.760 r  u_mmcm/inst/clkin1_ibufg/O
                         net (fo=1, routed)           1.162    83.922    u_mmcm/inst/clk_in1_clk_wiz_audio
    MMCME2_ADV_X1Y2      MMCME2_ADV (Prop_mmcme2_adv_CLKIN1_CLKOUT0)
                                                     -7.814    76.108 r  u_mmcm/inst/mmcm_adv_inst/CLKOUT0
                         net (fo=1, routed)           2.012    78.120    u_mmcm/inst/clk_out1_clk_wiz_audio
    BUFGCTRL_X0Y16       BUFG (Prop_bufg_I_O)         0.091    78.211 r  u_mmcm/inst/clkout1_buf/O
                         net (fo=332, routed)         1.605    79.816    u_matrix/clk_out1
    SLICE_X104Y87        FDCE                                         r  u_matrix/out_reg_reg[2][4]/C
                         clock pessimism              0.567    80.383    <hidden>
                         clock uncertainty           -0.228    80.154    <hidden>
    SLICE_X104Y87        FDCE (Recov_fdce_C_CLR)     -0.361    79.793    u_matrix/out_reg_reg[2][4]
  -------------------------------------------------------------------
                         required time                         79.793    <hidden>
                         arrival time                          -3.904    <hidden>
  -------------------------------------------------------------------
                         slack                                 75.889    <hidden>

Slack (MET) :             75.889ns  (required time - arrival time)
  Source:                 u_rst_sync/rst_sync_reg/C
                            (rising edge-triggered cell FDCE clocked by clk_out1_clk_wiz_audio_1  {rise@0.000ns fall@40.690ns period=81.380ns})
  Destination:            u_matrix/out_reg_reg[2][8]/CLR
                            (recovery check against rising-edge clock clk_out1_clk_wiz_audio_1  {rise@0.000ns fall@40.690ns period=81.380ns})
  Path Group:             **async_default**
  Path Type:              Recovery (Max at Slow Process Corner)
  Requirement:            81.380ns  (clk_out1_clk_wiz_audio_1 rise@81.380ns - clk_out1_clk_wiz_audio_1 rise@0.000ns)
  Data Path Delay:        4.764ns  (logic 0.773ns (16.225%)  route 3.991ns (83.775%))
  Logic Levels:           1  (LUT1=1)
  Clock Path Skew:        -0.137ns (DCD - SCD + CPR)
    Destination Clock Delay (DCD):    -1.564ns = ( 79.816 - 81.380 ) 
    Source Clock Delay      (SCD):    -0.860ns
    Clock Pessimism Removal (CPR):    0.567ns
  Clock Uncertainty:      0.228ns  ((TSJ^2 + DJ^2)^1/2) / 2 + PE
    Total System Jitter     (TSJ):    0.071ns
    Discrete Jitter          (DJ):    0.451ns
    Phase Error              (PE):    0.000ns

    Location             Delay type                Incr(ns)  Path(ns)    Netlist Resource(s)
  -------------------------------------------------------------------    -------------------
                         (clock clk_out1_clk_wiz_audio_1 rise edge)
                                                      0.000     0.000 r  <hidden>
    H16                                               0.000     0.000 r  sysclk
                         net (fo=0)                   0.000     0.000    u_mmcm/inst/clk_in1
    H16                  IBUF (Prop_ibuf_I_O)         1.451     1.451 r  u_mmcm/inst/clkin1_ibufg/O
                         net (fo=1, routed)           1.285     2.736    u_mmcm/inst/clk_in1_clk_wiz_audio
    MMCME2_ADV_X1Y2      MMCME2_ADV (Prop_mmcme2_adv_CLKIN1_CLKOUT0)
                                                     -7.759    -5.023 r  u_mmcm/inst/mmcm_adv_inst/CLKOUT0
                         net (fo=1, routed)           2.206    -2.817    u_mmcm/inst/clk_out1_clk_wiz_audio
    BUFGCTRL_X0Y16       BUFG (Prop_bufg_I_O)         0.101    -2.716 r  u_mmcm/inst/clkout1_buf/O
                         net (fo=332, routed)         1.856    -0.860    u_rst_sync/clk_out1
    SLICE_X112Y82        FDCE                                         r  u_rst_sync/rst_sync_reg/C
  -------------------------------------------------------------------    -------------------
    SLICE_X112Y82        FDCE (Prop_fdce_C_Q)         0.478    -0.382 r  u_rst_sync/rst_sync_reg/Q
                         net (fo=1, routed)           0.467     0.085    u_div/cnt_reg[0]_0
    SLICE_X112Y82        LUT1 (Prop_lut1_I0_O)        0.295     0.380 f  u_div/cnt[7]_i_2/O
                         net (fo=326, routed)         3.524     3.904    u_matrix/out_reg_reg[1][23]_1
    SLICE_X104Y87        FDCE                                         f  u_matrix/out_reg_reg[2][8]/CLR
  -------------------------------------------------------------------    -------------------

                         (clock clk_out1_clk_wiz_audio_1 rise edge)
                                                     81.380    81.380 r  <hidden>
    H16                                               0.000    81.380 r  sysclk
                         net (fo=0)                   0.000    81.380    u_mmcm/inst/clk_in1
    H16                  IBUF (Prop_ibuf_I_O)         1.380    82.760 r  u_mmcm/inst/clkin1_ibufg/O
                         net (fo=1, routed)           1.162    83.922    u_mmcm/inst/clk_in1_clk_wiz_audio
    MMCME2_ADV_X1Y2      MMCME2_ADV (Prop_mmcme2_adv_CLKIN1_CLKOUT0)
                                                     -7.814    76.108 r  u_mmcm/inst/mmcm_adv_inst/CLKOUT0
                         net (fo=1, routed)           2.012    78.120    u_mmcm/inst/clk_out1_clk_wiz_audio
    BUFGCTRL_X0Y16       BUFG (Prop_bufg_I_O)         0.091    78.211 r  u_mmcm/inst/clkout1_buf/O
                         net (fo=332, routed)         1.605    79.816    u_matrix/clk_out1
    SLICE_X104Y87        FDCE                                         r  u_matrix/out_reg_reg[2][8]/C
                         clock pessimism              0.567    80.383    <hidden>
                         clock uncertainty           -0.228    80.154    <hidden>
    SLICE_X104Y87        FDCE (Recov_fdce_C_CLR)     -0.361    79.793    u_matrix/out_reg_reg[2][8]
  -------------------------------------------------------------------
                         required time                         79.793    <hidden>
                         arrival time                          -3.904    <hidden>
  -------------------------------------------------------------------
                         slack                                 75.889    <hidden>

Slack (MET) :             75.889ns  (required time - arrival time)
  Source:                 u_rst_sync/rst_sync_reg/C
                            (rising edge-triggered cell FDCE clocked by clk_out1_clk_wiz_audio_1  {rise@0.000ns fall@40.690ns period=81.380ns})
  Destination:            u_matrix/out_reg_reg[3][4]/CLR
                            (recovery check against rising-edge clock clk_out1_clk_wiz_audio_1  {rise@0.000ns fall@40.690ns period=81.380ns})
  Path Group:             **async_default**
  Path Type:              Recovery (Max at Slow Process Corner)
  Requirement:            81.380ns  (clk_out1_clk_wiz_audio_1 rise@81.380ns - clk_out1_clk_wiz_audio_1 rise@0.000ns)
  Data Path Delay:        4.764ns  (logic 0.773ns (16.225%)  route 3.991ns (83.775%))
  Logic Levels:           1  (LUT1=1)
  Clock Path Skew:        -0.137ns (DCD - SCD + CPR)
    Destination Clock Delay (DCD):    -1.564ns = ( 79.816 - 81.380 ) 
    Source Clock Delay      (SCD):    -0.860ns
    Clock Pessimism Removal (CPR):    0.567ns
  Clock Uncertainty:      0.228ns  ((TSJ^2 + DJ^2)^1/2) / 2 + PE
    Total System Jitter     (TSJ):    0.071ns
    Discrete Jitter          (DJ):    0.451ns
    Phase Error              (PE):    0.000ns

    Location             Delay type                Incr(ns)  Path(ns)    Netlist Resource(s)
  -------------------------------------------------------------------    -------------------
                         (clock clk_out1_clk_wiz_audio_1 rise edge)
                                                      0.000     0.000 r  <hidden>
    H16                                               0.000     0.000 r  sysclk
                         net (fo=0)                   0.000     0.000    u_mmcm/inst/clk_in1
    H16                  IBUF (Prop_ibuf_I_O)         1.451     1.451 r  u_mmcm/inst/clkin1_ibufg/O
                         net (fo=1, routed)           1.285     2.736    u_mmcm/inst/clk_in1_clk_wiz_audio
    MMCME2_ADV_X1Y2      MMCME2_ADV (Prop_mmcme2_adv_CLKIN1_CLKOUT0)
                                                     -7.759    -5.023 r  u_mmcm/inst/mmcm_adv_inst/CLKOUT0
                         net (fo=1, routed)           2.206    -2.817    u_mmcm/inst/clk_out1_clk_wiz_audio
    BUFGCTRL_X0Y16       BUFG (Prop_bufg_I_O)         0.101    -2.716 r  u_mmcm/inst/clkout1_buf/O
                         net (fo=332, routed)         1.856    -0.860    u_rst_sync/clk_out1
    SLICE_X112Y82        FDCE                                         r  u_rst_sync/rst_sync_reg/C
  -------------------------------------------------------------------    -------------------
    SLICE_X112Y82        FDCE (Prop_fdce_C_Q)         0.478    -0.382 r  u_rst_sync/rst_sync_reg/Q
                         net (fo=1, routed)           0.467     0.085    u_div/cnt_reg[0]_0
    SLICE_X112Y82        LUT1 (Prop_lut1_I0_O)        0.295     0.380 f  u_div/cnt[7]_i_2/O
                         net (fo=326, routed)         3.524     3.904    u_matrix/out_reg_reg[1][23]_1
    SLICE_X104Y87        FDCE                                         f  u_matrix/out_reg_reg[3][4]/CLR
  -------------------------------------------------------------------    -------------------

                         (clock clk_out1_clk_wiz_audio_1 rise edge)
                                                     81.380    81.380 r  <hidden>
    H16                                               0.000    81.380 r  sysclk
                         net (fo=0)                   0.000    81.380    u_mmcm/inst/clk_in1
    H16                  IBUF (Prop_ibuf_I_O)         1.380    82.760 r  u_mmcm/inst/clkin1_ibufg/O
                         net (fo=1, routed)           1.162    83.922    u_mmcm/inst/clk_in1_clk_wiz_audio
    MMCME2_ADV_X1Y2      MMCME2_ADV (Prop_mmcme2_adv_CLKIN1_CLKOUT0)
                                                     -7.814    76.108 r  u_mmcm/inst/mmcm_adv_inst/CLKOUT0
                         net (fo=1, routed)           2.012    78.120    u_mmcm/inst/clk_out1_clk_wiz_audio
    BUFGCTRL_X0Y16       BUFG (Prop_bufg_I_O)         0.091    78.211 r  u_mmcm/inst/clkout1_buf/O
                         net (fo=332, routed)         1.605    79.816    u_matrix/clk_out1
    SLICE_X104Y87        FDCE                                         r  u_matrix/out_reg_reg[3][4]/C
                         clock pessimism              0.567    80.383    <hidden>
                         clock uncertainty           -0.228    80.154    <hidden>
    SLICE_X104Y87        FDCE (Recov_fdce_C_CLR)     -0.361    79.793    u_matrix/out_reg_reg[3][4]
  -------------------------------------------------------------------
                         required time                         79.793    <hidden>
                         arrival time                          -3.904    <hidden>
  -------------------------------------------------------------------
                         slack                                 75.889    <hidden>

Slack (MET) :             75.931ns  (required time - arrival time)
  Source:                 u_rst_sync/rst_sync_reg/C
                            (rising edge-triggered cell FDCE clocked by clk_out1_clk_wiz_audio_1  {rise@0.000ns fall@40.690ns period=81.380ns})
  Destination:            u_matrix/out_reg_reg[2][3]/CLR
                            (recovery check against rising-edge clock clk_out1_clk_wiz_audio_1  {rise@0.000ns fall@40.690ns period=81.380ns})
  Path Group:             **async_default**
  Path Type:              Recovery (Max at Slow Process Corner)
  Requirement:            81.380ns  (clk_out1_clk_wiz_audio_1 rise@81.380ns - clk_out1_clk_wiz_audio_1 rise@0.000ns)
  Data Path Delay:        4.764ns  (logic 0.773ns (16.225%)  route 3.991ns (83.775%))
  Logic Levels:           1  (LUT1=1)
  Clock Path Skew:        -0.137ns (DCD - SCD + CPR)
    Destination Clock Delay (DCD):    -1.564ns = ( 79.816 - 81.380 ) 
    Source Clock Delay      (SCD):    -0.860ns
    Clock Pessimism Removal (CPR):    0.567ns
  Clock Uncertainty:      0.228ns  ((TSJ^2 + DJ^2)^1/2) / 2 + PE
    Total System Jitter     (TSJ):    0.071ns
    Discrete Jitter          (DJ):    0.451ns
    Phase Error              (PE):    0.000ns

    Location             Delay type                Incr(ns)  Path(ns)    Netlist Resource(s)
  -------------------------------------------------------------------    -------------------
                         (clock clk_out1_clk_wiz_audio_1 rise edge)
                                                      0.000     0.000 r  <hidden>
    H16                                               0.000     0.000 r  sysclk
                         net (fo=0)                   0.000     0.000    u_mmcm/inst/clk_in1
    H16                  IBUF (Prop_ibuf_I_O)         1.451     1.451 r  u_mmcm/inst/clkin1_ibufg/O
                         net (fo=1, routed)           1.285     2.736    u_mmcm/inst/clk_in1_clk_wiz_audio
    MMCME2_ADV_X1Y2      MMCME2_ADV (Prop_mmcme2_adv_CLKIN1_CLKOUT0)
                                                     -7.759    -5.023 r  u_mmcm/inst/mmcm_adv_inst/CLKOUT0
                         net (fo=1, routed)           2.206    -2.817    u_mmcm/inst/clk_out1_clk_wiz_audio
    BUFGCTRL_X0Y16       BUFG (Prop_bufg_I_O)         0.101    -2.716 r  u_mmcm/inst/clkout1_buf/O
                         net (fo=332, routed)         1.856    -0.860    u_rst_sync/clk_out1
    SLICE_X112Y82        FDCE                                         r  u_rst_sync/rst_sync_reg/C
  -------------------------------------------------------------------    -------------------
    SLICE_X112Y82        FDCE (Prop_fdce_C_Q)         0.478    -0.382 r  u_rst_sync/rst_sync_reg/Q
                         net (fo=1, routed)           0.467     0.085    u_div/cnt_reg[0]_0
    SLICE_X112Y82        LUT1 (Prop_lut1_I0_O)        0.295     0.380 f  u_div/cnt[7]_i_2/O
                         net (fo=326, routed)         3.524     3.904    u_matrix/out_reg_reg[1][23]_1
    SLICE_X104Y87        FDCE                                         f  u_matrix/out_reg_reg[2][3]/CLR
  -------------------------------------------------------------------    -------------------

                         (clock clk_out1_clk_wiz_audio_1 rise edge)
                                                     81.380    81.380 r  <hidden>
    H16                                               0.000    81.380 r  sysclk
                         net (fo=0)                   0.000    81.380    u_mmcm/inst/clk_in1
    H16                  IBUF (Prop_ibuf_I_O)         1.380    82.760 r  u_mmcm/inst/clkin1_ibufg/O
                         net (fo=1, routed)           1.162    83.922    u_mmcm/inst/clk_in1_clk_wiz_audio
    MMCME2_ADV_X1Y2      MMCME2_ADV (Prop_mmcme2_adv_CLKIN1_CLKOUT0)
                                                     -7.814    76.108 r  u_mmcm/inst/mmcm_adv_inst/CLKOUT0
                         net (fo=1, routed)           2.012    78.120    u_mmcm/inst/clk_out1_clk_wiz_audio
    BUFGCTRL_X0Y16       BUFG (Prop_bufg_I_O)         0.091    78.211 r  u_mmcm/inst/clkout1_buf/O
                         net (fo=332, routed)         1.605    79.816    u_matrix/clk_out1
    SLICE_X104Y87        FDCE                                         r  u_matrix/out_reg_reg[2][3]/C
                         clock pessimism              0.567    80.383    <hidden>
                         clock uncertainty           -0.228    80.154    <hidden>
    SLICE_X104Y87        FDCE (Recov_fdce_C_CLR)     -0.319    79.835    u_matrix/out_reg_reg[2][3]
  -------------------------------------------------------------------
                         required time                         79.835    <hidden>
                         arrival time                          -3.904    <hidden>
  -------------------------------------------------------------------
                         slack                                 75.931    <hidden>





Min Delay Paths
--------------------------------------------------------------------------------------
Slack (MET) :             0.644ns  (arrival time - required time)
  Source:                 u_rst_sync/rst_sync_reg/C
                            (rising edge-triggered cell FDCE clocked by clk_out1_clk_wiz_audio_1  {rise@0.000ns fall@40.690ns period=81.380ns})
  Destination:            u_div/cnt_reg[0]/CLR
                            (removal check against rising-edge clock clk_out1_clk_wiz_audio_1  {rise@0.000ns fall@40.690ns period=81.380ns})
  Path Group:             **async_default**
  Path Type:              Removal (Min at Fast Process Corner)
  Requirement:            0.000ns  (clk_out1_clk_wiz_audio_1 rise@0.000ns - clk_out1_clk_wiz_audio_1 rise@0.000ns)
  Data Path Delay:        0.589ns  (logic 0.246ns (41.762%)  route 0.343ns (58.238%))
  Logic Levels:           1  (LUT1=1)
  Clock Path Skew:        0.012ns (DCD - SCD - CPR)
    Destination Clock Delay (DCD):    -0.842ns
    Source Clock Delay      (SCD):    -0.601ns
    Clock Pessimism Removal (CPR):    -0.252ns

    Location             Delay type                Incr(ns)  Path(ns)    Netlist Resource(s)
  -------------------------------------------------------------------    -------------------
                         (clock clk_out1_clk_wiz_audio_1 rise edge)
                                                      0.000     0.000 r  <hidden>
    H16                                               0.000     0.000 r  sysclk
                         net (fo=0)                   0.000     0.000    u_mmcm/inst/clk_in1
    H16                  IBUF (Prop_ibuf_I_O)         0.219     0.219 r  u_mmcm/inst/clkin1_ibufg/O
                         net (fo=1, routed)           0.440     0.659    u_mmcm/inst/clk_in1_clk_wiz_audio
    MMCME2_ADV_X1Y2      MMCME2_ADV (Prop_mmcme2_adv_CLKIN1_CLKOUT0)
                                                     -2.613    -1.954 r  u_mmcm/inst/mmcm_adv_inst/CLKOUT0
                         net (fo=1, routed)           0.696    -1.257    u_mmcm/inst/clk_out1_clk_wiz_audio
    BUFGCTRL_X0Y16       BUFG (Prop_bufg_I_O)         0.026    -1.231 r  u_mmcm/inst/clkout1_buf/O
                         net (fo=332, routed)         0.630    -0.601    u_rst_sync/clk_out1
    SLICE_X112Y82        FDCE                                         r  u_rst_sync/rst_sync_reg/C
  -------------------------------------------------------------------    -------------------
    SLICE_X112Y82        FDCE (Prop_fdce_C_Q)         0.148    -0.453 r  u_rst_sync/rst_sync_reg/Q
                         net (fo=1, routed)           0.150    -0.303    u_div/cnt_reg[0]_0
    SLICE_X112Y82        LUT1 (Prop_lut1_I0_O)        0.098    -0.205 f  u_div/cnt[7]_i_2/O
                         net (fo=326, routed)         0.193    -0.012    u_div/rst_sync_reg
    SLICE_X112Y80        FDCE                                         f  u_div/cnt_reg[0]/CLR
  -------------------------------------------------------------------    -------------------

                         (clock clk_out1_clk_wiz_audio_1 rise edge)
                                                      0.000     0.000 r  <hidden>
    H16                                               0.000     0.000 r  sysclk
                         net (fo=0)                   0.000     0.000    u_mmcm/inst/clk_in1
    H16                  IBUF (Prop_ibuf_I_O)         0.406     0.406 r  u_mmcm/inst/clkin1_ibufg/O
                         net (fo=1, routed)           0.480     0.886    u_mmcm/inst/clk_in1_clk_wiz_audio
    MMCME2_ADV_X1Y2      MMCME2_ADV (Prop_mmcme2_adv_CLKIN1_CLKOUT0)
                                                     -3.407    -2.521 r  u_mmcm/inst/mmcm_adv_inst/CLKOUT0
                         net (fo=1, routed)           0.752    -1.769    u_mmcm/inst/clk_out1_clk_wiz_audio
    BUFGCTRL_X0Y16       BUFG (Prop_bufg_I_O)         0.029    -1.740 r  u_mmcm/inst/clkout1_buf/O
                         net (fo=332, routed)         0.898    -0.842    u_div/clk_out1
    SLICE_X112Y80        FDCE                                         r  u_div/cnt_reg[0]/C
                         clock pessimism              0.252    -0.589    <hidden>
    SLICE_X112Y80        FDCE (Remov_fdce_C_CLR)     -0.067    -0.656    u_div/cnt_reg[0]
  -------------------------------------------------------------------
                         required time                          0.656    <hidden>
                         arrival time                          -0.012    <hidden>
  -------------------------------------------------------------------
                         slack                                  0.644    <hidden>

Slack (MET) :             0.644ns  (arrival time - required time)
  Source:                 u_rst_sync/rst_sync_reg/C
                            (rising edge-triggered cell FDCE clocked by clk_out1_clk_wiz_audio_1  {rise@0.000ns fall@40.690ns period=81.380ns})
  Destination:            u_div/cnt_reg[1]/CLR
                            (removal check against rising-edge clock clk_out1_clk_wiz_audio_1  {rise@0.000ns fall@40.690ns period=81.380ns})
  Path Group:             **async_default**
  Path Type:              Removal (Min at Fast Process Corner)
  Requirement:            0.000ns  (clk_out1_clk_wiz_audio_1 rise@0.000ns - clk_out1_clk_wiz_audio_1 rise@0.000ns)
  Data Path Delay:        0.589ns  (logic 0.246ns (41.762%)  route 0.343ns (58.238%))
  Logic Levels:           1  (LUT1=1)
  Clock Path Skew:        0.012ns (DCD - SCD - CPR)
    Destination Clock Delay (DCD):    -0.842ns
    Source Clock Delay      (SCD):    -0.601ns
    Clock Pessimism Removal (CPR):    -0.252ns

    Location             Delay type                Incr(ns)  Path(ns)    Netlist Resource(s)
  -------------------------------------------------------------------    -------------------
                         (clock clk_out1_clk_wiz_audio_1 rise edge)
                                                      0.000     0.000 r  <hidden>
    H16                                               0.000     0.000 r  sysclk
                         net (fo=0)                   0.000     0.000    u_mmcm/inst/clk_in1
    H16                  IBUF (Prop_ibuf_I_O)         0.219     0.219 r  u_mmcm/inst/clkin1_ibufg/O
                         net (fo=1, routed)           0.440     0.659    u_mmcm/inst/clk_in1_clk_wiz_audio
    MMCME2_ADV_X1Y2      MMCME2_ADV (Prop_mmcme2_adv_CLKIN1_CLKOUT0)
                                                     -2.613    -1.954 r  u_mmcm/inst/mmcm_adv_inst/CLKOUT0
                         net (fo=1, routed)           0.696    -1.257    u_mmcm/inst/clk_out1_clk_wiz_audio
    BUFGCTRL_X0Y16       BUFG (Prop_bufg_I_O)         0.026    -1.231 r  u_mmcm/inst/clkout1_buf/O
                         net (fo=332, routed)         0.630    -0.601    u_rst_sync/clk_out1
    SLICE_X112Y82        FDCE                                         r  u_rst_sync/rst_sync_reg/C
  -------------------------------------------------------------------    -------------------
    SLICE_X112Y82        FDCE (Prop_fdce_C_Q)         0.148    -0.453 r  u_rst_sync/rst_sync_reg/Q
                         net (fo=1, routed)           0.150    -0.303    u_div/cnt_reg[0]_0
    SLICE_X112Y82        LUT1 (Prop_lut1_I0_O)        0.098    -0.205 f  u_div/cnt[7]_i_2/O
                         net (fo=326, routed)         0.193    -0.012    u_div/rst_sync_reg
    SLICE_X112Y80        FDCE                                         f  u_div/cnt_reg[1]/CLR
  -------------------------------------------------------------------    -------------------

                         (clock clk_out1_clk_wiz_audio_1 rise edge)
                                                      0.000     0.000 r  <hidden>
    H16                                               0.000     0.000 r  sysclk
                         net (fo=0)                   0.000     0.000    u_mmcm/inst/clk_in1
    H16                  IBUF (Prop_ibuf_I_O)         0.406     0.406 r  u_mmcm/inst/clkin1_ibufg/O
                         net (fo=1, routed)           0.480     0.886    u_mmcm/inst/clk_in1_clk_wiz_audio
    MMCME2_ADV_X1Y2      MMCME2_ADV (Prop_mmcme2_adv_CLKIN1_CLKOUT0)
                                                     -3.407    -2.521 r  u_mmcm/inst/mmcm_adv_inst/CLKOUT0
                         net (fo=1, routed)           0.752    -1.769    u_mmcm/inst/clk_out1_clk_wiz_audio
    BUFGCTRL_X0Y16       BUFG (Prop_bufg_I_O)         0.029    -1.740 r  u_mmcm/inst/clkout1_buf/O
                         net (fo=332, routed)         0.898    -0.842    u_div/clk_out1
    SLICE_X112Y80        FDCE                                         r  u_div/cnt_reg[1]/C
                         clock pessimism              0.252    -0.589    <hidden>
    SLICE_X112Y80        FDCE (Remov_fdce_C_CLR)     -0.067    -0.656    u_div/cnt_reg[1]
  -------------------------------------------------------------------
                         required time                          0.656    <hidden>
                         arrival time                          -0.012    <hidden>
  -------------------------------------------------------------------
                         slack                                  0.644    <hidden>

Slack (MET) :             0.644ns  (arrival time - required time)
  Source:                 u_rst_sync/rst_sync_reg/C
                            (rising edge-triggered cell FDCE clocked by clk_out1_clk_wiz_audio_1  {rise@0.000ns fall@40.690ns period=81.380ns})
  Destination:            u_div/cnt_reg[2]/CLR
                            (removal check against rising-edge clock clk_out1_clk_wiz_audio_1  {rise@0.000ns fall@40.690ns period=81.380ns})
  Path Group:             **async_default**
  Path Type:              Removal (Min at Fast Process Corner)
  Requirement:            0.000ns  (clk_out1_clk_wiz_audio_1 rise@0.000ns - clk_out1_clk_wiz_audio_1 rise@0.000ns)
  Data Path Delay:        0.589ns  (logic 0.246ns (41.762%)  route 0.343ns (58.238%))
  Logic Levels:           1  (LUT1=1)
  Clock Path Skew:        0.012ns (DCD - SCD - CPR)
    Destination Clock Delay (DCD):    -0.842ns
    Source Clock Delay      (SCD):    -0.601ns
    Clock Pessimism Removal (CPR):    -0.252ns

    Location             Delay type                Incr(ns)  Path(ns)    Netlist Resource(s)
  -------------------------------------------------------------------    -------------------
                         (clock clk_out1_clk_wiz_audio_1 rise edge)
                                                      0.000     0.000 r  <hidden>
    H16                                               0.000     0.000 r  sysclk
                         net (fo=0)                   0.000     0.000    u_mmcm/inst/clk_in1
    H16                  IBUF (Prop_ibuf_I_O)         0.219     0.219 r  u_mmcm/inst/clkin1_ibufg/O
                         net (fo=1, routed)           0.440     0.659    u_mmcm/inst/clk_in1_clk_wiz_audio
    MMCME2_ADV_X1Y2      MMCME2_ADV (Prop_mmcme2_adv_CLKIN1_CLKOUT0)
                                                     -2.613    -1.954 r  u_mmcm/inst/mmcm_adv_inst/CLKOUT0
                         net (fo=1, routed)           0.696    -1.257    u_mmcm/inst/clk_out1_clk_wiz_audio
    BUFGCTRL_X0Y16       BUFG (Prop_bufg_I_O)         0.026    -1.231 r  u_mmcm/inst/clkout1_buf/O
                         net (fo=332, routed)         0.630    -0.601    u_rst_sync/clk_out1
    SLICE_X112Y82        FDCE                                         r  u_rst_sync/rst_sync_reg/C
  -------------------------------------------------------------------    -------------------
    SLICE_X112Y82        FDCE (Prop_fdce_C_Q)         0.148    -0.453 r  u_rst_sync/rst_sync_reg/Q
                         net (fo=1, routed)           0.150    -0.303    u_div/cnt_reg[0]_0
    SLICE_X112Y82        LUT1 (Prop_lut1_I0_O)        0.098    -0.205 f  u_div/cnt[7]_i_2/O
                         net (fo=326, routed)         0.193    -0.012    u_div/rst_sync_reg
    SLICE_X112Y80        FDCE                                         f  u_div/cnt_reg[2]/CLR
  -------------------------------------------------------------------    -------------------

                         (clock clk_out1_clk_wiz_audio_1 rise edge)
                                                      0.000     0.000 r  <hidden>
    H16                                               0.000     0.000 r  sysclk
                         net (fo=0)                   0.000     0.000    u_mmcm/inst/clk_in1
    H16                  IBUF (Prop_ibuf_I_O)         0.406     0.406 r  u_mmcm/inst/clkin1_ibufg/O
                         net (fo=1, routed)           0.480     0.886    u_mmcm/inst/clk_in1_clk_wiz_audio
    MMCME2_ADV_X1Y2      MMCME2_ADV (Prop_mmcme2_adv_CLKIN1_CLKOUT0)
                                                     -3.407    -2.521 r  u_mmcm/inst/mmcm_adv_inst/CLKOUT0
                         net (fo=1, routed)           0.752    -1.769    u_mmcm/inst/clk_out1_clk_wiz_audio
    BUFGCTRL_X0Y16       BUFG (Prop_bufg_I_O)         0.029    -1.740 r  u_mmcm/inst/clkout1_buf/O
                         net (fo=332, routed)         0.898    -0.842    u_div/clk_out1
    SLICE_X112Y80        FDCE                                         r  u_div/cnt_reg[2]/C
                         clock pessimism              0.252    -0.589    <hidden>
    SLICE_X112Y80        FDCE (Remov_fdce_C_CLR)     -0.067    -0.656    u_div/cnt_reg[2]
  -------------------------------------------------------------------
                         required time                          0.656    <hidden>
                         arrival time                          -0.012    <hidden>
  -------------------------------------------------------------------
                         slack                                  0.644    <hidden>

Slack (MET) :             0.669ns  (arrival time - required time)
  Source:                 u_rst_sync/rst_sync_reg/C
                            (rising edge-triggered cell FDCE clocked by clk_out1_clk_wiz_audio_1  {rise@0.000ns fall@40.690ns period=81.380ns})
  Destination:            u_div/cnt_reg[3]/CLR
                            (removal check against rising-edge clock clk_out1_clk_wiz_audio_1  {rise@0.000ns fall@40.690ns period=81.380ns})
  Path Group:             **async_default**
  Path Type:              Removal (Min at Fast Process Corner)
  Requirement:            0.000ns  (clk_out1_clk_wiz_audio_1 rise@0.000ns - clk_out1_clk_wiz_audio_1 rise@0.000ns)
  Data Path Delay:        0.589ns  (logic 0.246ns (41.762%)  route 0.343ns (58.238%))
  Logic Levels:           1  (LUT1=1)
  Clock Path Skew:        0.012ns (DCD - SCD - CPR)
    Destination Clock Delay (DCD):    -0.842ns
    Source Clock Delay      (SCD):    -0.601ns
    Clock Pessimism Removal (CPR):    -0.252ns

    Location             Delay type                Incr(ns)  Path(ns)    Netlist Resource(s)
  -------------------------------------------------------------------    -------------------
                         (clock clk_out1_clk_wiz_audio_1 rise edge)
                                                      0.000     0.000 r  <hidden>
    H16                                               0.000     0.000 r  sysclk
                         net (fo=0)                   0.000     0.000    u_mmcm/inst/clk_in1
    H16                  IBUF (Prop_ibuf_I_O)         0.219     0.219 r  u_mmcm/inst/clkin1_ibufg/O
                         net (fo=1, routed)           0.440     0.659    u_mmcm/inst/clk_in1_clk_wiz_audio
    MMCME2_ADV_X1Y2      MMCME2_ADV (Prop_mmcme2_adv_CLKIN1_CLKOUT0)
                                                     -2.613    -1.954 r  u_mmcm/inst/mmcm_adv_inst/CLKOUT0
                         net (fo=1, routed)           0.696    -1.257    u_mmcm/inst/clk_out1_clk_wiz_audio
    BUFGCTRL_X0Y16       BUFG (Prop_bufg_I_O)         0.026    -1.231 r  u_mmcm/inst/clkout1_buf/O
                         net (fo=332, routed)         0.630    -0.601    u_rst_sync/clk_out1
    SLICE_X112Y82        FDCE                                         r  u_rst_sync/rst_sync_reg/C
  -------------------------------------------------------------------    -------------------
    SLICE_X112Y82        FDCE (Prop_fdce_C_Q)         0.148    -0.453 r  u_rst_sync/rst_sync_reg/Q
                         net (fo=1, routed)           0.150    -0.303    u_div/cnt_reg[0]_0
    SLICE_X112Y82        LUT1 (Prop_lut1_I0_O)        0.098    -0.205 f  u_div/cnt[7]_i_2/O
                         net (fo=326, routed)         0.193    -0.012    u_div/rst_sync_reg
    SLICE_X113Y80        FDCE                                         f  u_div/cnt_reg[3]/CLR
  -------------------------------------------------------------------    -------------------

                         (clock clk_out1_clk_wiz_audio_1 rise edge)
                                                      0.000     0.000 r  <hidden>
    H16                                               0.000     0.000 r  sysclk
                         net (fo=0)                   0.000     0.000    u_mmcm/inst/clk_in1
    H16                  IBUF (Prop_ibuf_I_O)         0.406     0.406 r  u_mmcm/inst/clkin1_ibufg/O
                         net (fo=1, routed)           0.480     0.886    u_mmcm/inst/clk_in1_clk_wiz_audio
    MMCME2_ADV_X1Y2      MMCME2_ADV (Prop_mmcme2_adv_CLKIN1_CLKOUT0)
                                                     -3.407    -2.521 r  u_mmcm/inst/mmcm_adv_inst/CLKOUT0
                         net (fo=1, routed)           0.752    -1.769    u_mmcm/inst/clk_out1_clk_wiz_audio
    BUFGCTRL_X0Y16       BUFG (Prop_bufg_I_O)         0.029    -1.740 r  u_mmcm/inst/clkout1_buf/O
                         net (fo=332, routed)         0.898    -0.842    u_div/clk_out1
    SLICE_X113Y80        FDCE                                         r  u_div/cnt_reg[3]/C
                         clock pessimism              0.252    -0.589    <hidden>
    SLICE_X113Y80        FDCE (Remov_fdce_C_CLR)     -0.092    -0.681    u_div/cnt_reg[3]
  -------------------------------------------------------------------
                         required time                          0.681    <hidden>
                         arrival time                          -0.012    <hidden>
  -------------------------------------------------------------------
                         slack                                  0.669    <hidden>

Slack (MET) :             0.669ns  (arrival time - required time)
  Source:                 u_rst_sync/rst_sync_reg/C
                            (rising edge-triggered cell FDCE clocked by clk_out1_clk_wiz_audio_1  {rise@0.000ns fall@40.690ns period=81.380ns})
  Destination:            u_div/cnt_reg[4]/CLR
                            (removal check against rising-edge clock clk_out1_clk_wiz_audio_1  {rise@0.000ns fall@40.690ns period=81.380ns})
  Path Group:             **async_default**
  Path Type:              Removal (Min at Fast Process Corner)
  Requirement:            0.000ns  (clk_out1_clk_wiz_audio_1 rise@0.000ns - clk_out1_clk_wiz_audio_1 rise@0.000ns)
  Data Path Delay:        0.589ns  (logic 0.246ns (41.762%)  route 0.343ns (58.238%))
  Logic Levels:           1  (LUT1=1)
  Clock Path Skew:        0.012ns (DCD - SCD - CPR)
    Destination Clock Delay (DCD):    -0.842ns
    Source Clock Delay      (SCD):    -0.601ns
    Clock Pessimism Removal (CPR):    -0.252ns

    Location             Delay type                Incr(ns)  Path(ns)    Netlist Resource(s)
  -------------------------------------------------------------------    -------------------
                         (clock clk_out1_clk_wiz_audio_1 rise edge)
                                                      0.000     0.000 r  <hidden>
    H16                                               0.000     0.000 r  sysclk
                         net (fo=0)                   0.000     0.000    u_mmcm/inst/clk_in1
    H16                  IBUF (Prop_ibuf_I_O)         0.219     0.219 r  u_mmcm/inst/clkin1_ibufg/O
                         net (fo=1, routed)           0.440     0.659    u_mmcm/inst/clk_in1_clk_wiz_audio
    MMCME2_ADV_X1Y2      MMCME2_ADV (Prop_mmcme2_adv_CLKIN1_CLKOUT0)
                                                     -2.613    -1.954 r  u_mmcm/inst/mmcm_adv_inst/CLKOUT0
                         net (fo=1, routed)           0.696    -1.257    u_mmcm/inst/clk_out1_clk_wiz_audio
    BUFGCTRL_X0Y16       BUFG (Prop_bufg_I_O)         0.026    -1.231 r  u_mmcm/inst/clkout1_buf/O
                         net (fo=332, routed)         0.630    -0.601    u_rst_sync/clk_out1
    SLICE_X112Y82        FDCE                                         r  u_rst_sync/rst_sync_reg/C
  -------------------------------------------------------------------    -------------------
    SLICE_X112Y82        FDCE (Prop_fdce_C_Q)         0.148    -0.453 r  u_rst_sync/rst_sync_reg/Q
                         net (fo=1, routed)           0.150    -0.303    u_div/cnt_reg[0]_0
    SLICE_X112Y82        LUT1 (Prop_lut1_I0_O)        0.098    -0.205 f  u_div/cnt[7]_i_2/O
                         net (fo=326, routed)         0.193    -0.012    u_div/rst_sync_reg
    SLICE_X113Y80        FDCE                                         f  u_div/cnt_reg[4]/CLR
  -------------------------------------------------------------------    -------------------

                         (clock clk_out1_clk_wiz_audio_1 rise edge)
                                                      0.000     0.000 r  <hidden>
    H16                                               0.000     0.000 r  sysclk
                         net (fo=0)                   0.000     0.000    u_mmcm/inst/clk_in1
    H16                  IBUF (Prop_ibuf_I_O)         0.406     0.406 r  u_mmcm/inst/clkin1_ibufg/O
                         net (fo=1, routed)           0.480     0.886    u_mmcm/inst/clk_in1_clk_wiz_audio
    MMCME2_ADV_X1Y2      MMCME2_ADV (Prop_mmcme2_adv_CLKIN1_CLKOUT0)
                                                     -3.407    -2.521 r  u_mmcm/inst/mmcm_adv_inst/CLKOUT0
                         net (fo=1, routed)           0.752    -1.769    u_mmcm/inst/clk_out1_clk_wiz_audio
    BUFGCTRL_X0Y16       BUFG (Prop_bufg_I_O)         0.029    -1.740 r  u_mmcm/inst/clkout1_buf/O
                         net (fo=332, routed)         0.898    -0.842    u_div/clk_out1
    SLICE_X113Y80        FDCE                                         r  u_div/cnt_reg[4]/C
                         clock pessimism              0.252    -0.589    <hidden>
    SLICE_X113Y80        FDCE (Remov_fdce_C_CLR)     -0.092    -0.681    u_div/cnt_reg[4]
  -------------------------------------------------------------------
                         required time                          0.681    <hidden>
                         arrival time                          -0.012    <hidden>
  -------------------------------------------------------------------
                         slack                                  0.669    <hidden>

Slack (MET) :             0.669ns  (arrival time - required time)
  Source:                 u_rst_sync/rst_sync_reg/C
                            (rising edge-triggered cell FDCE clocked by clk_out1_clk_wiz_audio_1  {rise@0.000ns fall@40.690ns period=81.380ns})
  Destination:            u_div/cnt_reg[5]/CLR
                            (removal check against rising-edge clock clk_out1_clk_wiz_audio_1  {rise@0.000ns fall@40.690ns period=81.380ns})
  Path Group:             **async_default**
  Path Type:              Removal (Min at Fast Process Corner)
  Requirement:            0.000ns  (clk_out1_clk_wiz_audio_1 rise@0.000ns - clk_out1_clk_wiz_audio_1 rise@0.000ns)
  Data Path Delay:        0.589ns  (logic 0.246ns (41.762%)  route 0.343ns (58.238%))
  Logic Levels:           1  (LUT1=1)
  Clock Path Skew:        0.012ns (DCD - SCD - CPR)
    Destination Clock Delay (DCD):    -0.842ns
    Source Clock Delay      (SCD):    -0.601ns
    Clock Pessimism Removal (CPR):    -0.252ns

    Location             Delay type                Incr(ns)  Path(ns)    Netlist Resource(s)
  -------------------------------------------------------------------    -------------------
                         (clock clk_out1_clk_wiz_audio_1 rise edge)
                                                      0.000     0.000 r  <hidden>
    H16                                               0.000     0.000 r  sysclk
                         net (fo=0)                   0.000     0.000    u_mmcm/inst/clk_in1
    H16                  IBUF (Prop_ibuf_I_O)         0.219     0.219 r  u_mmcm/inst/clkin1_ibufg/O
                         net (fo=1, routed)           0.440     0.659    u_mmcm/inst/clk_in1_clk_wiz_audio
    MMCME2_ADV_X1Y2      MMCME2_ADV (Prop_mmcme2_adv_CLKIN1_CLKOUT0)
                                                     -2.613    -1.954 r  u_mmcm/inst/mmcm_adv_inst/CLKOUT0
                         net (fo=1, routed)           0.696    -1.257    u_mmcm/inst/clk_out1_clk_wiz_audio
    BUFGCTRL_X0Y16       BUFG (Prop_bufg_I_O)         0.026    -1.231 r  u_mmcm/inst/clkout1_buf/O
                         net (fo=332, routed)         0.630    -0.601    u_rst_sync/clk_out1
    SLICE_X112Y82        FDCE                                         r  u_rst_sync/rst_sync_reg/C
  -------------------------------------------------------------------    -------------------
    SLICE_X112Y82        FDCE (Prop_fdce_C_Q)         0.148    -0.453 r  u_rst_sync/rst_sync_reg/Q
                         net (fo=1, routed)           0.150    -0.303    u_div/cnt_reg[0]_0
    SLICE_X112Y82        LUT1 (Prop_lut1_I0_O)        0.098    -0.205 f  u_div/cnt[7]_i_2/O
                         net (fo=326, routed)         0.193    -0.012    u_div/rst_sync_reg
    SLICE_X113Y80        FDCE                                         f  u_div/cnt_reg[5]/CLR
  -------------------------------------------------------------------    -------------------

                         (clock clk_out1_clk_wiz_audio_1 rise edge)
                                                      0.000     0.000 r  <hidden>
    H16                                               0.000     0.000 r  sysclk
                         net (fo=0)                   0.000     0.000    u_mmcm/inst/clk_in1
    H16                  IBUF (Prop_ibuf_I_O)         0.406     0.406 r  u_mmcm/inst/clkin1_ibufg/O
                         net (fo=1, routed)           0.480     0.886    u_mmcm/inst/clk_in1_clk_wiz_audio
    MMCME2_ADV_X1Y2      MMCME2_ADV (Prop_mmcme2_adv_CLKIN1_CLKOUT0)
                                                     -3.407    -2.521 r  u_mmcm/inst/mmcm_adv_inst/CLKOUT0
                         net (fo=1, routed)           0.752    -1.769    u_mmcm/inst/clk_out1_clk_wiz_audio
    BUFGCTRL_X0Y16       BUFG (Prop_bufg_I_O)         0.029    -1.740 r  u_mmcm/inst/clkout1_buf/O
                         net (fo=332, routed)         0.898    -0.842    u_div/clk_out1
    SLICE_X113Y80        FDCE                                         r  u_div/cnt_reg[5]/C
                         clock pessimism              0.252    -0.589    <hidden>
    SLICE_X113Y80        FDCE (Remov_fdce_C_CLR)     -0.092    -0.681    u_div/cnt_reg[5]
  -------------------------------------------------------------------
                         required time                          0.681    <hidden>
                         arrival time                          -0.012    <hidden>
  -------------------------------------------------------------------
                         slack                                  0.669    <hidden>

Slack (MET) :             0.669ns  (arrival time - required time)
  Source:                 u_rst_sync/rst_sync_reg/C
                            (rising edge-triggered cell FDCE clocked by clk_out1_clk_wiz_audio_1  {rise@0.000ns fall@40.690ns period=81.380ns})
  Destination:            u_div/cnt_reg[6]/CLR
                            (removal check against rising-edge clock clk_out1_clk_wiz_audio_1  {rise@0.000ns fall@40.690ns period=81.380ns})
  Path Group:             **async_default**
  Path Type:              Removal (Min at Fast Process Corner)
  Requirement:            0.000ns  (clk_out1_clk_wiz_audio_1 rise@0.000ns - clk_out1_clk_wiz_audio_1 rise@0.000ns)
  Data Path Delay:        0.589ns  (logic 0.246ns (41.762%)  route 0.343ns (58.238%))
  Logic Levels:           1  (LUT1=1)
  Clock Path Skew:        0.012ns (DCD - SCD - CPR)
    Destination Clock Delay (DCD):    -0.842ns
    Source Clock Delay      (SCD):    -0.601ns
    Clock Pessimism Removal (CPR):    -0.252ns

    Location             Delay type                Incr(ns)  Path(ns)    Netlist Resource(s)
  -------------------------------------------------------------------    -------------------
                         (clock clk_out1_clk_wiz_audio_1 rise edge)
                                                      0.000     0.000 r  <hidden>
    H16                                               0.000     0.000 r  sysclk
                         net (fo=0)                   0.000     0.000    u_mmcm/inst/clk_in1
    H16                  IBUF (Prop_ibuf_I_O)         0.219     0.219 r  u_mmcm/inst/clkin1_ibufg/O
                         net (fo=1, routed)           0.440     0.659    u_mmcm/inst/clk_in1_clk_wiz_audio
    MMCME2_ADV_X1Y2      MMCME2_ADV (Prop_mmcme2_adv_CLKIN1_CLKOUT0)
                                                     -2.613    -1.954 r  u_mmcm/inst/mmcm_adv_inst/CLKOUT0
                         net (fo=1, routed)           0.696    -1.257    u_mmcm/inst/clk_out1_clk_wiz_audio
    BUFGCTRL_X0Y16       BUFG (Prop_bufg_I_O)         0.026    -1.231 r  u_mmcm/inst/clkout1_buf/O
                         net (fo=332, routed)         0.630    -0.601    u_rst_sync/clk_out1
    SLICE_X112Y82        FDCE                                         r  u_rst_sync/rst_sync_reg/C
  -------------------------------------------------------------------    -------------------
    SLICE_X112Y82        FDCE (Prop_fdce_C_Q)         0.148    -0.453 r  u_rst_sync/rst_sync_reg/Q
                         net (fo=1, routed)           0.150    -0.303    u_div/cnt_reg[0]_0
    SLICE_X112Y82        LUT1 (Prop_lut1_I0_O)        0.098    -0.205 f  u_div/cnt[7]_i_2/O
                         net (fo=326, routed)         0.193    -0.012    u_div/rst_sync_reg
    SLICE_X113Y80        FDCE                                         f  u_div/cnt_reg[6]/CLR
  -------------------------------------------------------------------    -------------------

                         (clock clk_out1_clk_wiz_audio_1 rise edge)
                                                      0.000     0.000 r  <hidden>
    H16                                               0.000     0.000 r  sysclk
                         net (fo=0)                   0.000     0.000    u_mmcm/inst/clk_in1
    H16                  IBUF (Prop_ibuf_I_O)         0.406     0.406 r  u_mmcm/inst/clkin1_ibufg/O
                         net (fo=1, routed)           0.480     0.886    u_mmcm/inst/clk_in1_clk_wiz_audio
    MMCME2_ADV_X1Y2      MMCME2_ADV (Prop_mmcme2_adv_CLKIN1_CLKOUT0)
                                                     -3.407    -2.521 r  u_mmcm/inst/mmcm_adv_inst/CLKOUT0
                         net (fo=1, routed)           0.752    -1.769    u_mmcm/inst/clk_out1_clk_wiz_audio
    BUFGCTRL_X0Y16       BUFG (Prop_bufg_I_O)         0.029    -1.740 r  u_mmcm/inst/clkout1_buf/O
                         net (fo=332, routed)         0.898    -0.842    u_div/clk_out1
    SLICE_X113Y80        FDCE                                         r  u_div/cnt_reg[6]/C
                         clock pessimism              0.252    -0.589    <hidden>
    SLICE_X113Y80        FDCE (Remov_fdce_C_CLR)     -0.092    -0.681    u_div/cnt_reg[6]
  -------------------------------------------------------------------
                         required time                          0.681    <hidden>
                         arrival time                          -0.012    <hidden>
  -------------------------------------------------------------------
                         slack                                  0.669    <hidden>

Slack (MET) :             0.669ns  (arrival time - required time)
  Source:                 u_rst_sync/rst_sync_reg/C
                            (rising edge-triggered cell FDCE clocked by clk_out1_clk_wiz_audio_1  {rise@0.000ns fall@40.690ns period=81.380ns})
  Destination:            u_div/cnt_reg[7]/CLR
                            (removal check against rising-edge clock clk_out1_clk_wiz_audio_1  {rise@0.000ns fall@40.690ns period=81.380ns})
  Path Group:             **async_default**
  Path Type:              Removal (Min at Fast Process Corner)
  Requirement:            0.000ns  (clk_out1_clk_wiz_audio_1 rise@0.000ns - clk_out1_clk_wiz_audio_1 rise@0.000ns)
  Data Path Delay:        0.589ns  (logic 0.246ns (41.762%)  route 0.343ns (58.238%))
  Logic Levels:           1  (LUT1=1)
  Clock Path Skew:        0.012ns (DCD - SCD - CPR)
    Destination Clock Delay (DCD):    -0.842ns
    Source Clock Delay      (SCD):    -0.601ns
    Clock Pessimism Removal (CPR):    -0.252ns

    Location             Delay type                Incr(ns)  Path(ns)    Netlist Resource(s)
  -------------------------------------------------------------------    -------------------
                         (clock clk_out1_clk_wiz_audio_1 rise edge)
                                                      0.000     0.000 r  <hidden>
    H16                                               0.000     0.000 r  sysclk
                         net (fo=0)                   0.000     0.000    u_mmcm/inst/clk_in1
    H16                  IBUF (Prop_ibuf_I_O)         0.219     0.219 r  u_mmcm/inst/clkin1_ibufg/O
                         net (fo=1, routed)           0.440     0.659    u_mmcm/inst/clk_in1_clk_wiz_audio
    MMCME2_ADV_X1Y2      MMCME2_ADV (Prop_mmcme2_adv_CLKIN1_CLKOUT0)
                                                     -2.613    -1.954 r  u_mmcm/inst/mmcm_adv_inst/CLKOUT0
                         net (fo=1, routed)           0.696    -1.257    u_mmcm/inst/clk_out1_clk_wiz_audio
    BUFGCTRL_X0Y16       BUFG (Prop_bufg_I_O)         0.026    -1.231 r  u_mmcm/inst/clkout1_buf/O
                         net (fo=332, routed)         0.630    -0.601    u_rst_sync/clk_out1
    SLICE_X112Y82        FDCE                                         r  u_rst_sync/rst_sync_reg/C
  -------------------------------------------------------------------    -------------------
    SLICE_X112Y82        FDCE (Prop_fdce_C_Q)         0.148    -0.453 r  u_rst_sync/rst_sync_reg/Q
                         net (fo=1, routed)           0.150    -0.303    u_div/cnt_reg[0]_0
    SLICE_X112Y82        LUT1 (Prop_lut1_I0_O)        0.098    -0.205 f  u_div/cnt[7]_i_2/O
                         net (fo=326, routed)         0.193    -0.012    u_div/rst_sync_reg
    SLICE_X113Y80        FDCE                                         f  u_div/cnt_reg[7]/CLR
  -------------------------------------------------------------------    -------------------

                         (clock clk_out1_clk_wiz_audio_1 rise edge)
                                                      0.000     0.000 r  <hidden>
    H16                                               0.000     0.000 r  sysclk
                         net (fo=0)                   0.000     0.000    u_mmcm/inst/clk_in1
    H16                  IBUF (Prop_ibuf_I_O)         0.406     0.406 r  u_mmcm/inst/clkin1_ibufg/O
                         net (fo=1, routed)           0.480     0.886    u_mmcm/inst/clk_in1_clk_wiz_audio
    MMCME2_ADV_X1Y2      MMCME2_ADV (Prop_mmcme2_adv_CLKIN1_CLKOUT0)
                                                     -3.407    -2.521 r  u_mmcm/inst/mmcm_adv_inst/CLKOUT0
                         net (fo=1, routed)           0.752    -1.769    u_mmcm/inst/clk_out1_clk_wiz_audio
    BUFGCTRL_X0Y16       BUFG (Prop_bufg_I_O)         0.029    -1.740 r  u_mmcm/inst/clkout1_buf/O
                         net (fo=332, routed)         0.898    -0.842    u_div/clk_out1
    SLICE_X113Y80        FDCE                                         r  u_div/cnt_reg[7]/C
                         clock pessimism              0.252    -0.589    <hidden>
    SLICE_X113Y80        FDCE (Remov_fdce_C_CLR)     -0.092    -0.681    u_div/cnt_reg[7]
  -------------------------------------------------------------------
                         required time                          0.681    <hidden>
                         arrival time                          -0.012    <hidden>
  -------------------------------------------------------------------
                         slack                                  0.669    <hidden>

Slack (MET) :             0.868ns  (arrival time - required time)
  Source:                 u_rst_sync/rst_sync_reg/C
                            (rising edge-triggered cell FDCE clocked by clk_out1_clk_wiz_audio_1  {rise@0.000ns fall@40.690ns period=81.380ns})
  Destination:            u_rx_ja/lrck_r_reg/CLR
                            (removal check against rising-edge clock clk_out1_clk_wiz_audio_1  {rise@0.000ns fall@40.690ns period=81.380ns})
  Path Group:             **async_default**
  Path Type:              Removal (Min at Fast Process Corner)
  Requirement:            0.000ns  (clk_out1_clk_wiz_audio_1 rise@0.000ns - clk_out1_clk_wiz_audio_1 rise@0.000ns)
  Data Path Delay:        0.816ns  (logic 0.246ns (30.143%)  route 0.570ns (69.857%))
  Logic Levels:           1  (LUT1=1)
  Clock Path Skew:        0.015ns (DCD - SCD - CPR)
    Destination Clock Delay (DCD):    -0.839ns
    Source Clock Delay      (SCD):    -0.601ns
    Clock Pessimism Removal (CPR):    -0.252ns

    Location             Delay type                Incr(ns)  Path(ns)    Netlist Resource(s)
  -------------------------------------------------------------------    -------------------
                         (clock clk_out1_clk_wiz_audio_1 rise edge)
                                                      0.000     0.000 r  <hidden>
    H16                                               0.000     0.000 r  sysclk
                         net (fo=0)                   0.000     0.000    u_mmcm/inst/clk_in1
    H16                  IBUF (Prop_ibuf_I_O)         0.219     0.219 r  u_mmcm/inst/clkin1_ibufg/O
                         net (fo=1, routed)           0.440     0.659    u_mmcm/inst/clk_in1_clk_wiz_audio
    MMCME2_ADV_X1Y2      MMCME2_ADV (Prop_mmcme2_adv_CLKIN1_CLKOUT0)
                                                     -2.613    -1.954 r  u_mmcm/inst/mmcm_adv_inst/CLKOUT0
                         net (fo=1, routed)           0.696    -1.257    u_mmcm/inst/clk_out1_clk_wiz_audio
    BUFGCTRL_X0Y16       BUFG (Prop_bufg_I_O)         0.026    -1.231 r  u_mmcm/inst/clkout1_buf/O
                         net (fo=332, routed)         0.630    -0.601    u_rst_sync/clk_out1
    SLICE_X112Y82        FDCE                                         r  u_rst_sync/rst_sync_reg/C
  -------------------------------------------------------------------    -------------------
    SLICE_X112Y82        FDCE (Prop_fdce_C_Q)         0.148    -0.453 r  u_rst_sync/rst_sync_reg/Q
                         net (fo=1, routed)           0.150    -0.303    u_div/cnt_reg[0]_0
    SLICE_X112Y82        LUT1 (Prop_lut1_I0_O)        0.098    -0.205 f  u_div/cnt[7]_i_2/O
                         net (fo=326, routed)         0.420     0.215    u_rx_ja/lrck_r_reg_0
    SLICE_X112Y83        FDCE                                         f  u_rx_ja/lrck_r_reg/CLR
  -------------------------------------------------------------------    -------------------

                         (clock clk_out1_clk_wiz_audio_1 rise edge)
                                                      0.000     0.000 r  <hidden>
    H16                                               0.000     0.000 r  sysclk
                         net (fo=0)                   0.000     0.000    u_mmcm/inst/clk_in1
    H16                  IBUF (Prop_ibuf_I_O)         0.406     0.406 r  u_mmcm/inst/clkin1_ibufg/O
                         net (fo=1, routed)           0.480     0.886    u_mmcm/inst/clk_in1_clk_wiz_audio
    MMCME2_ADV_X1Y2      MMCME2_ADV (Prop_mmcme2_adv_CLKIN1_CLKOUT0)
                                                     -3.407    -2.521 r  u_mmcm/inst/mmcm_adv_inst/CLKOUT0
                         net (fo=1, routed)           0.752    -1.769    u_mmcm/inst/clk_out1_clk_wiz_audio
    BUFGCTRL_X0Y16       BUFG (Prop_bufg_I_O)         0.029    -1.740 r  u_mmcm/inst/clkout1_buf/O
                         net (fo=332, routed)         0.901    -0.839    u_rx_ja/clk_out1
    SLICE_X112Y83        FDCE                                         r  u_rx_ja/lrck_r_reg/C
                         clock pessimism              0.252    -0.586    <hidden>
    SLICE_X112Y83        FDCE (Remov_fdce_C_CLR)     -0.067    -0.653    u_rx_ja/lrck_r_reg
  -------------------------------------------------------------------
                         required time                          0.653    <hidden>
                         arrival time                           0.215    <hidden>
  -------------------------------------------------------------------
                         slack                                  0.868    <hidden>

Slack (MET) :             0.933ns  (arrival time - required time)
  Source:                 u_rst_sync/rst_sync_reg/C
                            (rising edge-triggered cell FDCE clocked by clk_out1_clk_wiz_audio_1  {rise@0.000ns fall@40.690ns period=81.380ns})
  Destination:            u_rx_jb/bit_counter_reg[1]/CLR
                            (removal check against rising-edge clock clk_out1_clk_wiz_audio_1  {rise@0.000ns fall@40.690ns period=81.380ns})
  Path Group:             **async_default**
  Path Type:              Removal (Min at Fast Process Corner)
  Requirement:            0.000ns  (clk_out1_clk_wiz_audio_1 rise@0.000ns - clk_out1_clk_wiz_audio_1 rise@0.000ns)
  Data Path Delay:        0.883ns  (logic 0.246ns (27.851%)  route 0.637ns (72.149%))
  Logic Levels:           1  (LUT1=1)
  Clock Path Skew:        0.017ns (DCD - SCD - CPR)
    Destination Clock Delay (DCD):    -0.837ns
    Source Clock Delay      (SCD):    -0.601ns
    Clock Pessimism Removal (CPR):    -0.252ns

    Location             Delay type                Incr(ns)  Path(ns)    Netlist Resource(s)
  -------------------------------------------------------------------    -------------------
                         (clock clk_out1_clk_wiz_audio_1 rise edge)
                                                      0.000     0.000 r  <hidden>
    H16                                               0.000     0.000 r  sysclk
                         net (fo=0)                   0.000     0.000    u_mmcm/inst/clk_in1
    H16                  IBUF (Prop_ibuf_I_O)         0.219     0.219 r  u_mmcm/inst/clkin1_ibufg/O
                         net (fo=1, routed)           0.440     0.659    u_mmcm/inst/clk_in1_clk_wiz_audio
    MMCME2_ADV_X1Y2      MMCME2_ADV (Prop_mmcme2_adv_CLKIN1_CLKOUT0)
                                                     -2.613    -1.954 r  u_mmcm/inst/mmcm_adv_inst/CLKOUT0
                         net (fo=1, routed)           0.696    -1.257    u_mmcm/inst/clk_out1_clk_wiz_audio
    BUFGCTRL_X0Y16       BUFG (Prop_bufg_I_O)         0.026    -1.231 r  u_mmcm/inst/clkout1_buf/O
                         net (fo=332, routed)         0.630    -0.601    u_rst_sync/clk_out1
    SLICE_X112Y82        FDCE                                         r  u_rst_sync/rst_sync_reg/C
  -------------------------------------------------------------------    -------------------
    SLICE_X112Y82        FDCE (Prop_fdce_C_Q)         0.148    -0.453 r  u_rst_sync/rst_sync_reg/Q
                         net (fo=1, routed)           0.150    -0.303    u_div/cnt_reg[0]_0
    SLICE_X112Y82        LUT1 (Prop_lut1_I0_O)        0.098    -0.205 f  u_div/cnt[7]_i_2/O
                         net (fo=326, routed)         0.487     0.282    u_rx_jb/bit_counter_reg[4]_0
    SLICE_X112Y85        FDCE                                         f  u_rx_jb/bit_counter_reg[1]/CLR
  -------------------------------------------------------------------    -------------------

                         (clock clk_out1_clk_wiz_audio_1 rise edge)
                                                      0.000     0.000 r  <hidden>
    H16                                               0.000     0.000 r  sysclk
                         net (fo=0)                   0.000     0.000    u_mmcm/inst/clk_in1
    H16                  IBUF (Prop_ibuf_I_O)         0.406     0.406 r  u_mmcm/inst/clkin1_ibufg/O
                         net (fo=1, routed)           0.480     0.886    u_mmcm/inst/clk_in1_clk_wiz_audio
    MMCME2_ADV_X1Y2      MMCME2_ADV (Prop_mmcme2_adv_CLKIN1_CLKOUT0)
                                                     -3.407    -2.521 r  u_mmcm/inst/mmcm_adv_inst/CLKOUT0
                         net (fo=1, routed)           0.752    -1.769    u_mmcm/inst/clk_out1_clk_wiz_audio
    BUFGCTRL_X0Y16       BUFG (Prop_bufg_I_O)         0.029    -1.740 r  u_mmcm/inst/clkout1_buf/O
                         net (fo=332, routed)         0.903    -0.837    u_rx_jb/clk_out1
    SLICE_X112Y85        FDCE                                         r  u_rx_jb/bit_counter_reg[1]/C
                         clock pessimism              0.252    -0.584    <hidden>
    SLICE_X112Y85        FDCE (Remov_fdce_C_CLR)     -0.067    -0.651    u_rx_jb/bit_counter_reg[1]
  -------------------------------------------------------------------
                         required time                          0.651    <hidden>
                         arrival time                           0.282    <hidden>
  -------------------------------------------------------------------
                         slack                                  0.933    <hidden>





--------------------------------------------------------------------------------------
Path Group:  (none)
From Clock:  clk_out1_clk_wiz_audio
  To Clock:  

Max Delay            14 Endpoints
Min Delay            14 Endpoints
--------------------------------------------------------------------------------------


Max Delay Paths
--------------------------------------------------------------------------------------
Slack:                    inf
  Source:                 u_mmcm/inst/mmcm_adv_inst/CLKOUT0
                            (clock source 'clk_out1_clk_wiz_audio'  {rise@0.000ns fall@40.690ns period=81.380ns})
  Destination:            jb_da_mclk
                            (output port)
  Path Group:             (none)
  Path Type:              Max at Slow Process Corner
  Data Path Delay:        9.124ns  (logic 3.756ns (41.167%)  route 5.368ns (58.833%))
  Logic Levels:           2  (BUFG=1 OBUF=1)
  Clock Uncertainty:      0.590ns  ((TSJ^2 + DJ^2)^1/2) / 2 + PE
    Total System Jitter     (TSJ):    0.050ns
    Discrete Jitter          (DJ):    0.474ns
    Phase Error              (PE):    0.352ns

    Location             Delay type                Incr(ns)  Path(ns)    Netlist Resource(s)
  -------------------------------------------------------------------    -------------------
                         (clock clk_out1_clk_wiz_audio fall edge)
                                                     40.690    40.690 f  <hidden>
    H16                                               0.000    40.690 f  sysclk
                         net (fo=0)                   0.000    40.690    u_mmcm/inst/clk_in1
    H16                  IBUF (Prop_ibuf_I_O)         1.451    42.141 f  u_mmcm/inst/clkin1_ibufg/O
                         net (fo=1, routed)           1.285    43.426    u_mmcm/inst/clk_in1_clk_wiz_audio
  -------------------------------------------------------------------    -------------------
    MMCME2_ADV_X1Y2      MMCME2_ADV (Prop_mmcme2_adv_CLKIN1_CLKOUT0)
                                                     -7.759    35.667 f  u_mmcm/inst/mmcm_adv_inst/CLKOUT0
                         net (fo=1, routed)           2.206    37.873    u_mmcm/inst/clk_out1_clk_wiz_audio
    BUFGCTRL_X0Y16       BUFG (Prop_bufg_I_O)         0.101    37.974 f  u_mmcm/inst/clkout1_buf/O
                         net (fo=332, routed)         3.162    41.135    jb_ad_mclk_OBUF
    W14                  OBUF (Prop_obuf_I_O)         3.655    44.790 f  jb_da_mclk_OBUF_inst/O
                         net (fo=0)                   0.000    44.790    jb_da_mclk
    W14                                                               f  jb_da_mclk
  -------------------------------------------------------------------    -------------------

Slack:                    inf
  Source:                 u_mmcm/inst/mmcm_adv_inst/CLKOUT0
                            (clock source 'clk_out1_clk_wiz_audio'  {rise@0.000ns fall@40.690ns period=81.380ns})
  Destination:            ja_da_mclk
                            (output port)
  Path Group:             (none)
  Path Type:              Max at Slow Process Corner
  Data Path Delay:        9.047ns  (logic 3.680ns (40.681%)  route 5.367ns (59.319%))
  Logic Levels:           2  (BUFG=1 OBUF=1)
  Clock Uncertainty:      0.590ns  ((TSJ^2 + DJ^2)^1/2) / 2 + PE
    Total System Jitter     (TSJ):    0.050ns
    Discrete Jitter          (DJ):    0.474ns
    Phase Error              (PE):    0.352ns

    Location             Delay type                Incr(ns)  Path(ns)    Netlist Resource(s)
  -------------------------------------------------------------------    -------------------
                         (clock clk_out1_clk_wiz_audio fall edge)
                                                     40.690    40.690 f  <hidden>
    H16                                               0.000    40.690 f  sysclk
                         net (fo=0)                   0.000    40.690    u_mmcm/inst/clk_in1
    H16                  IBUF (Prop_ibuf_I_O)         1.451    42.141 f  u_mmcm/inst/clkin1_ibufg/O
                         net (fo=1, routed)           1.285    43.426    u_mmcm/inst/clk_in1_clk_wiz_audio
  -------------------------------------------------------------------    -------------------
    MMCME2_ADV_X1Y2      MMCME2_ADV (Prop_mmcme2_adv_CLKIN1_CLKOUT0)
                                                     -7.759    35.667 f  u_mmcm/inst/mmcm_adv_inst/CLKOUT0
                         net (fo=1, routed)           2.206    37.873    u_mmcm/inst/clk_out1_clk_wiz_audio
    BUFGCTRL_X0Y16       BUFG (Prop_bufg_I_O)         0.101    37.974 f  u_mmcm/inst/clkout1_buf/O
                         net (fo=332, routed)         3.161    41.134    jb_ad_mclk_OBUF
    Y18                  OBUF (Prop_obuf_I_O)         3.579    44.714 f  ja_da_mclk_OBUF_inst/O
                         net (fo=0)                   0.000    44.714    ja_da_mclk
    Y18                                                               f  ja_da_mclk
  -------------------------------------------------------------------    -------------------

Slack:                    inf
  Source:                 u_mmcm/inst/mmcm_adv_inst/CLKOUT0
                            (clock source 'clk_out1_clk_wiz_audio'  {rise@0.000ns fall@40.690ns period=81.380ns})
  Destination:            jb_ad_mclk
                            (output port)
  Path Group:             (none)
  Path Type:              Max at Slow Process Corner
  Data Path Delay:        9.024ns  (logic 3.654ns (40.494%)  route 5.370ns (59.506%))
  Logic Levels:           2  (BUFG=1 OBUF=1)
  Clock Uncertainty:      0.590ns  ((TSJ^2 + DJ^2)^1/2) / 2 + PE
    Total System Jitter     (TSJ):    0.050ns
    Discrete Jitter          (DJ):    0.474ns
    Phase Error              (PE):    0.352ns

    Location             Delay type                Incr(ns)  Path(ns)    Netlist Resource(s)
  -------------------------------------------------------------------    -------------------
                         (clock clk_out1_clk_wiz_audio fall edge)
                                                     40.690    40.690 f  <hidden>
    H16                                               0.000    40.690 f  sysclk
                         net (fo=0)                   0.000    40.690    u_mmcm/inst/clk_in1
    H16                  IBUF (Prop_ibuf_I_O)         1.451    42.141 f  u_mmcm/inst/clkin1_ibufg/O
                         net (fo=1, routed)           1.285    43.426    u_mmcm/inst/clk_in1_clk_wiz_audio
  -------------------------------------------------------------------    -------------------
    MMCME2_ADV_X1Y2      MMCME2_ADV (Prop_mmcme2_adv_CLKIN1_CLKOUT0)
                                                     -7.759    35.667 f  u_mmcm/inst/mmcm_adv_inst/CLKOUT0
                         net (fo=1, routed)           2.206    37.873    u_mmcm/inst/clk_out1_clk_wiz_audio
    BUFGCTRL_X0Y16       BUFG (Prop_bufg_I_O)         0.101    37.974 f  u_mmcm/inst/clkout1_buf/O
                         net (fo=332, routed)         3.164    41.137    jb_ad_mclk_OBUF
    V16                  OBUF (Prop_obuf_I_O)         3.553    44.691 f  jb_ad_mclk_OBUF_inst/O
                         net (fo=0)                   0.000    44.691    jb_ad_mclk
    V16                                                               f  jb_ad_mclk
  -------------------------------------------------------------------    -------------------

Slack:                    inf
  Source:                 u_mmcm/inst/mmcm_adv_inst/CLKOUT0
                            (clock source 'clk_out1_clk_wiz_audio'  {rise@0.000ns fall@40.690ns period=81.380ns})
  Destination:            ja_ad_mclk
                            (output port)
  Path Group:             (none)
  Path Type:              Max at Slow Process Corner
  Data Path Delay:        9.011ns  (logic 3.654ns (40.553%)  route 5.357ns (59.447%))
  Logic Levels:           2  (BUFG=1 OBUF=1)
  Clock Uncertainty:      0.590ns  ((TSJ^2 + DJ^2)^1/2) / 2 + PE
    Total System Jitter     (TSJ):    0.050ns
    Discrete Jitter          (DJ):    0.474ns
    Phase Error              (PE):    0.352ns

    Location             Delay type                Incr(ns)  Path(ns)    Netlist Resource(s)
  -------------------------------------------------------------------    -------------------
                         (clock clk_out1_clk_wiz_audio fall edge)
                                                     40.690    40.690 f  <hidden>
    H16                                               0.000    40.690 f  sysclk
                         net (fo=0)                   0.000    40.690    u_mmcm/inst/clk_in1
    H16                  IBUF (Prop_ibuf_I_O)         1.451    42.141 f  u_mmcm/inst/clkin1_ibufg/O
                         net (fo=1, routed)           1.285    43.426    u_mmcm/inst/clk_in1_clk_wiz_audio
  -------------------------------------------------------------------    -------------------
    MMCME2_ADV_X1Y2      MMCME2_ADV (Prop_mmcme2_adv_CLKIN1_CLKOUT0)
                                                     -7.759    35.667 f  u_mmcm/inst/mmcm_adv_inst/CLKOUT0
                         net (fo=1, routed)           2.206    37.873    u_mmcm/inst/clk_out1_clk_wiz_audio
    BUFGCTRL_X0Y16       BUFG (Prop_bufg_I_O)         0.101    37.974 f  u_mmcm/inst/clkout1_buf/O
                         net (fo=332, routed)         3.151    41.124    jb_ad_mclk_OBUF
    U18                  OBUF (Prop_obuf_I_O)         3.553    44.678 f  ja_ad_mclk_OBUF_inst/O
                         net (fo=0)                   0.000    44.678    ja_ad_mclk
    U18                                                               f  ja_ad_mclk
  -------------------------------------------------------------------    -------------------

Slack:                    inf
  Source:                 u_div/cnt_reg[7]/C
                            (rising edge-triggered cell FDCE clocked by clk_out1_clk_wiz_audio  {rise@0.000ns fall@40.690ns period=81.380ns})
  Destination:            jb_ad_lrck
                            (output port)
  Path Group:             (none)
  Path Type:              Max at Slow Process Corner
  Data Path Delay:        7.471ns  (logic 4.145ns (55.475%)  route 3.326ns (44.525%))
  Logic Levels:           1  (OBUF=1)
  Clock Uncertainty:      0.590ns  ((TSJ^2 + DJ^2)^1/2) / 2 + PE
    Total System Jitter     (TSJ):    0.050ns
    Discrete Jitter          (DJ):    0.474ns
    Phase Error              (PE):    0.352ns

    Location             Delay type                Incr(ns)  Path(ns)    Netlist Resource(s)
  -------------------------------------------------------------------    -------------------
                         (clock clk_out1_clk_wiz_audio rise edge)
                                                      0.000     0.000 r  <hidden>
    H16                                               0.000     0.000 r  sysclk
                         net (fo=0)                   0.000     0.000    u_mmcm/inst/clk_in1
    H16                  IBUF (Prop_ibuf_I_O)         1.451     1.451 r  u_mmcm/inst/clkin1_ibufg/O
                         net (fo=1, routed)           1.285     2.736    u_mmcm/inst/clk_in1_clk_wiz_audio
    MMCME2_ADV_X1Y2      MMCME2_ADV (Prop_mmcme2_adv_CLKIN1_CLKOUT0)
                                                     -7.759    -5.023 r  u_mmcm/inst/mmcm_adv_inst/CLKOUT0
                         net (fo=1, routed)           2.206    -2.817    u_mmcm/inst/clk_out1_clk_wiz_audio
    BUFGCTRL_X0Y16       BUFG (Prop_bufg_I_O)         0.101    -2.716 r  u_mmcm/inst/clkout1_buf/O
                         net (fo=332, routed)         1.853    -0.863    u_div/clk_out1
    SLICE_X113Y80        FDCE                                         r  u_div/cnt_reg[7]/C
  -------------------------------------------------------------------    -------------------
    SLICE_X113Y80        FDCE (Prop_fdce_C_Q)         0.419    -0.444 r  u_div/cnt_reg[7]/Q
                         net (fo=6, routed)           3.326     2.882    jb_ad_lrck_OBUF
    W16                  OBUF (Prop_obuf_I_O)         3.726     6.608 r  jb_ad_lrck_OBUF_inst/O
                         net (fo=0)                   0.000     6.608    jb_ad_lrck
    W16                                                               r  jb_ad_lrck
  -------------------------------------------------------------------    -------------------

Slack:                    inf
  Source:                 u_div/cnt_reg[7]/C
                            (rising edge-triggered cell FDCE clocked by clk_out1_clk_wiz_audio  {rise@0.000ns fall@40.690ns period=81.380ns})
  Destination:            ja_da_lrck
                            (output port)
  Path Group:             (none)
  Path Type:              Max at Slow Process Corner
  Data Path Delay:        7.348ns  (logic 4.164ns (56.676%)  route 3.183ns (43.324%))
  Logic Levels:           1  (OBUF=1)
  Clock Uncertainty:      0.590ns  ((TSJ^2 + DJ^2)^1/2) / 2 + PE
    Total System Jitter     (TSJ):    0.050ns
    Discrete Jitter          (DJ):    0.474ns
    Phase Error              (PE):    0.352ns

    Location             Delay type                Incr(ns)  Path(ns)    Netlist Resource(s)
  -------------------------------------------------------------------    -------------------
                         (clock clk_out1_clk_wiz_audio rise edge)
                                                      0.000     0.000 r  <hidden>
    H16                                               0.000     0.000 r  sysclk
                         net (fo=0)                   0.000     0.000    u_mmcm/inst/clk_in1
    H16                  IBUF (Prop_ibuf_I_O)         1.451     1.451 r  u_mmcm/inst/clkin1_ibufg/O
                         net (fo=1, routed)           1.285     2.736    u_mmcm/inst/clk_in1_clk_wiz_audio
    MMCME2_ADV_X1Y2      MMCME2_ADV (Prop_mmcme2_adv_CLKIN1_CLKOUT0)
                                                     -7.759    -5.023 r  u_mmcm/inst/mmcm_adv_inst/CLKOUT0
                         net (fo=1, routed)           2.206    -2.817    u_mmcm/inst/clk_out1_clk_wiz_audio
    BUFGCTRL_X0Y16       BUFG (Prop_bufg_I_O)         0.101    -2.716 r  u_mmcm/inst/clkout1_buf/O
                         net (fo=332, routed)         1.853    -0.863    u_div/clk_out1
    SLICE_X113Y80        FDCE                                         r  u_div/cnt_reg[7]/C
  -------------------------------------------------------------------    -------------------
    SLICE_X113Y80        FDCE (Prop_fdce_C_Q)         0.419    -0.444 r  u_div/cnt_reg[7]/Q
                         net (fo=6, routed)           3.183     2.739    jb_ad_lrck_OBUF
    Y19                  OBUF (Prop_obuf_I_O)         3.745     6.484 r  ja_da_lrck_OBUF_inst/O
                         net (fo=0)                   0.000     6.484    ja_da_lrck
    Y19                                                               r  ja_da_lrck
  -------------------------------------------------------------------    -------------------

Slack:                    inf
  Source:                 u_div/cnt_reg[7]/C
                            (rising edge-triggered cell FDCE clocked by clk_out1_clk_wiz_audio  {rise@0.000ns fall@40.690ns period=81.380ns})
  Destination:            ja_ad_lrck
                            (output port)
  Path Group:             (none)
  Path Type:              Max at Slow Process Corner
  Data Path Delay:        6.800ns  (logic 4.149ns (61.011%)  route 2.651ns (38.989%))
  Logic Levels:           1  (OBUF=1)
  Clock Uncertainty:      0.590ns  ((TSJ^2 + DJ^2)^1/2) / 2 + PE
    Total System Jitter     (TSJ):    0.050ns
    Discrete Jitter          (DJ):    0.474ns
    Phase Error              (PE):    0.352ns

    Location             Delay type                Incr(ns)  Path(ns)    Netlist Resource(s)
  -------------------------------------------------------------------    -------------------
                         (clock clk_out1_clk_wiz_audio rise edge)
                                                      0.000     0.000 r  <hidden>
    H16                                               0.000     0.000 r  sysclk
                         net (fo=0)                   0.000     0.000    u_mmcm/inst/clk_in1
    H16                  IBUF (Prop_ibuf_I_O)         1.451     1.451 r  u_mmcm/inst/clkin1_ibufg/O
                         net (fo=1, routed)           1.285     2.736    u_mmcm/inst/clk_in1_clk_wiz_audio
    MMCME2_ADV_X1Y2      MMCME2_ADV (Prop_mmcme2_adv_CLKIN1_CLKOUT0)
                                                     -7.759    -5.023 r  u_mmcm/inst/mmcm_adv_inst/CLKOUT0
                         net (fo=1, routed)           2.206    -2.817    u_mmcm/inst/clk_out1_clk_wiz_audio
    BUFGCTRL_X0Y16       BUFG (Prop_bufg_I_O)         0.101    -2.716 r  u_mmcm/inst/clkout1_buf/O
                         net (fo=332, routed)         1.853    -0.863    u_div/clk_out1
    SLICE_X113Y80        FDCE                                         r  u_div/cnt_reg[7]/C
  -------------------------------------------------------------------    -------------------
    SLICE_X113Y80        FDCE (Prop_fdce_C_Q)         0.419    -0.444 r  u_div/cnt_reg[7]/Q
                         net (fo=6, routed)           2.651     2.207    jb_ad_lrck_OBUF
    U19                  OBUF (Prop_obuf_I_O)         3.730     5.937 r  ja_ad_lrck_OBUF_inst/O
                         net (fo=0)                   0.000     5.937    ja_ad_lrck
    U19                                                               r  ja_ad_lrck
  -------------------------------------------------------------------    -------------------

Slack:                    inf
  Source:                 u_div/cnt_reg[1]/C
                            (rising edge-triggered cell FDCE clocked by clk_out1_clk_wiz_audio  {rise@0.000ns fall@40.690ns period=81.380ns})
  Destination:            ja_ad_sclk
                            (output port)
  Path Group:             (none)
  Path Type:              Max at Slow Process Corner
  Data Path Delay:        6.602ns  (logic 4.063ns (61.542%)  route 2.539ns (38.458%))
  Logic Levels:           1  (OBUF=1)
  Clock Uncertainty:      0.590ns  ((TSJ^2 + DJ^2)^1/2) / 2 + PE
    Total System Jitter     (TSJ):    0.050ns
    Discrete Jitter          (DJ):    0.474ns
    Phase Error              (PE):    0.352ns

    Location             Delay type                Incr(ns)  Path(ns)    Netlist Resource(s)
  -------------------------------------------------------------------    -------------------
                         (clock clk_out1_clk_wiz_audio rise edge)
                                                      0.000     0.000 r  <hidden>
    H16                                               0.000     0.000 r  sysclk
                         net (fo=0)                   0.000     0.000    u_mmcm/inst/clk_in1
    H16                  IBUF (Prop_ibuf_I_O)         1.451     1.451 r  u_mmcm/inst/clkin1_ibufg/O
                         net (fo=1, routed)           1.285     2.736    u_mmcm/inst/clk_in1_clk_wiz_audio
    MMCME2_ADV_X1Y2      MMCME2_ADV (Prop_mmcme2_adv_CLKIN1_CLKOUT0)
                                                     -7.759    -5.023 r  u_mmcm/inst/mmcm_adv_inst/CLKOUT0
                         net (fo=1, routed)           2.206    -2.817    u_mmcm/inst/clk_out1_clk_wiz_audio
    BUFGCTRL_X0Y16       BUFG (Prop_bufg_I_O)         0.101    -2.716 r  u_mmcm/inst/clkout1_buf/O
                         net (fo=332, routed)         1.853    -0.863    u_div/clk_out1
    SLICE_X112Y80        FDCE                                         r  u_div/cnt_reg[1]/C
  -------------------------------------------------------------------    -------------------
    SLICE_X112Y80        FDCE (Prop_fdce_C_Q)         0.518    -0.345 r  u_div/cnt_reg[1]/Q
                         net (fo=11, routed)          2.539     2.194    jb_ad_sclk_OBUF
    W18                  OBUF (Prop_obuf_I_O)         3.545     5.739 r  ja_ad_sclk_OBUF_inst/O
                         net (fo=0)                   0.000     5.739    ja_ad_sclk
    W18                                                               r  ja_ad_sclk
  -------------------------------------------------------------------    -------------------

Slack:                    inf
  Source:                 u_div/cnt_reg[7]/C
                            (rising edge-triggered cell FDCE clocked by clk_out1_clk_wiz_audio  {rise@0.000ns fall@40.690ns period=81.380ns})
  Destination:            jb_da_lrck
                            (output port)
  Path Group:             (none)
  Path Type:              Max at Slow Process Corner
  Data Path Delay:        6.530ns  (logic 4.235ns (64.847%)  route 2.296ns (35.153%))
  Logic Levels:           1  (OBUF=1)
  Clock Uncertainty:      0.590ns  ((TSJ^2 + DJ^2)^1/2) / 2 + PE
    Total System Jitter     (TSJ):    0.050ns
    Discrete Jitter          (DJ):    0.474ns
    Phase Error              (PE):    0.352ns

    Location             Delay type                Incr(ns)  Path(ns)    Netlist Resource(s)
  -------------------------------------------------------------------    -------------------
                         (clock clk_out1_clk_wiz_audio rise edge)
                                                      0.000     0.000 r  <hidden>
    H16                                               0.000     0.000 r  sysclk
                         net (fo=0)                   0.000     0.000    u_mmcm/inst/clk_in1
    H16                  IBUF (Prop_ibuf_I_O)         1.451     1.451 r  u_mmcm/inst/clkin1_ibufg/O
                         net (fo=1, routed)           1.285     2.736    u_mmcm/inst/clk_in1_clk_wiz_audio
    MMCME2_ADV_X1Y2      MMCME2_ADV (Prop_mmcme2_adv_CLKIN1_CLKOUT0)
                                                     -7.759    -5.023 r  u_mmcm/inst/mmcm_adv_inst/CLKOUT0
                         net (fo=1, routed)           2.206    -2.817    u_mmcm/inst/clk_out1_clk_wiz_audio
    BUFGCTRL_X0Y16       BUFG (Prop_bufg_I_O)         0.101    -2.716 r  u_mmcm/inst/clkout1_buf/O
                         net (fo=332, routed)         1.853    -0.863    u_div/clk_out1
    SLICE_X113Y80        FDCE                                         r  u_div/cnt_reg[7]/C
  -------------------------------------------------------------------    -------------------
    SLICE_X113Y80        FDCE (Prop_fdce_C_Q)         0.419    -0.444 r  u_div/cnt_reg[7]/Q
                         net (fo=6, routed)           2.296     1.851    jb_ad_lrck_OBUF
    Y14                  OBUF (Prop_obuf_I_O)         3.816     5.667 r  jb_da_lrck_OBUF_inst/O
                         net (fo=0)                   0.000     5.667    jb_da_lrck
    Y14                                                               r  jb_da_lrck
  -------------------------------------------------------------------    -------------------

Slack:                    inf
  Source:                 u_div/cnt_reg[1]/C
                            (rising edge-triggered cell FDCE clocked by clk_out1_clk_wiz_audio  {rise@0.000ns fall@40.690ns period=81.380ns})
  Destination:            jb_da_sclk
                            (output port)
  Path Group:             (none)
  Path Type:              Max at Slow Process Corner
  Data Path Delay:        6.441ns  (logic 4.123ns (64.001%)  route 2.319ns (35.999%))
  Logic Levels:           1  (OBUF=1)
  Clock Uncertainty:      0.590ns  ((TSJ^2 + DJ^2)^1/2) / 2 + PE
    Total System Jitter     (TSJ):    0.050ns
    Discrete Jitter          (DJ):    0.474ns
    Phase Error              (PE):    0.352ns

    Location             Delay type                Incr(ns)  Path(ns)    Netlist Resource(s)
  -------------------------------------------------------------------    -------------------
                         (clock clk_out1_clk_wiz_audio rise edge)
                                                      0.000     0.000 r  <hidden>
    H16                                               0.000     0.000 r  sysclk
                         net (fo=0)                   0.000     0.000    u_mmcm/inst/clk_in1
    H16                  IBUF (Prop_ibuf_I_O)         1.451     1.451 r  u_mmcm/inst/clkin1_ibufg/O
                         net (fo=1, routed)           1.285     2.736    u_mmcm/inst/clk_in1_clk_wiz_audio
    MMCME2_ADV_X1Y2      MMCME2_ADV (Prop_mmcme2_adv_CLKIN1_CLKOUT0)
                                                     -7.759    -5.023 r  u_mmcm/inst/mmcm_adv_inst/CLKOUT0
                         net (fo=1, routed)           2.206    -2.817    u_mmcm/inst/clk_out1_clk_wiz_audio
    BUFGCTRL_X0Y16       BUFG (Prop_bufg_I_O)         0.101    -2.716 r  u_mmcm/inst/clkout1_buf/O
                         net (fo=332, routed)         1.853    -0.863    u_div/clk_out1
    SLICE_X112Y80        FDCE                                         r  u_div/cnt_reg[1]/C
  -------------------------------------------------------------------    -------------------
    SLICE_X112Y80        FDCE (Prop_fdce_C_Q)         0.518    -0.345 r  u_div/cnt_reg[1]/Q
                         net (fo=11, routed)          2.319     1.974    jb_ad_sclk_OBUF
    T11                  OBUF (Prop_obuf_I_O)         3.605     5.578 r  jb_da_sclk_OBUF_inst/O
                         net (fo=0)                   0.000     5.578    jb_da_sclk
    T11                                                               r  jb_da_sclk
  -------------------------------------------------------------------    -------------------





Min Delay Paths
--------------------------------------------------------------------------------------
Slack:                    inf
  Source:                 u_mmcm/inst/mmcm_adv_inst/CLKOUT0
                            (clock source 'clk_out1_clk_wiz_audio'  {rise@0.000ns fall@40.690ns period=81.380ns})
  Destination:            ja_ad_mclk
                            (output port)
  Path Group:             (none)
  Path Type:              Min at Fast Process Corner
  Data Path Delay:        2.755ns  (logic 1.280ns (46.458%)  route 1.475ns (53.542%))
  Logic Levels:           2  (BUFG=1 OBUF=1)
  Clock Uncertainty:      0.590ns  ((TSJ^2 + DJ^2)^1/2) / 2 + PE
    Total System Jitter     (TSJ):    0.050ns
    Discrete Jitter          (DJ):    0.474ns
    Phase Error              (PE):    0.352ns

    Location             Delay type                Incr(ns)  Path(ns)    Netlist Resource(s)
  -------------------------------------------------------------------    -------------------
                         (clock clk_out1_clk_wiz_audio rise edge)
                                                      0.000     0.000 r  <hidden>
    H16                                               0.000     0.000 r  sysclk
                         net (fo=0)                   0.000     0.000    u_mmcm/inst/clk_in1
    H16                  IBUF (Prop_ibuf_I_O)         0.219     0.219 r  u_mmcm/inst/clkin1_ibufg/O
                         net (fo=1, routed)           0.440     0.659    u_mmcm/inst/clk_in1_clk_wiz_audio
  -------------------------------------------------------------------    -------------------
    MMCME2_ADV_X1Y2      MMCME2_ADV (Prop_mmcme2_adv_CLKIN1_CLKOUT0)
                                                     -2.613    -1.954 r  u_mmcm/inst/mmcm_adv_inst/CLKOUT0
                         net (fo=1, routed)           0.696    -1.257    u_mmcm/inst/clk_out1_clk_wiz_audio
    BUFGCTRL_X0Y16       BUFG (Prop_bufg_I_O)         0.026    -1.231 r  u_mmcm/inst/clkout1_buf/O
                         net (fo=332, routed)         0.778    -0.453    jb_ad_mclk_OBUF
    U18                  OBUF (Prop_obuf_I_O)         1.254     0.801 r  ja_ad_mclk_OBUF_inst/O
                         net (fo=0)                   0.000     0.801    ja_ad_mclk
    U18                                                               r  ja_ad_mclk
  -------------------------------------------------------------------    -------------------

Slack:                    inf
  Source:                 u_mmcm/inst/mmcm_adv_inst/CLKOUT0
                            (clock source 'clk_out1_clk_wiz_audio'  {rise@0.000ns fall@40.690ns period=81.380ns})
  Destination:            jb_ad_mclk
                            (output port)
  Path Group:             (none)
  Path Type:              Min at Fast Process Corner
  Data Path Delay:        2.763ns  (logic 1.280ns (46.322%)  route 1.483ns (53.678%))
  Logic Levels:           2  (BUFG=1 OBUF=1)
  Clock Uncertainty:      0.590ns  ((TSJ^2 + DJ^2)^1/2) / 2 + PE
    Total System Jitter     (TSJ):    0.050ns
    Discrete Jitter          (DJ):    0.474ns
    Phase Error              (PE):    0.352ns

    Location             Delay type                Incr(ns)  Path(ns)    Netlist Resource(s)
  -------------------------------------------------------------------    -------------------
                         (clock clk_out1_clk_wiz_audio rise edge)
                                                      0.000     0.000 r  <hidden>
    H16                                               0.000     0.000 r  sysclk
                         net (fo=0)                   0.000     0.000    u_mmcm/inst/clk_in1
    H16                  IBUF (Prop_ibuf_I_O)         0.219     0.219 r  u_mmcm/inst/clkin1_ibufg/O
                         net (fo=1, routed)           0.440     0.659    u_mmcm/inst/clk_in1_clk_wiz_audio
  -------------------------------------------------------------------    -------------------
    MMCME2_ADV_X1Y2      MMCME2_ADV (Prop_mmcme2_adv_CLKIN1_CLKOUT0)
                                                     -2.613    -1.954 r  u_mmcm/inst/mmcm_adv_inst/CLKOUT0
                         net (fo=1, routed)           0.696    -1.257    u_mmcm/inst/clk_out1_clk_wiz_audio
    BUFGCTRL_X0Y16       BUFG (Prop_bufg_I_O)         0.026    -1.231 r  u_mmcm/inst/clkout1_buf/O
                         net (fo=332, routed)         0.786    -0.445    jb_ad_mclk_OBUF
    V16                  OBUF (Prop_obuf_I_O)         1.254     0.809 r  jb_ad_mclk_OBUF_inst/O
                         net (fo=0)                   0.000     0.809    jb_ad_mclk
    V16                                                               r  jb_ad_mclk
  -------------------------------------------------------------------    -------------------

Slack:                    inf
  Source:                 u_mmcm/inst/mmcm_adv_inst/CLKOUT0
                            (clock source 'clk_out1_clk_wiz_audio'  {rise@0.000ns fall@40.690ns period=81.380ns})
  Destination:            ja_da_mclk
                            (output port)
  Path Group:             (none)
  Path Type:              Min at Fast Process Corner
  Data Path Delay:        2.788ns  (logic 1.306ns (46.841%)  route 1.482ns (53.159%))
  Logic Levels:           2  (BUFG=1 OBUF=1)
  Clock Uncertainty:      0.590ns  ((TSJ^2 + DJ^2)^1/2) / 2 + PE
    Total System Jitter     (TSJ):    0.050ns
    Discrete Jitter          (DJ):    0.474ns
    Phase Error              (PE):    0.352ns

    Location             Delay type                Incr(ns)  Path(ns)    Netlist Resource(s)
  -------------------------------------------------------------------    -------------------
                         (clock clk_out1_clk_wiz_audio rise edge)
                                                      0.000     0.000 r  <hidden>
    H16                                               0.000     0.000 r  sysclk
                         net (fo=0)                   0.000     0.000    u_mmcm/inst/clk_in1
    H16                  IBUF (Prop_ibuf_I_O)         0.219     0.219 r  u_mmcm/inst/clkin1_ibufg/O
                         net (fo=1, routed)           0.440     0.659    u_mmcm/inst/clk_in1_clk_wiz_audio
  -------------------------------------------------------------------    -------------------
    MMCME2_ADV_X1Y2      MMCME2_ADV (Prop_mmcme2_adv_CLKIN1_CLKOUT0)
                                                     -2.613    -1.954 r  u_mmcm/inst/mmcm_adv_inst/CLKOUT0
                         net (fo=1, routed)           0.696    -1.257    u_mmcm/inst/clk_out1_clk_wiz_audio
    BUFGCTRL_X0Y16       BUFG (Prop_bufg_I_O)         0.026    -1.231 r  u_mmcm/inst/clkout1_buf/O
                         net (fo=332, routed)         0.785    -0.446    jb_ad_mclk_OBUF
    Y18                  OBUF (Prop_obuf_I_O)         1.280     0.834 r  ja_da_mclk_OBUF_inst/O
                         net (fo=0)                   0.000     0.834    ja_da_mclk
    Y18                                                               r  ja_da_mclk
  -------------------------------------------------------------------    -------------------

Slack:                    inf
  Source:                 u_mmcm/inst/mmcm_adv_inst/CLKOUT0
                            (clock source 'clk_out1_clk_wiz_audio'  {rise@0.000ns fall@40.690ns period=81.380ns})
  Destination:            jb_da_mclk
                            (output port)
  Path Group:             (none)
  Path Type:              Min at Fast Process Corner
  Data Path Delay:        2.864ns  (logic 1.381ns (48.212%)  route 1.483ns (51.788%))
  Logic Levels:           2  (BUFG=1 OBUF=1)
  Clock Uncertainty:      0.590ns  ((TSJ^2 + DJ^2)^1/2) / 2 + PE
    Total System Jitter     (TSJ):    0.050ns
    Discrete Jitter          (DJ):    0.474ns
    Phase Error              (PE):    0.352ns

    Location             Delay type                Incr(ns)  Path(ns)    Netlist Resource(s)
  -------------------------------------------------------------------    -------------------
                         (clock clk_out1_clk_wiz_audio rise edge)
                                                      0.000     0.000 r  <hidden>
    H16                                               0.000     0.000 r  sysclk
                         net (fo=0)                   0.000     0.000    u_mmcm/inst/clk_in1
    H16                  IBUF (Prop_ibuf_I_O)         0.219     0.219 r  u_mmcm/inst/clkin1_ibufg/O
                         net (fo=1, routed)           0.440     0.659    u_mmcm/inst/clk_in1_clk_wiz_audio
  -------------------------------------------------------------------    -------------------
    MMCME2_ADV_X1Y2      MMCME2_ADV (Prop_mmcme2_adv_CLKIN1_CLKOUT0)
                                                     -2.613    -1.954 r  u_mmcm/inst/mmcm_adv_inst/CLKOUT0
                         net (fo=1, routed)           0.696    -1.257    u_mmcm/inst/clk_out1_clk_wiz_audio
    BUFGCTRL_X0Y16       BUFG (Prop_bufg_I_O)         0.026    -1.231 r  u_mmcm/inst/clkout1_buf/O
                         net (fo=332, routed)         0.786    -0.445    jb_ad_mclk_OBUF
    W14                  OBUF (Prop_obuf_I_O)         1.355     0.910 r  jb_da_mclk_OBUF_inst/O
                         net (fo=0)                   0.000     0.910    jb_da_mclk
    W14                                                               r  jb_da_mclk
  -------------------------------------------------------------------    -------------------

Slack:                    inf
  Source:                 u_tx_ja/sdata_o_reg/C
                            (rising edge-triggered cell FDCE clocked by clk_out1_clk_wiz_audio  {rise@0.000ns fall@40.690ns period=81.380ns})
  Destination:            ja_da_sdin
                            (output port)
  Path Group:             (none)
  Path Type:              Min at Fast Process Corner
  Data Path Delay:        1.864ns  (logic 1.463ns (78.470%)  route 0.401ns (21.530%))
  Logic Levels:           1  (OBUF=1)
  Clock Uncertainty:      0.590ns  ((TSJ^2 + DJ^2)^1/2) / 2 + PE
    Total System Jitter     (TSJ):    0.050ns
    Discrete Jitter          (DJ):    0.474ns
    Phase Error              (PE):    0.352ns

    Location             Delay type                Incr(ns)  Path(ns)    Netlist Resource(s)
  -------------------------------------------------------------------    -------------------
                         (clock clk_out1_clk_wiz_audio rise edge)
                                                      0.000     0.000 r  <hidden>
    H16                                               0.000     0.000 r  sysclk
                         net (fo=0)                   0.000     0.000    u_mmcm/inst/clk_in1
    H16                  IBUF (Prop_ibuf_I_O)         0.219     0.219 r  u_mmcm/inst/clkin1_ibufg/O
                         net (fo=1, routed)           0.440     0.659    u_mmcm/inst/clk_in1_clk_wiz_audio
    MMCME2_ADV_X1Y2      MMCME2_ADV (Prop_mmcme2_adv_CLKIN1_CLKOUT0)
                                                     -2.613    -1.954 r  u_mmcm/inst/mmcm_adv_inst/CLKOUT0
                         net (fo=1, routed)           0.696    -1.257    u_mmcm/inst/clk_out1_clk_wiz_audio
    BUFGCTRL_X0Y16       BUFG (Prop_bufg_I_O)         0.026    -1.231 r  u_mmcm/inst/clkout1_buf/O
                         net (fo=332, routed)         0.633    -0.598    u_tx_ja/clk_out1
    SLICE_X110Y87        FDCE                                         r  u_tx_ja/sdata_o_reg/C
  -------------------------------------------------------------------    -------------------
    SLICE_X110Y87        FDCE (Prop_fdce_C_Q)         0.141    -0.457 r  u_tx_ja/sdata_o_reg/Q
                         net (fo=1, routed)           0.401    -0.056    ja_da_sdin_OBUF
    Y17                  OBUF (Prop_obuf_I_O)         1.322     1.265 r  ja_da_sdin_OBUF_inst/O
                         net (fo=0)                   0.000     1.265    ja_da_sdin
    Y17                                                               r  ja_da_sdin
  -------------------------------------------------------------------    -------------------

Slack:                    inf
  Source:                 u_tx_jb/sdata_o_reg/C
                            (rising edge-triggered cell FDCE clocked by clk_out1_clk_wiz_audio  {rise@0.000ns fall@40.690ns period=81.380ns})
  Destination:            jb_da_sdin
                            (output port)
  Path Group:             (none)
  Path Type:              Min at Fast Process Corner
  Data Path Delay:        1.876ns  (logic 1.439ns (76.704%)  route 0.437ns (23.296%))
  Logic Levels:           1  (OBUF=1)
  Clock Uncertainty:      0.590ns  ((TSJ^2 + DJ^2)^1/2) / 2 + PE
    Total System Jitter     (TSJ):    0.050ns
    Discrete Jitter          (DJ):    0.474ns
    Phase Error              (PE):    0.352ns

    Location             Delay type                Incr(ns)  Path(ns)    Netlist Resource(s)
  -------------------------------------------------------------------    -------------------
                         (clock clk_out1_clk_wiz_audio rise edge)
                                                      0.000     0.000 r  <hidden>
    H16                                               0.000     0.000 r  sysclk
                         net (fo=0)                   0.000     0.000    u_mmcm/inst/clk_in1
    H16                  IBUF (Prop_ibuf_I_O)         0.219     0.219 r  u_mmcm/inst/clkin1_ibufg/O
                         net (fo=1, routed)           0.440     0.659    u_mmcm/inst/clk_in1_clk_wiz_audio
    MMCME2_ADV_X1Y2      MMCME2_ADV (Prop_mmcme2_adv_CLKIN1_CLKOUT0)
                                                     -2.613    -1.954 r  u_mmcm/inst/mmcm_adv_inst/CLKOUT0
                         net (fo=1, routed)           0.696    -1.257    u_mmcm/inst/clk_out1_clk_wiz_audio
    BUFGCTRL_X0Y16       BUFG (Prop_bufg_I_O)         0.026    -1.231 r  u_mmcm/inst/clkout1_buf/O
                         net (fo=332, routed)         0.633    -0.598    u_tx_jb/clk_out1
    SLICE_X110Y87        FDCE                                         r  u_tx_jb/sdata_o_reg/C
  -------------------------------------------------------------------    -------------------
    SLICE_X110Y87        FDCE (Prop_fdce_C_Q)         0.141    -0.457 r  u_tx_jb/sdata_o_reg/Q
                         net (fo=1, routed)           0.437    -0.020    jb_da_sdin_OBUF
    T10                  OBUF (Prop_obuf_I_O)         1.298     1.278 r  jb_da_sdin_OBUF_inst/O
                         net (fo=0)                   0.000     1.278    jb_da_sdin
    T10                                                               r  jb_da_sdin
  -------------------------------------------------------------------    -------------------

Slack:                    inf
  Source:                 u_div/cnt_reg[1]/C
                            (rising edge-triggered cell FDCE clocked by clk_out1_clk_wiz_audio  {rise@0.000ns fall@40.690ns period=81.380ns})
  Destination:            ja_da_sclk
                            (output port)
  Path Group:             (none)
  Path Type:              Min at Fast Process Corner
  Data Path Delay:        1.968ns  (logic 1.488ns (75.596%)  route 0.480ns (24.404%))
  Logic Levels:           1  (OBUF=1)
  Clock Uncertainty:      0.590ns  ((TSJ^2 + DJ^2)^1/2) / 2 + PE
    Total System Jitter     (TSJ):    0.050ns
    Discrete Jitter          (DJ):    0.474ns
    Phase Error              (PE):    0.352ns

    Location             Delay type                Incr(ns)  Path(ns)    Netlist Resource(s)
  -------------------------------------------------------------------    -------------------
                         (clock clk_out1_clk_wiz_audio rise edge)
                                                      0.000     0.000 r  <hidden>
    H16                                               0.000     0.000 r  sysclk
                         net (fo=0)                   0.000     0.000    u_mmcm/inst/clk_in1
    H16                  IBUF (Prop_ibuf_I_O)         0.219     0.219 r  u_mmcm/inst/clkin1_ibufg/O
                         net (fo=1, routed)           0.440     0.659    u_mmcm/inst/clk_in1_clk_wiz_audio
    MMCME2_ADV_X1Y2      MMCME2_ADV (Prop_mmcme2_adv_CLKIN1_CLKOUT0)
                                                     -2.613    -1.954 r  u_mmcm/inst/mmcm_adv_inst/CLKOUT0
                         net (fo=1, routed)           0.696    -1.257    u_mmcm/inst/clk_out1_clk_wiz_audio
    BUFGCTRL_X0Y16       BUFG (Prop_bufg_I_O)         0.026    -1.231 r  u_mmcm/inst/clkout1_buf/O
                         net (fo=332, routed)         0.628    -0.603    u_div/clk_out1
    SLICE_X112Y80        FDCE                                         r  u_div/cnt_reg[1]/C
  -------------------------------------------------------------------    -------------------
    SLICE_X112Y80        FDCE (Prop_fdce_C_Q)         0.164    -0.439 r  u_div/cnt_reg[1]/Q
                         net (fo=11, routed)          0.480     0.041    jb_ad_sclk_OBUF
    Y16                  OBUF (Prop_obuf_I_O)         1.324     1.365 r  ja_da_sclk_OBUF_inst/O
                         net (fo=0)                   0.000     1.365    ja_da_sclk
    Y16                                                               r  ja_da_sclk
  -------------------------------------------------------------------    -------------------

Slack:                    inf
  Source:                 u_div/cnt_reg[1]/C
                            (rising edge-triggered cell FDCE clocked by clk_out1_clk_wiz_audio  {rise@0.000ns fall@40.690ns period=81.380ns})
  Destination:            jb_ad_sclk
                            (output port)
  Path Group:             (none)
  Path Type:              Min at Fast Process Corner
  Data Path Delay:        2.032ns  (logic 1.465ns (72.125%)  route 0.566ns (27.875%))
  Logic Levels:           1  (OBUF=1)
  Clock Uncertainty:      0.590ns  ((TSJ^2 + DJ^2)^1/2) / 2 + PE
    Total System Jitter     (TSJ):    0.050ns
    Discrete Jitter          (DJ):    0.474ns
    Phase Error              (PE):    0.352ns

    Location             Delay type                Incr(ns)  Path(ns)    Netlist Resource(s)
  -------------------------------------------------------------------    -------------------
                         (clock clk_out1_clk_wiz_audio rise edge)
                                                      0.000     0.000 r  <hidden>
    H16                                               0.000     0.000 r  sysclk
                         net (fo=0)                   0.000     0.000    u_mmcm/inst/clk_in1
    H16                  IBUF (Prop_ibuf_I_O)         0.219     0.219 r  u_mmcm/inst/clkin1_ibufg/O
                         net (fo=1, routed)           0.440     0.659    u_mmcm/inst/clk_in1_clk_wiz_audio
    MMCME2_ADV_X1Y2      MMCME2_ADV (Prop_mmcme2_adv_CLKIN1_CLKOUT0)
                                                     -2.613    -1.954 r  u_mmcm/inst/mmcm_adv_inst/CLKOUT0
                         net (fo=1, routed)           0.696    -1.257    u_mmcm/inst/clk_out1_clk_wiz_audio
    BUFGCTRL_X0Y16       BUFG (Prop_bufg_I_O)         0.026    -1.231 r  u_mmcm/inst/clkout1_buf/O
                         net (fo=332, routed)         0.628    -0.603    u_div/clk_out1
    SLICE_X112Y80        FDCE                                         r  u_div/cnt_reg[1]/C
  -------------------------------------------------------------------    -------------------
    SLICE_X112Y80        FDCE (Prop_fdce_C_Q)         0.164    -0.439 r  u_div/cnt_reg[1]/Q
                         net (fo=11, routed)          0.566     0.127    jb_ad_sclk_OBUF
    V12                  OBUF (Prop_obuf_I_O)         1.301     1.428 r  jb_ad_sclk_OBUF_inst/O
                         net (fo=0)                   0.000     1.428    jb_ad_sclk
    V12                                                               r  jb_ad_sclk
  -------------------------------------------------------------------    -------------------

Slack:                    inf
  Source:                 u_div/cnt_reg[1]/C
                            (rising edge-triggered cell FDCE clocked by clk_out1_clk_wiz_audio  {rise@0.000ns fall@40.690ns period=81.380ns})
  Destination:            jb_da_sclk
                            (output port)
  Path Group:             (none)
  Path Type:              Min at Fast Process Corner
  Data Path Delay:        2.116ns  (logic 1.469ns (69.423%)  route 0.647ns (30.577%))
  Logic Levels:           1  (OBUF=1)
  Clock Uncertainty:      0.590ns  ((TSJ^2 + DJ^2)^1/2) / 2 + PE
    Total System Jitter     (TSJ):    0.050ns
    Discrete Jitter          (DJ):    0.474ns
    Phase Error              (PE):    0.352ns

    Location             Delay type                Incr(ns)  Path(ns)    Netlist Resource(s)
  -------------------------------------------------------------------    -------------------
                         (clock clk_out1_clk_wiz_audio rise edge)
                                                      0.000     0.000 r  <hidden>
    H16                                               0.000     0.000 r  sysclk
                         net (fo=0)                   0.000     0.000    u_mmcm/inst/clk_in1
    H16                  IBUF (Prop_ibuf_I_O)         0.219     0.219 r  u_mmcm/inst/clkin1_ibufg/O
                         net (fo=1, routed)           0.440     0.659    u_mmcm/inst/clk_in1_clk_wiz_audio
    MMCME2_ADV_X1Y2      MMCME2_ADV (Prop_mmcme2_adv_CLKIN1_CLKOUT0)
                                                     -2.613    -1.954 r  u_mmcm/inst/mmcm_adv_inst/CLKOUT0
                         net (fo=1, routed)           0.696    -1.257    u_mmcm/inst/clk_out1_clk_wiz_audio
    BUFGCTRL_X0Y16       BUFG (Prop_bufg_I_O)         0.026    -1.231 r  u_mmcm/inst/clkout1_buf/O
                         net (fo=332, routed)         0.628    -0.603    u_div/clk_out1
    SLICE_X112Y80        FDCE                                         r  u_div/cnt_reg[1]/C
  -------------------------------------------------------------------    -------------------
    SLICE_X112Y80        FDCE (Prop_fdce_C_Q)         0.164    -0.439 r  u_div/cnt_reg[1]/Q
                         net (fo=11, routed)          0.647     0.207    jb_ad_sclk_OBUF
    T11                  OBUF (Prop_obuf_I_O)         1.305     1.512 r  jb_da_sclk_OBUF_inst/O
                         net (fo=0)                   0.000     1.512    jb_da_sclk
    T11                                                               r  jb_da_sclk
  -------------------------------------------------------------------    -------------------

Slack:                    inf
  Source:                 u_div/cnt_reg[7]/C
                            (rising edge-triggered cell FDCE clocked by clk_out1_clk_wiz_audio  {rise@0.000ns fall@40.690ns period=81.380ns})
  Destination:            jb_da_lrck
                            (output port)
  Path Group:             (none)
  Path Type:              Min at Fast Process Corner
  Data Path Delay:        2.127ns  (logic 1.524ns (71.669%)  route 0.603ns (28.331%))
  Logic Levels:           1  (OBUF=1)
  Clock Uncertainty:      0.590ns  ((TSJ^2 + DJ^2)^1/2) / 2 + PE
    Total System Jitter     (TSJ):    0.050ns
    Discrete Jitter          (DJ):    0.474ns
    Phase Error              (PE):    0.352ns

    Location             Delay type                Incr(ns)  Path(ns)    Netlist Resource(s)
  -------------------------------------------------------------------    -------------------
                         (clock clk_out1_clk_wiz_audio rise edge)
                                                      0.000     0.000 r  <hidden>
    H16                                               0.000     0.000 r  sysclk
                         net (fo=0)                   0.000     0.000    u_mmcm/inst/clk_in1
    H16                  IBUF (Prop_ibuf_I_O)         0.219     0.219 r  u_mmcm/inst/clkin1_ibufg/O
                         net (fo=1, routed)           0.440     0.659    u_mmcm/inst/clk_in1_clk_wiz_audio
    MMCME2_ADV_X1Y2      MMCME2_ADV (Prop_mmcme2_adv_CLKIN1_CLKOUT0)
                                                     -2.613    -1.954 r  u_mmcm/inst/mmcm_adv_inst/CLKOUT0
                         net (fo=1, routed)           0.696    -1.257    u_mmcm/inst/clk_out1_clk_wiz_audio
    BUFGCTRL_X0Y16       BUFG (Prop_bufg_I_O)         0.026    -1.231 r  u_mmcm/inst/clkout1_buf/O
                         net (fo=332, routed)         0.628    -0.603    u_div/clk_out1
    SLICE_X113Y80        FDCE                                         r  u_div/cnt_reg[7]/C
  -------------------------------------------------------------------    -------------------
    SLICE_X113Y80        FDCE (Prop_fdce_C_Q)         0.128    -0.475 r  u_div/cnt_reg[7]/Q
                         net (fo=6, routed)           0.603     0.127    jb_ad_lrck_OBUF
    Y14                  OBUF (Prop_obuf_I_O)         1.396     1.523 r  jb_da_lrck_OBUF_inst/O
                         net (fo=0)                   0.000     1.523    jb_da_lrck
    Y14                                                               r  jb_da_lrck
  -------------------------------------------------------------------    -------------------





--------------------------------------------------------------------------------------
Path Group:  (none)
From Clock:  clk_out1_clk_wiz_audio_1
  To Clock:  

Max Delay            14 Endpoints
Min Delay            14 Endpoints
--------------------------------------------------------------------------------------


Max Delay Paths
--------------------------------------------------------------------------------------
Slack:                    inf
  Source:                 u_mmcm/inst/mmcm_adv_inst/CLKOUT0
                            (clock source 'clk_out1_clk_wiz_audio_1'  {rise@0.000ns fall@40.690ns period=81.380ns})
  Destination:            jb_da_mclk
                            (output port)
  Path Group:             (none)
  Path Type:              Max at Slow Process Corner
  Data Path Delay:        9.124ns  (logic 3.756ns (41.167%)  route 5.368ns (58.833%))
  Logic Levels:           2  (BUFG=1 OBUF=1)
  Clock Uncertainty:      0.579ns  ((TSJ^2 + DJ^2)^1/2) / 2 + PE
    Total System Jitter     (TSJ):    0.050ns
    Discrete Jitter          (DJ):    0.451ns
    Phase Error              (PE):    0.352ns

    Location             Delay type                Incr(ns)  Path(ns)    Netlist Resource(s)
  -------------------------------------------------------------------    -------------------
                         (clock clk_out1_clk_wiz_audio_1 fall edge)
                                                     40.690    40.690 f  <hidden>
    H16                                               0.000    40.690 f  sysclk
                         net (fo=0)                   0.000    40.690    u_mmcm/inst/clk_in1
    H16                  IBUF (Prop_ibuf_I_O)         1.451    42.141 f  u_mmcm/inst/clkin1_ibufg/O
                         net (fo=1, routed)           1.285    43.426    u_mmcm/inst/clk_in1_clk_wiz_audio
  -------------------------------------------------------------------    -------------------
    MMCME2_ADV_X1Y2      MMCME2_ADV (Prop_mmcme2_adv_CLKIN1_CLKOUT0)
                                                     -7.759    35.667 f  u_mmcm/inst/mmcm_adv_inst/CLKOUT0
                         net (fo=1, routed)           2.206    37.873    u_mmcm/inst/clk_out1_clk_wiz_audio
    BUFGCTRL_X0Y16       BUFG (Prop_bufg_I_O)         0.101    37.974 f  u_mmcm/inst/clkout1_buf/O
                         net (fo=332, routed)         3.162    41.135    jb_ad_mclk_OBUF
    W14                  OBUF (Prop_obuf_I_O)         3.655    44.790 f  jb_da_mclk_OBUF_inst/O
                         net (fo=0)                   0.000    44.790    jb_da_mclk
    W14                                                               f  jb_da_mclk
  -------------------------------------------------------------------    -------------------

Slack:                    inf
  Source:                 u_mmcm/inst/mmcm_adv_inst/CLKOUT0
                            (clock source 'clk_out1_clk_wiz_audio_1'  {rise@0.000ns fall@40.690ns period=81.380ns})
  Destination:            ja_da_mclk
                            (output port)
  Path Group:             (none)
  Path Type:              Max at Slow Process Corner
  Data Path Delay:        9.047ns  (logic 3.680ns (40.681%)  route 5.367ns (59.319%))
  Logic Levels:           2  (BUFG=1 OBUF=1)
  Clock Uncertainty:      0.579ns  ((TSJ^2 + DJ^2)^1/2) / 2 + PE
    Total System Jitter     (TSJ):    0.050ns
    Discrete Jitter          (DJ):    0.451ns
    Phase Error              (PE):    0.352ns

    Location             Delay type                Incr(ns)  Path(ns)    Netlist Resource(s)
  -------------------------------------------------------------------    -------------------
                         (clock clk_out1_clk_wiz_audio_1 fall edge)
                                                     40.690    40.690 f  <hidden>
    H16                                               0.000    40.690 f  sysclk
                         net (fo=0)                   0.000    40.690    u_mmcm/inst/clk_in1
    H16                  IBUF (Prop_ibuf_I_O)         1.451    42.141 f  u_mmcm/inst/clkin1_ibufg/O
                         net (fo=1, routed)           1.285    43.426    u_mmcm/inst/clk_in1_clk_wiz_audio
  -------------------------------------------------------------------    -------------------
    MMCME2_ADV_X1Y2      MMCME2_ADV (Prop_mmcme2_adv_CLKIN1_CLKOUT0)
                                                     -7.759    35.667 f  u_mmcm/inst/mmcm_adv_inst/CLKOUT0
                         net (fo=1, routed)           2.206    37.873    u_mmcm/inst/clk_out1_clk_wiz_audio
    BUFGCTRL_X0Y16       BUFG (Prop_bufg_I_O)         0.101    37.974 f  u_mmcm/inst/clkout1_buf/O
                         net (fo=332, routed)         3.161    41.134    jb_ad_mclk_OBUF
    Y18                  OBUF (Prop_obuf_I_O)         3.579    44.714 f  ja_da_mclk_OBUF_inst/O
                         net (fo=0)                   0.000    44.714    ja_da_mclk
    Y18                                                               f  ja_da_mclk
  -------------------------------------------------------------------    -------------------

Slack:                    inf
  Source:                 u_mmcm/inst/mmcm_adv_inst/CLKOUT0
                            (clock source 'clk_out1_clk_wiz_audio_1'  {rise@0.000ns fall@40.690ns period=81.380ns})
  Destination:            jb_ad_mclk
                            (output port)
  Path Group:             (none)
  Path Type:              Max at Slow Process Corner
  Data Path Delay:        9.024ns  (logic 3.654ns (40.494%)  route 5.370ns (59.506%))
  Logic Levels:           2  (BUFG=1 OBUF=1)
  Clock Uncertainty:      0.579ns  ((TSJ^2 + DJ^2)^1/2) / 2 + PE
    Total System Jitter     (TSJ):    0.050ns
    Discrete Jitter          (DJ):    0.451ns
    Phase Error              (PE):    0.352ns

    Location             Delay type                Incr(ns)  Path(ns)    Netlist Resource(s)
  -------------------------------------------------------------------    -------------------
                         (clock clk_out1_clk_wiz_audio_1 fall edge)
                                                     40.690    40.690 f  <hidden>
    H16                                               0.000    40.690 f  sysclk
                         net (fo=0)                   0.000    40.690    u_mmcm/inst/clk_in1
    H16                  IBUF (Prop_ibuf_I_O)         1.451    42.141 f  u_mmcm/inst/clkin1_ibufg/O
                         net (fo=1, routed)           1.285    43.426    u_mmcm/inst/clk_in1_clk_wiz_audio
  -------------------------------------------------------------------    -------------------
    MMCME2_ADV_X1Y2      MMCME2_ADV (Prop_mmcme2_adv_CLKIN1_CLKOUT0)
                                                     -7.759    35.667 f  u_mmcm/inst/mmcm_adv_inst/CLKOUT0
                         net (fo=1, routed)           2.206    37.873    u_mmcm/inst/clk_out1_clk_wiz_audio
    BUFGCTRL_X0Y16       BUFG (Prop_bufg_I_O)         0.101    37.974 f  u_mmcm/inst/clkout1_buf/O
                         net (fo=332, routed)         3.164    41.137    jb_ad_mclk_OBUF
    V16                  OBUF (Prop_obuf_I_O)         3.553    44.691 f  jb_ad_mclk_OBUF_inst/O
                         net (fo=0)                   0.000    44.691    jb_ad_mclk
    V16                                                               f  jb_ad_mclk
  -------------------------------------------------------------------    -------------------

Slack:                    inf
  Source:                 u_mmcm/inst/mmcm_adv_inst/CLKOUT0
                            (clock source 'clk_out1_clk_wiz_audio_1'  {rise@0.000ns fall@40.690ns period=81.380ns})
  Destination:            ja_ad_mclk
                            (output port)
  Path Group:             (none)
  Path Type:              Max at Slow Process Corner
  Data Path Delay:        9.011ns  (logic 3.654ns (40.553%)  route 5.357ns (59.447%))
  Logic Levels:           2  (BUFG=1 OBUF=1)
  Clock Uncertainty:      0.579ns  ((TSJ^2 + DJ^2)^1/2) / 2 + PE
    Total System Jitter     (TSJ):    0.050ns
    Discrete Jitter          (DJ):    0.451ns
    Phase Error              (PE):    0.352ns

    Location             Delay type                Incr(ns)  Path(ns)    Netlist Resource(s)
  -------------------------------------------------------------------    -------------------
                         (clock clk_out1_clk_wiz_audio_1 fall edge)
                                                     40.690    40.690 f  <hidden>
    H16                                               0.000    40.690 f  sysclk
                         net (fo=0)                   0.000    40.690    u_mmcm/inst/clk_in1
    H16                  IBUF (Prop_ibuf_I_O)         1.451    42.141 f  u_mmcm/inst/clkin1_ibufg/O
                         net (fo=1, routed)           1.285    43.426    u_mmcm/inst/clk_in1_clk_wiz_audio
  -------------------------------------------------------------------    -------------------
    MMCME2_ADV_X1Y2      MMCME2_ADV (Prop_mmcme2_adv_CLKIN1_CLKOUT0)
                                                     -7.759    35.667 f  u_mmcm/inst/mmcm_adv_inst/CLKOUT0
                         net (fo=1, routed)           2.206    37.873    u_mmcm/inst/clk_out1_clk_wiz_audio
    BUFGCTRL_X0Y16       BUFG (Prop_bufg_I_O)         0.101    37.974 f  u_mmcm/inst/clkout1_buf/O
                         net (fo=332, routed)         3.151    41.124    jb_ad_mclk_OBUF
    U18                  OBUF (Prop_obuf_I_O)         3.553    44.678 f  ja_ad_mclk_OBUF_inst/O
                         net (fo=0)                   0.000    44.678    ja_ad_mclk
    U18                                                               f  ja_ad_mclk
  -------------------------------------------------------------------    -------------------

Slack:                    inf
  Source:                 u_div/cnt_reg[7]/C
                            (rising edge-triggered cell FDCE clocked by clk_out1_clk_wiz_audio_1  {rise@0.000ns fall@40.690ns period=81.380ns})
  Destination:            jb_ad_lrck
                            (output port)
  Path Group:             (none)
  Path Type:              Max at Slow Process Corner
  Data Path Delay:        7.471ns  (logic 4.145ns (55.475%)  route 3.326ns (44.525%))
  Logic Levels:           1  (OBUF=1)
  Clock Uncertainty:      0.579ns  ((TSJ^2 + DJ^2)^1/2) / 2 + PE
    Total System Jitter     (TSJ):    0.050ns
    Discrete Jitter          (DJ):    0.451ns
    Phase Error              (PE):    0.352ns

    Location             Delay type                Incr(ns)  Path(ns)    Netlist Resource(s)
  -------------------------------------------------------------------    -------------------
                         (clock clk_out1_clk_wiz_audio_1 rise edge)
                                                      0.000     0.000 r  <hidden>
    H16                                               0.000     0.000 r  sysclk
                         net (fo=0)                   0.000     0.000    u_mmcm/inst/clk_in1
    H16                  IBUF (Prop_ibuf_I_O)         1.451     1.451 r  u_mmcm/inst/clkin1_ibufg/O
                         net (fo=1, routed)           1.285     2.736    u_mmcm/inst/clk_in1_clk_wiz_audio
    MMCME2_ADV_X1Y2      MMCME2_ADV (Prop_mmcme2_adv_CLKIN1_CLKOUT0)
                                                     -7.759    -5.023 r  u_mmcm/inst/mmcm_adv_inst/CLKOUT0
                         net (fo=1, routed)           2.206    -2.817    u_mmcm/inst/clk_out1_clk_wiz_audio
    BUFGCTRL_X0Y16       BUFG (Prop_bufg_I_O)         0.101    -2.716 r  u_mmcm/inst/clkout1_buf/O
                         net (fo=332, routed)         1.853    -0.863    u_div/clk_out1
    SLICE_X113Y80        FDCE                                         r  u_div/cnt_reg[7]/C
  -------------------------------------------------------------------    -------------------
    SLICE_X113Y80        FDCE (Prop_fdce_C_Q)         0.419    -0.444 r  u_div/cnt_reg[7]/Q
                         net (fo=6, routed)           3.326     2.882    jb_ad_lrck_OBUF
    W16                  OBUF (Prop_obuf_I_O)         3.726     6.608 r  jb_ad_lrck_OBUF_inst/O
                         net (fo=0)                   0.000     6.608    jb_ad_lrck
    W16                                                               r  jb_ad_lrck
  -------------------------------------------------------------------    -------------------

Slack:                    inf
  Source:                 u_div/cnt_reg[7]/C
                            (rising edge-triggered cell FDCE clocked by clk_out1_clk_wiz_audio_1  {rise@0.000ns fall@40.690ns period=81.380ns})
  Destination:            ja_da_lrck
                            (output port)
  Path Group:             (none)
  Path Type:              Max at Slow Process Corner
  Data Path Delay:        7.348ns  (logic 4.164ns (56.676%)  route 3.183ns (43.324%))
  Logic Levels:           1  (OBUF=1)
  Clock Uncertainty:      0.579ns  ((TSJ^2 + DJ^2)^1/2) / 2 + PE
    Total System Jitter     (TSJ):    0.050ns
    Discrete Jitter          (DJ):    0.451ns
    Phase Error              (PE):    0.352ns

    Location             Delay type                Incr(ns)  Path(ns)    Netlist Resource(s)
  -------------------------------------------------------------------    -------------------
                         (clock clk_out1_clk_wiz_audio_1 rise edge)
                                                      0.000     0.000 r  <hidden>
    H16                                               0.000     0.000 r  sysclk
                         net (fo=0)                   0.000     0.000    u_mmcm/inst/clk_in1
    H16                  IBUF (Prop_ibuf_I_O)         1.451     1.451 r  u_mmcm/inst/clkin1_ibufg/O
                         net (fo=1, routed)           1.285     2.736    u_mmcm/inst/clk_in1_clk_wiz_audio
    MMCME2_ADV_X1Y2      MMCME2_ADV (Prop_mmcme2_adv_CLKIN1_CLKOUT0)
                                                     -7.759    -5.023 r  u_mmcm/inst/mmcm_adv_inst/CLKOUT0
                         net (fo=1, routed)           2.206    -2.817    u_mmcm/inst/clk_out1_clk_wiz_audio
    BUFGCTRL_X0Y16       BUFG (Prop_bufg_I_O)         0.101    -2.716 r  u_mmcm/inst/clkout1_buf/O
                         net (fo=332, routed)         1.853    -0.863    u_div/clk_out1
    SLICE_X113Y80        FDCE                                         r  u_div/cnt_reg[7]/C
  -------------------------------------------------------------------    -------------------
    SLICE_X113Y80        FDCE (Prop_fdce_C_Q)         0.419    -0.444 r  u_div/cnt_reg[7]/Q
                         net (fo=6, routed)           3.183     2.739    jb_ad_lrck_OBUF
    Y19                  OBUF (Prop_obuf_I_O)         3.745     6.484 r  ja_da_lrck_OBUF_inst/O
                         net (fo=0)                   0.000     6.484    ja_da_lrck
    Y19                                                               r  ja_da_lrck
  -------------------------------------------------------------------    -------------------

Slack:                    inf
  Source:                 u_div/cnt_reg[7]/C
                            (rising edge-triggered cell FDCE clocked by clk_out1_clk_wiz_audio_1  {rise@0.000ns fall@40.690ns period=81.380ns})
  Destination:            ja_ad_lrck
                            (output port)
  Path Group:             (none)
  Path Type:              Max at Slow Process Corner
  Data Path Delay:        6.800ns  (logic 4.149ns (61.011%)  route 2.651ns (38.989%))
  Logic Levels:           1  (OBUF=1)
  Clock Uncertainty:      0.579ns  ((TSJ^2 + DJ^2)^1/2) / 2 + PE
    Total System Jitter     (TSJ):    0.050ns
    Discrete Jitter          (DJ):    0.451ns
    Phase Error              (PE):    0.352ns

    Location             Delay type                Incr(ns)  Path(ns)    Netlist Resource(s)
  -------------------------------------------------------------------    -------------------
                         (clock clk_out1_clk_wiz_audio_1 rise edge)
                                                      0.000     0.000 r  <hidden>
    H16                                               0.000     0.000 r  sysclk
                         net (fo=0)                   0.000     0.000    u_mmcm/inst/clk_in1
    H16                  IBUF (Prop_ibuf_I_O)         1.451     1.451 r  u_mmcm/inst/clkin1_ibufg/O
                         net (fo=1, routed)           1.285     2.736    u_mmcm/inst/clk_in1_clk_wiz_audio
    MMCME2_ADV_X1Y2      MMCME2_ADV (Prop_mmcme2_adv_CLKIN1_CLKOUT0)
                                                     -7.759    -5.023 r  u_mmcm/inst/mmcm_adv_inst/CLKOUT0
                         net (fo=1, routed)           2.206    -2.817    u_mmcm/inst/clk_out1_clk_wiz_audio
    BUFGCTRL_X0Y16       BUFG (Prop_bufg_I_O)         0.101    -2.716 r  u_mmcm/inst/clkout1_buf/O
                         net (fo=332, routed)         1.853    -0.863    u_div/clk_out1
    SLICE_X113Y80        FDCE                                         r  u_div/cnt_reg[7]/C
  -------------------------------------------------------------------    -------------------
    SLICE_X113Y80        FDCE (Prop_fdce_C_Q)         0.419    -0.444 r  u_div/cnt_reg[7]/Q
                         net (fo=6, routed)           2.651     2.207    jb_ad_lrck_OBUF
    U19                  OBUF (Prop_obuf_I_O)         3.730     5.937 r  ja_ad_lrck_OBUF_inst/O
                         net (fo=0)                   0.000     5.937    ja_ad_lrck
    U19                                                               r  ja_ad_lrck
  -------------------------------------------------------------------    -------------------

Slack:                    inf
  Source:                 u_div/cnt_reg[1]/C
                            (rising edge-triggered cell FDCE clocked by clk_out1_clk_wiz_audio_1  {rise@0.000ns fall@40.690ns period=81.380ns})
  Destination:            ja_ad_sclk
                            (output port)
  Path Group:             (none)
  Path Type:              Max at Slow Process Corner
  Data Path Delay:        6.602ns  (logic 4.063ns (61.542%)  route 2.539ns (38.458%))
  Logic Levels:           1  (OBUF=1)
  Clock Uncertainty:      0.579ns  ((TSJ^2 + DJ^2)^1/2) / 2 + PE
    Total System Jitter     (TSJ):    0.050ns
    Discrete Jitter          (DJ):    0.451ns
    Phase Error              (PE):    0.352ns

    Location             Delay type                Incr(ns)  Path(ns)    Netlist Resource(s)
  -------------------------------------------------------------------    -------------------
                         (clock clk_out1_clk_wiz_audio_1 rise edge)
                                                      0.000     0.000 r  <hidden>
    H16                                               0.000     0.000 r  sysclk
                         net (fo=0)                   0.000     0.000    u_mmcm/inst/clk_in1
    H16                  IBUF (Prop_ibuf_I_O)         1.451     1.451 r  u_mmcm/inst/clkin1_ibufg/O
                         net (fo=1, routed)           1.285     2.736    u_mmcm/inst/clk_in1_clk_wiz_audio
    MMCME2_ADV_X1Y2      MMCME2_ADV (Prop_mmcme2_adv_CLKIN1_CLKOUT0)
                                                     -7.759    -5.023 r  u_mmcm/inst/mmcm_adv_inst/CLKOUT0
                         net (fo=1, routed)           2.206    -2.817    u_mmcm/inst/clk_out1_clk_wiz_audio
    BUFGCTRL_X0Y16       BUFG (Prop_bufg_I_O)         0.101    -2.716 r  u_mmcm/inst/clkout1_buf/O
                         net (fo=332, routed)         1.853    -0.863    u_div/clk_out1
    SLICE_X112Y80        FDCE                                         r  u_div/cnt_reg[1]/C
  -------------------------------------------------------------------    -------------------
    SLICE_X112Y80        FDCE (Prop_fdce_C_Q)         0.518    -0.345 r  u_div/cnt_reg[1]/Q
                         net (fo=11, routed)          2.539     2.194    jb_ad_sclk_OBUF
    W18                  OBUF (Prop_obuf_I_O)         3.545     5.739 r  ja_ad_sclk_OBUF_inst/O
                         net (fo=0)                   0.000     5.739    ja_ad_sclk
    W18                                                               r  ja_ad_sclk
  -------------------------------------------------------------------    -------------------

Slack:                    inf
  Source:                 u_div/cnt_reg[7]/C
                            (rising edge-triggered cell FDCE clocked by clk_out1_clk_wiz_audio_1  {rise@0.000ns fall@40.690ns period=81.380ns})
  Destination:            jb_da_lrck
                            (output port)
  Path Group:             (none)
  Path Type:              Max at Slow Process Corner
  Data Path Delay:        6.530ns  (logic 4.235ns (64.847%)  route 2.296ns (35.153%))
  Logic Levels:           1  (OBUF=1)
  Clock Uncertainty:      0.579ns  ((TSJ^2 + DJ^2)^1/2) / 2 + PE
    Total System Jitter     (TSJ):    0.050ns
    Discrete Jitter          (DJ):    0.451ns
    Phase Error              (PE):    0.352ns

    Location             Delay type                Incr(ns)  Path(ns)    Netlist Resource(s)
  -------------------------------------------------------------------    -------------------
                         (clock clk_out1_clk_wiz_audio_1 rise edge)
                                                      0.000     0.000 r  <hidden>
    H16                                               0.000     0.000 r  sysclk
                         net (fo=0)                   0.000     0.000    u_mmcm/inst/clk_in1
    H16                  IBUF (Prop_ibuf_I_O)         1.451     1.451 r  u_mmcm/inst/clkin1_ibufg/O
                         net (fo=1, routed)           1.285     2.736    u_mmcm/inst/clk_in1_clk_wiz_audio
    MMCME2_ADV_X1Y2      MMCME2_ADV (Prop_mmcme2_adv_CLKIN1_CLKOUT0)
                                                     -7.759    -5.023 r  u_mmcm/inst/mmcm_adv_inst/CLKOUT0
                         net (fo=1, routed)           2.206    -2.817    u_mmcm/inst/clk_out1_clk_wiz_audio
    BUFGCTRL_X0Y16       BUFG (Prop_bufg_I_O)         0.101    -2.716 r  u_mmcm/inst/clkout1_buf/O
                         net (fo=332, routed)         1.853    -0.863    u_div/clk_out1
    SLICE_X113Y80        FDCE                                         r  u_div/cnt_reg[7]/C
  -------------------------------------------------------------------    -------------------
    SLICE_X113Y80        FDCE (Prop_fdce_C_Q)         0.419    -0.444 r  u_div/cnt_reg[7]/Q
                         net (fo=6, routed)           2.296     1.851    jb_ad_lrck_OBUF
    Y14                  OBUF (Prop_obuf_I_O)         3.816     5.667 r  jb_da_lrck_OBUF_inst/O
                         net (fo=0)                   0.000     5.667    jb_da_lrck
    Y14                                                               r  jb_da_lrck
  -------------------------------------------------------------------    -------------------

Slack:                    inf
  Source:                 u_div/cnt_reg[1]/C
                            (rising edge-triggered cell FDCE clocked by clk_out1_clk_wiz_audio_1  {rise@0.000ns fall@40.690ns period=81.380ns})
  Destination:            jb_da_sclk
                            (output port)
  Path Group:             (none)
  Path Type:              Max at Slow Process Corner
  Data Path Delay:        6.441ns  (logic 4.123ns (64.001%)  route 2.319ns (35.999%))
  Logic Levels:           1  (OBUF=1)
  Clock Uncertainty:      0.579ns  ((TSJ^2 + DJ^2)^1/2) / 2 + PE
    Total System Jitter     (TSJ):    0.050ns
    Discrete Jitter          (DJ):    0.451ns
    Phase Error              (PE):    0.352ns

    Location             Delay type                Incr(ns)  Path(ns)    Netlist Resource(s)
  -------------------------------------------------------------------    -------------------
                         (clock clk_out1_clk_wiz_audio_1 rise edge)
                                                      0.000     0.000 r  <hidden>
    H16                                               0.000     0.000 r  sysclk
                         net (fo=0)                   0.000     0.000    u_mmcm/inst/clk_in1
    H16                  IBUF (Prop_ibuf_I_O)         1.451     1.451 r  u_mmcm/inst/clkin1_ibufg/O
                         net (fo=1, routed)           1.285     2.736    u_mmcm/inst/clk_in1_clk_wiz_audio
    MMCME2_ADV_X1Y2      MMCME2_ADV (Prop_mmcme2_adv_CLKIN1_CLKOUT0)
                                                     -7.759    -5.023 r  u_mmcm/inst/mmcm_adv_inst/CLKOUT0
                         net (fo=1, routed)           2.206    -2.817    u_mmcm/inst/clk_out1_clk_wiz_audio
    BUFGCTRL_X0Y16       BUFG (Prop_bufg_I_O)         0.101    -2.716 r  u_mmcm/inst/clkout1_buf/O
                         net (fo=332, routed)         1.853    -0.863    u_div/clk_out1
    SLICE_X112Y80        FDCE                                         r  u_div/cnt_reg[1]/C
  -------------------------------------------------------------------    -------------------
    SLICE_X112Y80        FDCE (Prop_fdce_C_Q)         0.518    -0.345 r  u_div/cnt_reg[1]/Q
                         net (fo=11, routed)          2.319     1.974    jb_ad_sclk_OBUF
    T11                  OBUF (Prop_obuf_I_O)         3.605     5.578 r  jb_da_sclk_OBUF_inst/O
                         net (fo=0)                   0.000     5.578    jb_da_sclk
    T11                                                               r  jb_da_sclk
  -------------------------------------------------------------------    -------------------





Min Delay Paths
--------------------------------------------------------------------------------------
Slack:                    inf
  Source:                 u_mmcm/inst/mmcm_adv_inst/CLKOUT0
                            (clock source 'clk_out1_clk_wiz_audio_1'  {rise@0.000ns fall@40.690ns period=81.380ns})
  Destination:            ja_ad_mclk
                            (output port)
  Path Group:             (none)
  Path Type:              Min at Fast Process Corner
  Data Path Delay:        2.755ns  (logic 1.280ns (46.458%)  route 1.475ns (53.542%))
  Logic Levels:           2  (BUFG=1 OBUF=1)
  Clock Uncertainty:      0.579ns  ((TSJ^2 + DJ^2)^1/2) / 2 + PE
    Total System Jitter     (TSJ):    0.050ns
    Discrete Jitter          (DJ):    0.451ns
    Phase Error              (PE):    0.352ns

    Location             Delay type                Incr(ns)  Path(ns)    Netlist Resource(s)
  -------------------------------------------------------------------    -------------------
                         (clock clk_out1_clk_wiz_audio_1 rise edge)
                                                      0.000     0.000 r  <hidden>
    H16                                               0.000     0.000 r  sysclk
                         net (fo=0)                   0.000     0.000    u_mmcm/inst/clk_in1
    H16                  IBUF (Prop_ibuf_I_O)         0.219     0.219 r  u_mmcm/inst/clkin1_ibufg/O
                         net (fo=1, routed)           0.440     0.659    u_mmcm/inst/clk_in1_clk_wiz_audio
  -------------------------------------------------------------------    -------------------
    MMCME2_ADV_X1Y2      MMCME2_ADV (Prop_mmcme2_adv_CLKIN1_CLKOUT0)
                                                     -2.613    -1.954 r  u_mmcm/inst/mmcm_adv_inst/CLKOUT0
                         net (fo=1, routed)           0.696    -1.257    u_mmcm/inst/clk_out1_clk_wiz_audio
    BUFGCTRL_X0Y16       BUFG (Prop_bufg_I_O)         0.026    -1.231 r  u_mmcm/inst/clkout1_buf/O
                         net (fo=332, routed)         0.778    -0.453    jb_ad_mclk_OBUF
    U18                  OBUF (Prop_obuf_I_O)         1.254     0.801 r  ja_ad_mclk_OBUF_inst/O
                         net (fo=0)                   0.000     0.801    ja_ad_mclk
    U18                                                               r  ja_ad_mclk
  -------------------------------------------------------------------    -------------------

Slack:                    inf
  Source:                 u_mmcm/inst/mmcm_adv_inst/CLKOUT0
                            (clock source 'clk_out1_clk_wiz_audio_1'  {rise@0.000ns fall@40.690ns period=81.380ns})
  Destination:            jb_ad_mclk
                            (output port)
  Path Group:             (none)
  Path Type:              Min at Fast Process Corner
  Data Path Delay:        2.763ns  (logic 1.280ns (46.322%)  route 1.483ns (53.678%))
  Logic Levels:           2  (BUFG=1 OBUF=1)
  Clock Uncertainty:      0.579ns  ((TSJ^2 + DJ^2)^1/2) / 2 + PE
    Total System Jitter     (TSJ):    0.050ns
    Discrete Jitter          (DJ):    0.451ns
    Phase Error              (PE):    0.352ns

    Location             Delay type                Incr(ns)  Path(ns)    Netlist Resource(s)
  -------------------------------------------------------------------    -------------------
                         (clock clk_out1_clk_wiz_audio_1 rise edge)
                                                      0.000     0.000 r  <hidden>
    H16                                               0.000     0.000 r  sysclk
                         net (fo=0)                   0.000     0.000    u_mmcm/inst/clk_in1
    H16                  IBUF (Prop_ibuf_I_O)         0.219     0.219 r  u_mmcm/inst/clkin1_ibufg/O
                         net (fo=1, routed)           0.440     0.659    u_mmcm/inst/clk_in1_clk_wiz_audio
  -------------------------------------------------------------------    -------------------
    MMCME2_ADV_X1Y2      MMCME2_ADV (Prop_mmcme2_adv_CLKIN1_CLKOUT0)
                                                     -2.613    -1.954 r  u_mmcm/inst/mmcm_adv_inst/CLKOUT0
                         net (fo=1, routed)           0.696    -1.257    u_mmcm/inst/clk_out1_clk_wiz_audio
    BUFGCTRL_X0Y16       BUFG (Prop_bufg_I_O)         0.026    -1.231 r  u_mmcm/inst/clkout1_buf/O
                         net (fo=332, routed)         0.786    -0.445    jb_ad_mclk_OBUF
    V16                  OBUF (Prop_obuf_I_O)         1.254     0.809 r  jb_ad_mclk_OBUF_inst/O
                         net (fo=0)                   0.000     0.809    jb_ad_mclk
    V16                                                               r  jb_ad_mclk
  -------------------------------------------------------------------    -------------------

Slack:                    inf
  Source:                 u_mmcm/inst/mmcm_adv_inst/CLKOUT0
                            (clock source 'clk_out1_clk_wiz_audio_1'  {rise@0.000ns fall@40.690ns period=81.380ns})
  Destination:            ja_da_mclk
                            (output port)
  Path Group:             (none)
  Path Type:              Min at Fast Process Corner
  Data Path Delay:        2.788ns  (logic 1.306ns (46.841%)  route 1.482ns (53.159%))
  Logic Levels:           2  (BUFG=1 OBUF=1)
  Clock Uncertainty:      0.579ns  ((TSJ^2 + DJ^2)^1/2) / 2 + PE
    Total System Jitter     (TSJ):    0.050ns
    Discrete Jitter          (DJ):    0.451ns
    Phase Error              (PE):    0.352ns

    Location             Delay type                Incr(ns)  Path(ns)    Netlist Resource(s)
  -------------------------------------------------------------------    -------------------
                         (clock clk_out1_clk_wiz_audio_1 rise edge)
                                                      0.000     0.000 r  <hidden>
    H16                                               0.000     0.000 r  sysclk
                         net (fo=0)                   0.000     0.000    u_mmcm/inst/clk_in1
    H16                  IBUF (Prop_ibuf_I_O)         0.219     0.219 r  u_mmcm/inst/clkin1_ibufg/O
                         net (fo=1, routed)           0.440     0.659    u_mmcm/inst/clk_in1_clk_wiz_audio
  -------------------------------------------------------------------    -------------------
    MMCME2_ADV_X1Y2      MMCME2_ADV (Prop_mmcme2_adv_CLKIN1_CLKOUT0)
                                                     -2.613    -1.954 r  u_mmcm/inst/mmcm_adv_inst/CLKOUT0
                         net (fo=1, routed)           0.696    -1.257    u_mmcm/inst/clk_out1_clk_wiz_audio
    BUFGCTRL_X0Y16       BUFG (Prop_bufg_I_O)         0.026    -1.231 r  u_mmcm/inst/clkout1_buf/O
                         net (fo=332, routed)         0.785    -0.446    jb_ad_mclk_OBUF
    Y18                  OBUF (Prop_obuf_I_O)         1.280     0.834 r  ja_da_mclk_OBUF_inst/O
                         net (fo=0)                   0.000     0.834    ja_da_mclk
    Y18                                                               r  ja_da_mclk
  -------------------------------------------------------------------    -------------------

Slack:                    inf
  Source:                 u_mmcm/inst/mmcm_adv_inst/CLKOUT0
                            (clock source 'clk_out1_clk_wiz_audio_1'  {rise@0.000ns fall@40.690ns period=81.380ns})
  Destination:            jb_da_mclk
                            (output port)
  Path Group:             (none)
  Path Type:              Min at Fast Process Corner
  Data Path Delay:        2.864ns  (logic 1.381ns (48.212%)  route 1.483ns (51.788%))
  Logic Levels:           2  (BUFG=1 OBUF=1)
  Clock Uncertainty:      0.579ns  ((TSJ^2 + DJ^2)^1/2) / 2 + PE
    Total System Jitter     (TSJ):    0.050ns
    Discrete Jitter          (DJ):    0.451ns
    Phase Error              (PE):    0.352ns

    Location             Delay type                Incr(ns)  Path(ns)    Netlist Resource(s)
  -------------------------------------------------------------------    -------------------
                         (clock clk_out1_clk_wiz_audio_1 rise edge)
                                                      0.000     0.000 r  <hidden>
    H16                                               0.000     0.000 r  sysclk
                         net (fo=0)                   0.000     0.000    u_mmcm/inst/clk_in1
    H16                  IBUF (Prop_ibuf_I_O)         0.219     0.219 r  u_mmcm/inst/clkin1_ibufg/O
                         net (fo=1, routed)           0.440     0.659    u_mmcm/inst/clk_in1_clk_wiz_audio
  -------------------------------------------------------------------    -------------------
    MMCME2_ADV_X1Y2      MMCME2_ADV (Prop_mmcme2_adv_CLKIN1_CLKOUT0)
                                                     -2.613    -1.954 r  u_mmcm/inst/mmcm_adv_inst/CLKOUT0
                         net (fo=1, routed)           0.696    -1.257    u_mmcm/inst/clk_out1_clk_wiz_audio
    BUFGCTRL_X0Y16       BUFG (Prop_bufg_I_O)         0.026    -1.231 r  u_mmcm/inst/clkout1_buf/O
                         net (fo=332, routed)         0.786    -0.445    jb_ad_mclk_OBUF
    W14                  OBUF (Prop_obuf_I_O)         1.355     0.910 r  jb_da_mclk_OBUF_inst/O
                         net (fo=0)                   0.000     0.910    jb_da_mclk
    W14                                                               r  jb_da_mclk
  -------------------------------------------------------------------    -------------------

Slack:                    inf
  Source:                 u_tx_ja/sdata_o_reg/C
                            (rising edge-triggered cell FDCE clocked by clk_out1_clk_wiz_audio_1  {rise@0.000ns fall@40.690ns period=81.380ns})
  Destination:            ja_da_sdin
                            (output port)
  Path Group:             (none)
  Path Type:              Min at Fast Process Corner
  Data Path Delay:        1.864ns  (logic 1.463ns (78.470%)  route 0.401ns (21.530%))
  Logic Levels:           1  (OBUF=1)
  Clock Uncertainty:      0.579ns  ((TSJ^2 + DJ^2)^1/2) / 2 + PE
    Total System Jitter     (TSJ):    0.050ns
    Discrete Jitter          (DJ):    0.451ns
    Phase Error              (PE):    0.352ns

    Location             Delay type                Incr(ns)  Path(ns)    Netlist Resource(s)
  -------------------------------------------------------------------    -------------------
                         (clock clk_out1_clk_wiz_audio_1 rise edge)
                                                      0.000     0.000 r  <hidden>
    H16                                               0.000     0.000 r  sysclk
                         net (fo=0)                   0.000     0.000    u_mmcm/inst/clk_in1
    H16                  IBUF (Prop_ibuf_I_O)         0.219     0.219 r  u_mmcm/inst/clkin1_ibufg/O
                         net (fo=1, routed)           0.440     0.659    u_mmcm/inst/clk_in1_clk_wiz_audio
    MMCME2_ADV_X1Y2      MMCME2_ADV (Prop_mmcme2_adv_CLKIN1_CLKOUT0)
                                                     -2.613    -1.954 r  u_mmcm/inst/mmcm_adv_inst/CLKOUT0
                         net (fo=1, routed)           0.696    -1.257    u_mmcm/inst/clk_out1_clk_wiz_audio
    BUFGCTRL_X0Y16       BUFG (Prop_bufg_I_O)         0.026    -1.231 r  u_mmcm/inst/clkout1_buf/O
                         net (fo=332, routed)         0.633    -0.598    u_tx_ja/clk_out1
    SLICE_X110Y87        FDCE                                         r  u_tx_ja/sdata_o_reg/C
  -------------------------------------------------------------------    -------------------
    SLICE_X110Y87        FDCE (Prop_fdce_C_Q)         0.141    -0.457 r  u_tx_ja/sdata_o_reg/Q
                         net (fo=1, routed)           0.401    -0.056    ja_da_sdin_OBUF
    Y17                  OBUF (Prop_obuf_I_O)         1.322     1.265 r  ja_da_sdin_OBUF_inst/O
                         net (fo=0)                   0.000     1.265    ja_da_sdin
    Y17                                                               r  ja_da_sdin
  -------------------------------------------------------------------    -------------------

Slack:                    inf
  Source:                 u_tx_jb/sdata_o_reg/C
                            (rising edge-triggered cell FDCE clocked by clk_out1_clk_wiz_audio_1  {rise@0.000ns fall@40.690ns period=81.380ns})
  Destination:            jb_da_sdin
                            (output port)
  Path Group:             (none)
  Path Type:              Min at Fast Process Corner
  Data Path Delay:        1.876ns  (logic 1.439ns (76.704%)  route 0.437ns (23.296%))
  Logic Levels:           1  (OBUF=1)
  Clock Uncertainty:      0.579ns  ((TSJ^2 + DJ^2)^1/2) / 2 + PE
    Total System Jitter     (TSJ):    0.050ns
    Discrete Jitter          (DJ):    0.451ns
    Phase Error              (PE):    0.352ns

    Location             Delay type                Incr(ns)  Path(ns)    Netlist Resource(s)
  -------------------------------------------------------------------    -------------------
                         (clock clk_out1_clk_wiz_audio_1 rise edge)
                                                      0.000     0.000 r  <hidden>
    H16                                               0.000     0.000 r  sysclk
                         net (fo=0)                   0.000     0.000    u_mmcm/inst/clk_in1
    H16                  IBUF (Prop_ibuf_I_O)         0.219     0.219 r  u_mmcm/inst/clkin1_ibufg/O
                         net (fo=1, routed)           0.440     0.659    u_mmcm/inst/clk_in1_clk_wiz_audio
    MMCME2_ADV_X1Y2      MMCME2_ADV (Prop_mmcme2_adv_CLKIN1_CLKOUT0)
                                                     -2.613    -1.954 r  u_mmcm/inst/mmcm_adv_inst/CLKOUT0
                         net (fo=1, routed)           0.696    -1.257    u_mmcm/inst/clk_out1_clk_wiz_audio
    BUFGCTRL_X0Y16       BUFG (Prop_bufg_I_O)         0.026    -1.231 r  u_mmcm/inst/clkout1_buf/O
                         net (fo=332, routed)         0.633    -0.598    u_tx_jb/clk_out1
    SLICE_X110Y87        FDCE                                         r  u_tx_jb/sdata_o_reg/C
  -------------------------------------------------------------------    -------------------
    SLICE_X110Y87        FDCE (Prop_fdce_C_Q)         0.141    -0.457 r  u_tx_jb/sdata_o_reg/Q
                         net (fo=1, routed)           0.437    -0.020    jb_da_sdin_OBUF
    T10                  OBUF (Prop_obuf_I_O)         1.298     1.278 r  jb_da_sdin_OBUF_inst/O
                         net (fo=0)                   0.000     1.278    jb_da_sdin
    T10                                                               r  jb_da_sdin
  -------------------------------------------------------------------    -------------------

Slack:                    inf
  Source:                 u_div/cnt_reg[1]/C
                            (rising edge-triggered cell FDCE clocked by clk_out1_clk_wiz_audio_1  {rise@0.000ns fall@40.690ns period=81.380ns})
  Destination:            ja_da_sclk
                            (output port)
  Path Group:             (none)
  Path Type:              Min at Fast Process Corner
  Data Path Delay:        1.968ns  (logic 1.488ns (75.596%)  route 0.480ns (24.404%))
  Logic Levels:           1  (OBUF=1)
  Clock Uncertainty:      0.579ns  ((TSJ^2 + DJ^2)^1/2) / 2 + PE
    Total System Jitter     (TSJ):    0.050ns
    Discrete Jitter          (DJ):    0.451ns
    Phase Error              (PE):    0.352ns

    Location             Delay type                Incr(ns)  Path(ns)    Netlist Resource(s)
  -------------------------------------------------------------------    -------------------
                         (clock clk_out1_clk_wiz_audio_1 rise edge)
                                                      0.000     0.000 r  <hidden>
    H16                                               0.000     0.000 r  sysclk
                         net (fo=0)                   0.000     0.000    u_mmcm/inst/clk_in1
    H16                  IBUF (Prop_ibuf_I_O)         0.219     0.219 r  u_mmcm/inst/clkin1_ibufg/O
                         net (fo=1, routed)           0.440     0.659    u_mmcm/inst/clk_in1_clk_wiz_audio
    MMCME2_ADV_X1Y2      MMCME2_ADV (Prop_mmcme2_adv_CLKIN1_CLKOUT0)
                                                     -2.613    -1.954 r  u_mmcm/inst/mmcm_adv_inst/CLKOUT0
                         net (fo=1, routed)           0.696    -1.257    u_mmcm/inst/clk_out1_clk_wiz_audio
    BUFGCTRL_X0Y16       BUFG (Prop_bufg_I_O)         0.026    -1.231 r  u_mmcm/inst/clkout1_buf/O
                         net (fo=332, routed)         0.628    -0.603    u_div/clk_out1
    SLICE_X112Y80        FDCE                                         r  u_div/cnt_reg[1]/C
  -------------------------------------------------------------------    -------------------
    SLICE_X112Y80        FDCE (Prop_fdce_C_Q)         0.164    -0.439 r  u_div/cnt_reg[1]/Q
                         net (fo=11, routed)          0.480     0.041    jb_ad_sclk_OBUF
    Y16                  OBUF (Prop_obuf_I_O)         1.324     1.365 r  ja_da_sclk_OBUF_inst/O
                         net (fo=0)                   0.000     1.365    ja_da_sclk
    Y16                                                               r  ja_da_sclk
  -------------------------------------------------------------------    -------------------

Slack:                    inf
  Source:                 u_div/cnt_reg[1]/C
                            (rising edge-triggered cell FDCE clocked by clk_out1_clk_wiz_audio_1  {rise@0.000ns fall@40.690ns period=81.380ns})
  Destination:            jb_ad_sclk
                            (output port)
  Path Group:             (none)
  Path Type:              Min at Fast Process Corner
  Data Path Delay:        2.032ns  (logic 1.465ns (72.125%)  route 0.566ns (27.875%))
  Logic Levels:           1  (OBUF=1)
  Clock Uncertainty:      0.579ns  ((TSJ^2 + DJ^2)^1/2) / 2 + PE
    Total System Jitter     (TSJ):    0.050ns
    Discrete Jitter          (DJ):    0.451ns
    Phase Error              (PE):    0.352ns

    Location             Delay type                Incr(ns)  Path(ns)    Netlist Resource(s)
  -------------------------------------------------------------------    -------------------
                         (clock clk_out1_clk_wiz_audio_1 rise edge)
                                                      0.000     0.000 r  <hidden>
    H16                                               0.000     0.000 r  sysclk
                         net (fo=0)                   0.000     0.000    u_mmcm/inst/clk_in1
    H16                  IBUF (Prop_ibuf_I_O)         0.219     0.219 r  u_mmcm/inst/clkin1_ibufg/O
                         net (fo=1, routed)           0.440     0.659    u_mmcm/inst/clk_in1_clk_wiz_audio
    MMCME2_ADV_X1Y2      MMCME2_ADV (Prop_mmcme2_adv_CLKIN1_CLKOUT0)
                                                     -2.613    -1.954 r  u_mmcm/inst/mmcm_adv_inst/CLKOUT0
                         net (fo=1, routed)           0.696    -1.257    u_mmcm/inst/clk_out1_clk_wiz_audio
    BUFGCTRL_X0Y16       BUFG (Prop_bufg_I_O)         0.026    -1.231 r  u_mmcm/inst/clkout1_buf/O
                         net (fo=332, routed)         0.628    -0.603    u_div/clk_out1
    SLICE_X112Y80        FDCE                                         r  u_div/cnt_reg[1]/C
  -------------------------------------------------------------------    -------------------
    SLICE_X112Y80        FDCE (Prop_fdce_C_Q)         0.164    -0.439 r  u_div/cnt_reg[1]/Q
                         net (fo=11, routed)          0.566     0.127    jb_ad_sclk_OBUF
    V12                  OBUF (Prop_obuf_I_O)         1.301     1.428 r  jb_ad_sclk_OBUF_inst/O
                         net (fo=0)                   0.000     1.428    jb_ad_sclk
    V12                                                               r  jb_ad_sclk
  -------------------------------------------------------------------    -------------------

Slack:                    inf
  Source:                 u_div/cnt_reg[1]/C
                            (rising edge-triggered cell FDCE clocked by clk_out1_clk_wiz_audio_1  {rise@0.000ns fall@40.690ns period=81.380ns})
  Destination:            jb_da_sclk
                            (output port)
  Path Group:             (none)
  Path Type:              Min at Fast Process Corner
  Data Path Delay:        2.116ns  (logic 1.469ns (69.423%)  route 0.647ns (30.577%))
  Logic Levels:           1  (OBUF=1)
  Clock Uncertainty:      0.579ns  ((TSJ^2 + DJ^2)^1/2) / 2 + PE
    Total System Jitter     (TSJ):    0.050ns
    Discrete Jitter          (DJ):    0.451ns
    Phase Error              (PE):    0.352ns

    Location             Delay type                Incr(ns)  Path(ns)    Netlist Resource(s)
  -------------------------------------------------------------------    -------------------
                         (clock clk_out1_clk_wiz_audio_1 rise edge)
                                                      0.000     0.000 r  <hidden>
    H16                                               0.000     0.000 r  sysclk
                         net (fo=0)                   0.000     0.000    u_mmcm/inst/clk_in1
    H16                  IBUF (Prop_ibuf_I_O)         0.219     0.219 r  u_mmcm/inst/clkin1_ibufg/O
                         net (fo=1, routed)           0.440     0.659    u_mmcm/inst/clk_in1_clk_wiz_audio
    MMCME2_ADV_X1Y2      MMCME2_ADV (Prop_mmcme2_adv_CLKIN1_CLKOUT0)
                                                     -2.613    -1.954 r  u_mmcm/inst/mmcm_adv_inst/CLKOUT0
                         net (fo=1, routed)           0.696    -1.257    u_mmcm/inst/clk_out1_clk_wiz_audio
    BUFGCTRL_X0Y16       BUFG (Prop_bufg_I_O)         0.026    -1.231 r  u_mmcm/inst/clkout1_buf/O
                         net (fo=332, routed)         0.628    -0.603    u_div/clk_out1
    SLICE_X112Y80        FDCE                                         r  u_div/cnt_reg[1]/C
  -------------------------------------------------------------------    -------------------
    SLICE_X112Y80        FDCE (Prop_fdce_C_Q)         0.164    -0.439 r  u_div/cnt_reg[1]/Q
                         net (fo=11, routed)          0.647     0.207    jb_ad_sclk_OBUF
    T11                  OBUF (Prop_obuf_I_O)         1.305     1.512 r  jb_da_sclk_OBUF_inst/O
                         net (fo=0)                   0.000     1.512    jb_da_sclk
    T11                                                               r  jb_da_sclk
  -------------------------------------------------------------------    -------------------

Slack:                    inf
  Source:                 u_div/cnt_reg[7]/C
                            (rising edge-triggered cell FDCE clocked by clk_out1_clk_wiz_audio_1  {rise@0.000ns fall@40.690ns period=81.380ns})
  Destination:            jb_da_lrck
                            (output port)
  Path Group:             (none)
  Path Type:              Min at Fast Process Corner
  Data Path Delay:        2.127ns  (logic 1.524ns (71.669%)  route 0.603ns (28.331%))
  Logic Levels:           1  (OBUF=1)
  Clock Uncertainty:      0.579ns  ((TSJ^2 + DJ^2)^1/2) / 2 + PE
    Total System Jitter     (TSJ):    0.050ns
    Discrete Jitter          (DJ):    0.451ns
    Phase Error              (PE):    0.352ns

    Location             Delay type                Incr(ns)  Path(ns)    Netlist Resource(s)
  -------------------------------------------------------------------    -------------------
                         (clock clk_out1_clk_wiz_audio_1 rise edge)
                                                      0.000     0.000 r  <hidden>
    H16                                               0.000     0.000 r  sysclk
                         net (fo=0)                   0.000     0.000    u_mmcm/inst/clk_in1
    H16                  IBUF (Prop_ibuf_I_O)         0.219     0.219 r  u_mmcm/inst/clkin1_ibufg/O
                         net (fo=1, routed)           0.440     0.659    u_mmcm/inst/clk_in1_clk_wiz_audio
    MMCME2_ADV_X1Y2      MMCME2_ADV (Prop_mmcme2_adv_CLKIN1_CLKOUT0)
                                                     -2.613    -1.954 r  u_mmcm/inst/mmcm_adv_inst/CLKOUT0
                         net (fo=1, routed)           0.696    -1.257    u_mmcm/inst/clk_out1_clk_wiz_audio
    BUFGCTRL_X0Y16       BUFG (Prop_bufg_I_O)         0.026    -1.231 r  u_mmcm/inst/clkout1_buf/O
                         net (fo=332, routed)         0.628    -0.603    u_div/clk_out1
    SLICE_X113Y80        FDCE                                         r  u_div/cnt_reg[7]/C
  -------------------------------------------------------------------    -------------------
    SLICE_X113Y80        FDCE (Prop_fdce_C_Q)         0.128    -0.475 r  u_div/cnt_reg[7]/Q
                         net (fo=6, routed)           0.603     0.127    jb_ad_lrck_OBUF
    Y14                  OBUF (Prop_obuf_I_O)         1.396     1.523 r  jb_da_lrck_OBUF_inst/O
                         net (fo=0)                   0.000     1.523    jb_da_lrck
    Y14                                                               r  jb_da_lrck
  -------------------------------------------------------------------    -------------------





--------------------------------------------------------------------------------------
Path Group:  (none)
From Clock:  
  To Clock:  clk_out1_clk_wiz_audio

Max Delay             2 Endpoints
Min Delay             2 Endpoints
--------------------------------------------------------------------------------------


Max Delay Paths
--------------------------------------------------------------------------------------
Slack:                    inf
  Source:                 ja_ad_sdout
                            (input port)
  Destination:            u_rx_ja/sdata_r_reg/D
                            (rising edge-triggered cell FDCE clocked by clk_out1_clk_wiz_audio  {rise@0.000ns fall@40.690ns period=81.380ns})
  Path Group:             (none)
  Path Type:              Setup (Max at Slow Process Corner)
  Data Path Delay:        3.167ns  (logic 1.487ns (46.940%)  route 1.681ns (53.060%))
  Logic Levels:           1  (IBUF=1)
  Clock Path Skew:        -1.488ns (DCD - SCD + CPR)
    Destination Clock Delay (DCD):    -1.488ns
    Source Clock Delay      (SCD):    0.000ns
    Clock Pessimism Removal (CPR):    0.000ns
  Clock Uncertainty:      0.590ns  ((TSJ^2 + DJ^2)^1/2) / 2 + PE
    Total System Jitter     (TSJ):    0.050ns
    Discrete Jitter          (DJ):    0.474ns
    Phase Error              (PE):    0.352ns

    Location             Delay type                Incr(ns)  Path(ns)    Netlist Resource(s)
  -------------------------------------------------------------------    -------------------
    W19                                               0.000     0.000 r  ja_ad_sdout
                         net (fo=0)                   0.000     0.000    ja_ad_sdout
    W19                  IBUF (Prop_ibuf_I_O)         1.487     1.487 r  ja_ad_sdout_IBUF_inst/O
                         net (fo=1, routed)           1.681     3.167    u_rx_ja/ja_ad_sdout_IBUF
    SLICE_X112Y86        FDCE                                         r  u_rx_ja/sdata_r_reg/D
  -------------------------------------------------------------------    -------------------

                         (clock clk_out1_clk_wiz_audio rise edge)
                                                      0.000     0.000 r  <hidden>
    H16                                               0.000     0.000 r  sysclk
                         net (fo=0)                   0.000     0.000    u_mmcm/inst/clk_in1
    H16                  IBUF (Prop_ibuf_I_O)         1.380     1.380 r  u_mmcm/inst/clkin1_ibufg/O
                         net (fo=1, routed)           1.162     2.542    u_mmcm/inst/clk_in1_clk_wiz_audio
    MMCME2_ADV_X1Y2      MMCME2_ADV (Prop_mmcme2_adv_CLKIN1_CLKOUT0)
                                                     -7.814    -5.272 r  u_mmcm/inst/mmcm_adv_inst/CLKOUT0
                         net (fo=1, routed)           2.012    -3.260    u_mmcm/inst/clk_out1_clk_wiz_audio
    BUFGCTRL_X0Y16       BUFG (Prop_bufg_I_O)         0.091    -3.169 r  u_mmcm/inst/clkout1_buf/O
                         net (fo=332, routed)         1.681    -1.488    u_rx_ja/clk_out1
    SLICE_X112Y86        FDCE                                         r  u_rx_ja/sdata_r_reg/C

Slack:                    inf
  Source:                 jb_ad_sdout
                            (input port)
  Destination:            u_rx_jb/sdata_r_reg/D
                            (rising edge-triggered cell FDCE clocked by clk_out1_clk_wiz_audio  {rise@0.000ns fall@40.690ns period=81.380ns})
  Path Group:             (none)
  Path Type:              Setup (Max at Slow Process Corner)
  Data Path Delay:        2.577ns  (logic 1.531ns (59.418%)  route 1.046ns (40.582%))
  Logic Levels:           1  (IBUF=1)
  Clock Path Skew:        -1.487ns (DCD - SCD + CPR)
    Destination Clock Delay (DCD):    -1.487ns
    Source Clock Delay      (SCD):    0.000ns
    Clock Pessimism Removal (CPR):    0.000ns
  Clock Uncertainty:      0.590ns  ((TSJ^2 + DJ^2)^1/2) / 2 + PE
    Total System Jitter     (TSJ):    0.050ns
    Discrete Jitter          (DJ):    0.474ns
    Phase Error              (PE):    0.352ns

    Location             Delay type                Incr(ns)  Path(ns)    Netlist Resource(s)
  -------------------------------------------------------------------    -------------------
    W13                                               0.000     0.000 r  jb_ad_sdout
                         net (fo=0)                   0.000     0.000    jb_ad_sdout
    W13                  IBUF (Prop_ibuf_I_O)         1.531     1.531 r  jb_ad_sdout_IBUF_inst/O
                         net (fo=1, routed)           1.046     2.577    u_rx_jb/jb_ad_sdout_IBUF
    SLICE_X112Y87        FDCE                                         r  u_rx_jb/sdata_r_reg/D
  -------------------------------------------------------------------    -------------------

                         (clock clk_out1_clk_wiz_audio rise edge)
                                                      0.000     0.000 r  <hidden>
    H16                                               0.000     0.000 r  sysclk
                         net (fo=0)                   0.000     0.000    u_mmcm/inst/clk_in1
    H16                  IBUF (Prop_ibuf_I_O)         1.380     1.380 r  u_mmcm/inst/clkin1_ibufg/O
                         net (fo=1, routed)           1.162     2.542    u_mmcm/inst/clk_in1_clk_wiz_audio
    MMCME2_ADV_X1Y2      MMCME2_ADV (Prop_mmcme2_adv_CLKIN1_CLKOUT0)
                                                     -7.814    -5.272 r  u_mmcm/inst/mmcm_adv_inst/CLKOUT0
                         net (fo=1, routed)           2.012    -3.260    u_mmcm/inst/clk_out1_clk_wiz_audio
    BUFGCTRL_X0Y16       BUFG (Prop_bufg_I_O)         0.091    -3.169 r  u_mmcm/inst/clkout1_buf/O
                         net (fo=332, routed)         1.682    -1.487    u_rx_jb/clk_out1
    SLICE_X112Y87        FDCE                                         r  u_rx_jb/sdata_r_reg/C





Min Delay Paths
--------------------------------------------------------------------------------------
Slack:                    inf
  Source:                 jb_ad_sdout
                            (input port)
  Destination:            u_rx_jb/sdata_r_reg/D
                            (rising edge-triggered cell FDCE clocked by clk_out1_clk_wiz_audio  {rise@0.000ns fall@40.690ns period=81.380ns})
  Path Group:             (none)
  Path Type:              Hold (Min at Fast Process Corner)
  Data Path Delay:        0.715ns  (logic 0.299ns (41.800%)  route 0.416ns (58.200%))
  Logic Levels:           1  (IBUF=1)
  Clock Path Skew:        -0.836ns (DCD - SCD - CPR)
    Destination Clock Delay (DCD):    -0.836ns
    Source Clock Delay      (SCD):    0.000ns
    Clock Pessimism Removal (CPR):    -0.000ns

    Location             Delay type                Incr(ns)  Path(ns)    Netlist Resource(s)
  -------------------------------------------------------------------    -------------------
    W13                                               0.000     0.000 r  jb_ad_sdout
                         net (fo=0)                   0.000     0.000    jb_ad_sdout
    W13                  IBUF (Prop_ibuf_I_O)         0.299     0.299 r  jb_ad_sdout_IBUF_inst/O
                         net (fo=1, routed)           0.416     0.715    u_rx_jb/jb_ad_sdout_IBUF
    SLICE_X112Y87        FDCE                                         r  u_rx_jb/sdata_r_reg/D
  -------------------------------------------------------------------    -------------------

                         (clock clk_out1_clk_wiz_audio rise edge)
                                                      0.000     0.000 r  <hidden>
    H16                                               0.000     0.000 r  sysclk
                         net (fo=0)                   0.000     0.000    u_mmcm/inst/clk_in1
    H16                  IBUF (Prop_ibuf_I_O)         0.406     0.406 r  u_mmcm/inst/clkin1_ibufg/O
                         net (fo=1, routed)           0.480     0.886    u_mmcm/inst/clk_in1_clk_wiz_audio
    MMCME2_ADV_X1Y2      MMCME2_ADV (Prop_mmcme2_adv_CLKIN1_CLKOUT0)
                                                     -3.407    -2.521 r  u_mmcm/inst/mmcm_adv_inst/CLKOUT0
                         net (fo=1, routed)           0.752    -1.769    u_mmcm/inst/clk_out1_clk_wiz_audio
    BUFGCTRL_X0Y16       BUFG (Prop_bufg_I_O)         0.029    -1.740 r  u_mmcm/inst/clkout1_buf/O
                         net (fo=332, routed)         0.904    -0.836    u_rx_jb/clk_out1
    SLICE_X112Y87        FDCE                                         r  u_rx_jb/sdata_r_reg/C

Slack:                    inf
  Source:                 ja_ad_sdout
                            (input port)
  Destination:            u_rx_ja/sdata_r_reg/D
                            (rising edge-triggered cell FDCE clocked by clk_out1_clk_wiz_audio  {rise@0.000ns fall@40.690ns period=81.380ns})
  Path Group:             (none)
  Path Type:              Hold (Min at Fast Process Corner)
  Data Path Delay:        0.906ns  (logic 0.255ns (28.090%)  route 0.652ns (71.910%))
  Logic Levels:           1  (IBUF=1)
  Clock Path Skew:        -0.837ns (DCD - SCD - CPR)
    Destination Clock Delay (DCD):    -0.837ns
    Source Clock Delay      (SCD):    0.000ns
    Clock Pessimism Removal (CPR):    -0.000ns

    Location             Delay type                Incr(ns)  Path(ns)    Netlist Resource(s)
  -------------------------------------------------------------------    -------------------
    W19                                               0.000     0.000 r  ja_ad_sdout
                         net (fo=0)                   0.000     0.000    ja_ad_sdout
    W19                  IBUF (Prop_ibuf_I_O)         0.255     0.255 r  ja_ad_sdout_IBUF_inst/O
                         net (fo=1, routed)           0.652     0.906    u_rx_ja/ja_ad_sdout_IBUF
    SLICE_X112Y86        FDCE                                         r  u_rx_ja/sdata_r_reg/D
  -------------------------------------------------------------------    -------------------

                         (clock clk_out1_clk_wiz_audio rise edge)
                                                      0.000     0.000 r  <hidden>
    H16                                               0.000     0.000 r  sysclk
                         net (fo=0)                   0.000     0.000    u_mmcm/inst/clk_in1
    H16                  IBUF (Prop_ibuf_I_O)         0.406     0.406 r  u_mmcm/inst/clkin1_ibufg/O
                         net (fo=1, routed)           0.480     0.886    u_mmcm/inst/clk_in1_clk_wiz_audio
    MMCME2_ADV_X1Y2      MMCME2_ADV (Prop_mmcme2_adv_CLKIN1_CLKOUT0)
                                                     -3.407    -2.521 r  u_mmcm/inst/mmcm_adv_inst/CLKOUT0
                         net (fo=1, routed)           0.752    -1.769    u_mmcm/inst/clk_out1_clk_wiz_audio
    BUFGCTRL_X0Y16       BUFG (Prop_bufg_I_O)         0.029    -1.740 r  u_mmcm/inst/clkout1_buf/O
                         net (fo=332, routed)         0.903    -0.837    u_rx_ja/clk_out1
    SLICE_X112Y86        FDCE                                         r  u_rx_ja/sdata_r_reg/C





--------------------------------------------------------------------------------------
Path Group:  (none)
From Clock:  
  To Clock:  clk_out1_clk_wiz_audio_1

Max Delay             2 Endpoints
Min Delay             2 Endpoints
--------------------------------------------------------------------------------------


Max Delay Paths
--------------------------------------------------------------------------------------
Slack:                    inf
  Source:                 ja_ad_sdout
                            (input port)
  Destination:            u_rx_ja/sdata_r_reg/D
                            (rising edge-triggered cell FDCE clocked by clk_out1_clk_wiz_audio_1  {rise@0.000ns fall@40.690ns period=81.380ns})
  Path Group:             (none)
  Path Type:              Setup (Max at Slow Process Corner)
  Data Path Delay:        3.167ns  (logic 1.487ns (46.940%)  route 1.681ns (53.060%))
  Logic Levels:           1  (IBUF=1)
  Clock Path Skew:        -1.488ns (DCD - SCD + CPR)
    Destination Clock Delay (DCD):    -1.488ns
    Source Clock Delay      (SCD):    0.000ns
    Clock Pessimism Removal (CPR):    0.000ns
  Clock Uncertainty:      0.579ns  ((TSJ^2 + DJ^2)^1/2) / 2 + PE
    Total System Jitter     (TSJ):    0.050ns
    Discrete Jitter          (DJ):    0.451ns
    Phase Error              (PE):    0.352ns

    Location             Delay type                Incr(ns)  Path(ns)    Netlist Resource(s)
  -------------------------------------------------------------------    -------------------
    W19                                               0.000     0.000 r  ja_ad_sdout
                         net (fo=0)                   0.000     0.000    ja_ad_sdout
    W19                  IBUF (Prop_ibuf_I_O)         1.487     1.487 r  ja_ad_sdout_IBUF_inst/O
                         net (fo=1, routed)           1.681     3.167    u_rx_ja/ja_ad_sdout_IBUF
    SLICE_X112Y86        FDCE                                         r  u_rx_ja/sdata_r_reg/D
  -------------------------------------------------------------------    -------------------

                         (clock clk_out1_clk_wiz_audio_1 rise edge)
                                                      0.000     0.000 r  <hidden>
    H16                                               0.000     0.000 r  sysclk
                         net (fo=0)                   0.000     0.000    u_mmcm/inst/clk_in1
    H16                  IBUF (Prop_ibuf_I_O)         1.380     1.380 r  u_mmcm/inst/clkin1_ibufg/O
                         net (fo=1, routed)           1.162     2.542    u_mmcm/inst/clk_in1_clk_wiz_audio
    MMCME2_ADV_X1Y2      MMCME2_ADV (Prop_mmcme2_adv_CLKIN1_CLKOUT0)
                                                     -7.814    -5.272 r  u_mmcm/inst/mmcm_adv_inst/CLKOUT0
                         net (fo=1, routed)           2.012    -3.260    u_mmcm/inst/clk_out1_clk_wiz_audio
    BUFGCTRL_X0Y16       BUFG (Prop_bufg_I_O)         0.091    -3.169 r  u_mmcm/inst/clkout1_buf/O
                         net (fo=332, routed)         1.681    -1.488    u_rx_ja/clk_out1
    SLICE_X112Y86        FDCE                                         r  u_rx_ja/sdata_r_reg/C

Slack:                    inf
  Source:                 jb_ad_sdout
                            (input port)
  Destination:            u_rx_jb/sdata_r_reg/D
                            (rising edge-triggered cell FDCE clocked by clk_out1_clk_wiz_audio_1  {rise@0.000ns fall@40.690ns period=81.380ns})
  Path Group:             (none)
  Path Type:              Setup (Max at Slow Process Corner)
  Data Path Delay:        2.577ns  (logic 1.531ns (59.418%)  route 1.046ns (40.582%))
  Logic Levels:           1  (IBUF=1)
  Clock Path Skew:        -1.487ns (DCD - SCD + CPR)
    Destination Clock Delay (DCD):    -1.487ns
    Source Clock Delay      (SCD):    0.000ns
    Clock Pessimism Removal (CPR):    0.000ns
  Clock Uncertainty:      0.579ns  ((TSJ^2 + DJ^2)^1/2) / 2 + PE
    Total System Jitter     (TSJ):    0.050ns
    Discrete Jitter          (DJ):    0.451ns
    Phase Error              (PE):    0.352ns

    Location             Delay type                Incr(ns)  Path(ns)    Netlist Resource(s)
  -------------------------------------------------------------------    -------------------
    W13                                               0.000     0.000 r  jb_ad_sdout
                         net (fo=0)                   0.000     0.000    jb_ad_sdout
    W13                  IBUF (Prop_ibuf_I_O)         1.531     1.531 r  jb_ad_sdout_IBUF_inst/O
                         net (fo=1, routed)           1.046     2.577    u_rx_jb/jb_ad_sdout_IBUF
    SLICE_X112Y87        FDCE                                         r  u_rx_jb/sdata_r_reg/D
  -------------------------------------------------------------------    -------------------

                         (clock clk_out1_clk_wiz_audio_1 rise edge)
                                                      0.000     0.000 r  <hidden>
    H16                                               0.000     0.000 r  sysclk
                         net (fo=0)                   0.000     0.000    u_mmcm/inst/clk_in1
    H16                  IBUF (Prop_ibuf_I_O)         1.380     1.380 r  u_mmcm/inst/clkin1_ibufg/O
                         net (fo=1, routed)           1.162     2.542    u_mmcm/inst/clk_in1_clk_wiz_audio
    MMCME2_ADV_X1Y2      MMCME2_ADV (Prop_mmcme2_adv_CLKIN1_CLKOUT0)
                                                     -7.814    -5.272 r  u_mmcm/inst/mmcm_adv_inst/CLKOUT0
                         net (fo=1, routed)           2.012    -3.260    u_mmcm/inst/clk_out1_clk_wiz_audio
    BUFGCTRL_X0Y16       BUFG (Prop_bufg_I_O)         0.091    -3.169 r  u_mmcm/inst/clkout1_buf/O
                         net (fo=332, routed)         1.682    -1.487    u_rx_jb/clk_out1
    SLICE_X112Y87        FDCE                                         r  u_rx_jb/sdata_r_reg/C





Min Delay Paths
--------------------------------------------------------------------------------------
Slack:                    inf
  Source:                 jb_ad_sdout
                            (input port)
  Destination:            u_rx_jb/sdata_r_reg/D
                            (rising edge-triggered cell FDCE clocked by clk_out1_clk_wiz_audio_1  {rise@0.000ns fall@40.690ns period=81.380ns})
  Path Group:             (none)
  Path Type:              Hold (Min at Fast Process Corner)
  Data Path Delay:        0.715ns  (logic 0.299ns (41.800%)  route 0.416ns (58.200%))
  Logic Levels:           1  (IBUF=1)
  Clock Path Skew:        -0.836ns (DCD - SCD - CPR)
    Destination Clock Delay (DCD):    -0.836ns
    Source Clock Delay      (SCD):    0.000ns
    Clock Pessimism Removal (CPR):    -0.000ns

    Location             Delay type                Incr(ns)  Path(ns)    Netlist Resource(s)
  -------------------------------------------------------------------    -------------------
    W13                                               0.000     0.000 r  jb_ad_sdout
                         net (fo=0)                   0.000     0.000    jb_ad_sdout
    W13                  IBUF (Prop_ibuf_I_O)         0.299     0.299 r  jb_ad_sdout_IBUF_inst/O
                         net (fo=1, routed)           0.416     0.715    u_rx_jb/jb_ad_sdout_IBUF
    SLICE_X112Y87        FDCE                                         r  u_rx_jb/sdata_r_reg/D
  -------------------------------------------------------------------    -------------------

                         (clock clk_out1_clk_wiz_audio_1 rise edge)
                                                      0.000     0.000 r  <hidden>
    H16                                               0.000     0.000 r  sysclk
                         net (fo=0)                   0.000     0.000    u_mmcm/inst/clk_in1
    H16                  IBUF (Prop_ibuf_I_O)         0.406     0.406 r  u_mmcm/inst/clkin1_ibufg/O
                         net (fo=1, routed)           0.480     0.886    u_mmcm/inst/clk_in1_clk_wiz_audio
    MMCME2_ADV_X1Y2      MMCME2_ADV (Prop_mmcme2_adv_CLKIN1_CLKOUT0)
                                                     -3.407    -2.521 r  u_mmcm/inst/mmcm_adv_inst/CLKOUT0
                         net (fo=1, routed)           0.752    -1.769    u_mmcm/inst/clk_out1_clk_wiz_audio
    BUFGCTRL_X0Y16       BUFG (Prop_bufg_I_O)         0.029    -1.740 r  u_mmcm/inst/clkout1_buf/O
                         net (fo=332, routed)         0.904    -0.836    u_rx_jb/clk_out1
    SLICE_X112Y87        FDCE                                         r  u_rx_jb/sdata_r_reg/C

Slack:                    inf
  Source:                 ja_ad_sdout
                            (input port)
  Destination:            u_rx_ja/sdata_r_reg/D
                            (rising edge-triggered cell FDCE clocked by clk_out1_clk_wiz_audio_1  {rise@0.000ns fall@40.690ns period=81.380ns})
  Path Group:             (none)
  Path Type:              Hold (Min at Fast Process Corner)
  Data Path Delay:        0.906ns  (logic 0.255ns (28.090%)  route 0.652ns (71.910%))
  Logic Levels:           1  (IBUF=1)
  Clock Path Skew:        -0.837ns (DCD - SCD - CPR)
    Destination Clock Delay (DCD):    -0.837ns
    Source Clock Delay      (SCD):    0.000ns
    Clock Pessimism Removal (CPR):    -0.000ns

    Location             Delay type                Incr(ns)  Path(ns)    Netlist Resource(s)
  -------------------------------------------------------------------    -------------------
    W19                                               0.000     0.000 r  ja_ad_sdout
                         net (fo=0)                   0.000     0.000    ja_ad_sdout
    W19                  IBUF (Prop_ibuf_I_O)         0.255     0.255 r  ja_ad_sdout_IBUF_inst/O
                         net (fo=1, routed)           0.652     0.906    u_rx_ja/ja_ad_sdout_IBUF
    SLICE_X112Y86        FDCE                                         r  u_rx_ja/sdata_r_reg/D
  -------------------------------------------------------------------    -------------------

                         (clock clk_out1_clk_wiz_audio_1 rise edge)
                                                      0.000     0.000 r  <hidden>
    H16                                               0.000     0.000 r  sysclk
                         net (fo=0)                   0.000     0.000    u_mmcm/inst/clk_in1
    H16                  IBUF (Prop_ibuf_I_O)         0.406     0.406 r  u_mmcm/inst/clkin1_ibufg/O
                         net (fo=1, routed)           0.480     0.886    u_mmcm/inst/clk_in1_clk_wiz_audio
    MMCME2_ADV_X1Y2      MMCME2_ADV (Prop_mmcme2_adv_CLKIN1_CLKOUT0)
                                                     -3.407    -2.521 r  u_mmcm/inst/mmcm_adv_inst/CLKOUT0
                         net (fo=1, routed)           0.752    -1.769    u_mmcm/inst/clk_out1_clk_wiz_audio
    BUFGCTRL_X0Y16       BUFG (Prop_bufg_I_O)         0.029    -1.740 r  u_mmcm/inst/clkout1_buf/O
                         net (fo=332, routed)         0.903    -0.837    u_rx_ja/clk_out1
    SLICE_X112Y86        FDCE                                         r  u_rx_ja/sdata_r_reg/C





